{
  "LaneB": [
    {
      "fold": 4,
      "ridge_only": {
        "alpha": 1.3904166899134762,
        "maxdd": -2.7513248185799144,
        "sharpe": -0.08087534932897267,
        "turnover": 187.0,
        "flat": 0.5325525318635894,
        "pnl": "[-0.00609067  0.00589029  0.00679982 ...  0.00262998 -0.0021799\n -0.00112668]"
      }
    },
    {
      "fold": 5,
      "ridge_only": {
        "alpha": -396.9940711110848,
        "maxdd": -1.5944382177580012,
        "sharpe": -0.39911571959219216,
        "turnover": 94.5,
        "flat": 0.8819121153627796,
        "pnl": "[-0.00167668  0.00261104  0.00254818 ... -0.00033942  0.00461139\n -0.00103883]"
      }
    },
    {
      "fold": 6,
      "vq70_thr0.0": {
        "alpha": -0.10923840154586362,
        "maxdd": 0.06383140958976519,
        "sharpe": -0.006710417332981056,
        "turnover": 0.5,
        "flat": 0.9998867881806861,
        "pnl": "[-0.00158883  0.00261468 -0.00141902 ... -0.0085035   0.00865195\n  0.00346418]"
      },
      "vq70_thr1e-05": {
        "alpha": -0.10923840154586362,
        "maxdd": 0.06383140958976519,
        "sharpe": -0.006710417332981056,
        "turnover": 0.5,
        "flat": 0.9998867881806861,
        "pnl": "[-0.00158883  0.00261468 -0.00141902 ... -0.0085035   0.00865195\n  0.00346418]"
      },
      "vq70_thr0.0001": {
        "alpha": -0.10923840154586362,
        "maxdd": 0.06383140958976519,
        "sharpe": -0.006710417332981056,
        "turnover": 0.5,
        "flat": 0.9998867881806861,
        "pnl": "[-0.00158883  0.00261468 -0.00141902 ... -0.0085035   0.00865195\n  0.00346418]"
      },
      "vq80_thr0.0": {
        "alpha": -0.31233096341650723,
        "maxdd": 0.18306170442122793,
        "sharpe": -0.019366780387299443,
        "turnover": 1.0,
        "flat": 0.9996603645420582,
        "pnl": "[-0.00158883  0.00261468 -0.00141902 ... -0.0085035   0.00865195\n  0.00346418]"
      },
      "vq80_thr1e-05": {
        "alpha": -0.31233096341650723,
        "maxdd": 0.18306170442122793,
        "sharpe": -0.019366780387299443,
        "turnover": 1.0,
        "flat": 0.9996603645420582,
        "pnl": "[-0.00158883  0.00261468 -0.00141902 ... -0.0085035   0.00865195\n  0.00346418]"
      },
      "vq80_thr0.0001": {
        "alpha": -0.31233096341650723,
        "maxdd": 0.18306170442122793,
        "sharpe": -0.019366780387299443,
        "turnover": 1.0,
        "flat": 0.9996603645420582,
        "pnl": "[-0.00158883  0.00261468 -0.00141902 ... -0.0085035   0.00865195\n  0.00346418]"
      },
      "vq90_thr0.0": {
        "alpha": 0.07819769714090263,
        "maxdd": -0.045565826172244694,
        "sharpe": 0.0037575497388075974,
        "turnover": 1.0,
        "flat": 0.9994339409034303,
        "pnl": "[-0.00158883  0.00261468 -0.00141902 ... -0.0085035   0.00865195\n  0.00346418]"
      },
      "vq90_thr1e-05": {
        "alpha": 0.07819769714090263,
        "maxdd": -0.045565826172244694,
        "sharpe": 0.0037575497388075974,
        "turnover": 1.0,
        "flat": 0.9994339409034303,
        "pnl": "[-0.00158883  0.00261468 -0.00141902 ... -0.0085035   0.00865195\n  0.00346418]"
      },
      "vq90_thr0.0001": {
        "alpha": 0.07819769714090263,
        "maxdd": -0.045565826172244694,
        "sharpe": 0.0037575497388075974,
        "turnover": 1.0,
        "flat": 0.9994339409034303,
        "pnl": "[-0.00158883  0.00261468 -0.00141902 ... -0.0085035   0.00865195\n  0.00346418]"
      },
      "vq100_thr0.0": {
        "alpha": -0.0323983085409596,
        "maxdd": 0.018909626895069476,
        "sharpe": -0.003938903774086455,
        "turnover": 0.5,
        "flat": 0.9978489754330352,
        "pnl": "[-0.00158883  0.00261468 -0.00141902 ... -0.0085035   0.00865195\n  0.00346418]"
      },
      "vq100_thr1e-05": {
        "alpha": -0.0323983085409596,
        "maxdd": 0.018909626895069476,
        "sharpe": -0.003938903774086455,
        "turnover": 0.5,
        "flat": 0.9978489754330352,
        "pnl": "[-0.00158883  0.00261468 -0.00141902 ... -0.0085035   0.00865195\n  0.00346418]"
      },
      "vq100_thr0.0001": {
        "alpha": -0.0323983085409596,
        "maxdd": 0.018909626895069476,
        "sharpe": -0.003938903774086455,
        "turnover": 0.5,
        "flat": 0.9978489754330352,
        "pnl": "[-0.00158883  0.00261468 -0.00141902 ... -0.0085035   0.00865195\n  0.00346418]"
      },
      "ridge_only": {
        "alpha": -0.0323983085409596,
        "maxdd": 0.018909626895069476,
        "sharpe": -0.003938903774086455,
        "turnover": 0.5,
        "flat": 0.9978489754330352,
        "pnl": "[-0.00158883  0.00261468 -0.00141902 ... -0.0085035   0.00865195\n  0.00346418]"
      }
    }
  ],
  "LaneC": [
    {
      "fold": 4,
      "WM_pre": 5119,
      "WM_post_thr": 2,
      "WM_post_danger": 0,
      "WM_final": 0,
      "WM_thr": 0.0010765314695239075,
      "R_pre": 6189,
      "R_post_thr": 4071,
      "R_final": 4071,
      "R_thr": 0.0007675936387882797
    },
    {
      "fold": 5,
      "WM_pre": 2378,
      "WM_post_thr": 3,
      "WM_post_danger": 0,
      "WM_final": 0,
      "WM_thr": 0.0010364428800344477,
      "R_pre": 1255,
      "R_post_thr": 1052,
      "R_final": 1040,
      "R_thr": 8.861692290386191e-05
    },
    {
      "fold": 6,
      "WM_pre": 3134,
      "WM_post_thr": 0,
      "WM_post_danger": 0,
      "WM_final": 0,
      "WM_thr": 0.0011617038172483454,
      "R_pre": 2247,
      "R_post_thr": 19,
      "R_final": 19,
      "R_thr": 0.0031971059645064717
    }
  ],
  "LaneF": []
}