{
  "results": [
    {
      "fold": 4,
      "alpha_excess_pt": 0.0,
      "sharpe_delta": 0.0,
      "maxdd_delta_pt": 0.0,
      "turnover": 0.0,
      "flat_rate": 1.0,
      "long_rate": 0.0,
      "active_events": 0,
      "pullback_blocked": 45,
      "danger_blocked": 2078,
      "threshold": 0.11309814695239077,
      "cooldown": 0,
      "pnl": "[-0.00609067  0.00589029  0.00679982 ...  0.00262998 -0.0021799\n -0.00112668]"
    },
    {
      "fold": 5,
      "alpha_excess_pt": 8.431398502559873,
      "sharpe_delta": 0.008274019889843665,
      "maxdd_delta_pt": -0.12112654438240777,
      "turnover": 0.20000000000000018,
      "flat_rate": 0.9998864539570796,
      "long_rate": 0.00011354604292040422,
      "active_events": 1,
      "pullback_blocked": 201,
      "danger_blocked": 635,
      "threshold": 0.10249705854773532,
      "cooldown": 0,
      "pnl": "[-0.00167668  0.00261104  0.00254818 ... -0.00033942  0.00461139\n -0.00103883]"
    },
    {
      "fold": 6,
      "alpha_excess_pt": 0.0,
      "sharpe_delta": 0.0,
      "maxdd_delta_pt": 0.0,
      "turnover": 0.0,
      "flat_rate": 1.0,
      "long_rate": 0.0,
      "active_events": 0,
      "pullback_blocked": 154,
      "danger_blocked": 66,
      "threshold": 0.12161538172483452,
      "cooldown": 0,
      "pnl": "[-0.00158883  0.00261468 -0.00141902 ... -0.0085035   0.00865195\n  0.00346418]"
    }
  ],
  "aggregate": {
    "folds": 3,
    "alpha_mean": 2.8104661675199574,
    "alpha_worst": 0.0,
    "alpha_median": 0.0,
    "maxdd_mean": -0.040375514794135925,
    "maxdd_worst": 0.0,
    "sharpe_mean": 0.002758006629947888,
    "turnover_max": 0.20000000000000018,
    "pbo": 0.3333333333333333
  }
}