{
  "fold": 5,
  "runs": {
    "A_s7wmbc_s7ac": {
      "label": "A_s7wmbc_s7ac",
      "mode": "ac",
      "alpha_excess_pt": 37.59098731310857,
      "sharpe_delta": 0.022212282291861563,
      "maxdd_delta_pt": -0.25687540452270785,
      "period_win": 0.5,
      "turnover": 1.7658131122589111,
      "long": 0.022255024412399228,
      "short": 0.0,
      "flat": 0.9777449755876008,
      "fire_rate": 0.05450210060179403,
      "fire_count": 480,
      "mean_delta": 0.06054749314983686,
      "positive_delta_rate": 0.99375,
      "fire_pnl": 0.07320229213451546,
      "nonfire_pnl": 0.5848795654166179,
      "long_state_rate": 0.1371636198478483,
      "fire_run_count": 7,
      "fire_run_mean": 68.57142857142857,
      "fire_run_max": 215,
      "m2_pass": false,
      "stretch_hit": true,
      "fwd_ret_4": 0.0006741158779926092,
      "fwd_ret_8": 0.0013515299924950273,
      "fwd_ret_16": 0.0023125436187980686,
      "fwd_ret_32": 0.003849969001943316,
      "fwd_incr_pnl_4": 9.385730982294438e-05,
      "fwd_incr_pnl_8": 0.00019971186438333041,
      "fwd_incr_pnl_16": 0.0003176135408785873,
      "fwd_incr_pnl_32": 0.00031268212593094254,
      "pred_adv_mean": 0.05753562639274605,
      "pred_adv_p75": 0.2774767503142357
    },
    "B_s7wmbc_s11ac": {
      "label": "B_s7wmbc_s11ac",
      "mode": "ac",
      "alpha_excess_pt": 23.864321580845527,
      "sharpe_delta": -0.00895092996974256,
      "maxdd_delta_pt": -0.357030182132681,
      "period_win": 0.5,
      "turnover": 2.2217578887939453,
      "long": 0.022255024412399228,
      "short": 0.0,
      "flat": 0.9777449755876008,
      "fire_rate": 0.02554785965709095,
      "fire_count": 225,
      "mean_delta": 0.1187050437927246,
      "positive_delta_rate": 0.92,
      "fire_pnl": 0.040531795119330416,
      "nonfire_pnl": 0.6150213032032026,
      "long_state_rate": 0.11456795730668787,
      "fire_run_count": 7,
      "fire_run_mean": 32.142857142857146,
      "fire_run_max": 132,
      "m2_pass": false,
      "stretch_hit": true,
      "fwd_ret_4": 0.0005506920584168222,
      "fwd_ret_8": 0.0010472922124856172,
      "fwd_ret_16": 0.0015694440400433921,
      "fwd_ret_32": 0.003045195596441052,
      "fwd_incr_pnl_4": 9.698943813038773e-05,
      "fwd_incr_pnl_8": 0.00015476788042267196,
      "fwd_incr_pnl_16": 0.0002393229712855252,
      "fwd_incr_pnl_32": 0.0005173255774128006,
      "pred_adv_mean": 0.21255703018460836,
      "pred_adv_p75": 0.5202961564064026
    },
    "C_s11wmbc_noac": {
      "label": "C_s11wmbc_noac",
      "mode": "bc",
      "alpha_excess_pt": 23.199072740200677,
      "sharpe_delta": 0.014494036779387542,
      "maxdd_delta_pt": -0.3000821279242283,
      "period_win": 0.75,
      "turnover": 0.946648359298706,
      "long": 0.01396616327920972,
      "short": 0.0,
      "flat": 0.9860338367207903,
      "fire_rate": 0.025888497785852164,
      "fire_count": 228,
      "mean_delta": 0.0738571730622074,
      "positive_delta_rate": 0.9824561403508771,
      "fire_pnl": 0.05955597064676185,
      "nonfire_pnl": 0.595873925167882,
      "long_state_rate": 0.06460769842171,
      "fire_run_count": 7,
      "fire_run_mean": 32.57142857142857,
      "fire_run_max": 128,
      "m2_pass": false,
      "stretch_hit": true,
      "fwd_ret_4": 0.0005556143679051719,
      "fwd_ret_8": 0.0004476694740501387,
      "fwd_ret_16": 0.0006209723863810206,
      "fwd_ret_32": 0.0021152294422515927,
      "fwd_incr_pnl_4": 8.488470441171225e-05,
      "fwd_incr_pnl_8": 0.00012847882250421514,
      "fwd_incr_pnl_16": 8.871394255757644e-05,
      "fwd_incr_pnl_32": 0.00010392887921773002,
      "pred_adv_mean": 0.1431300658462038,
      "pred_adv_p75": 0.26410019397735596
    },
    "D_s11wmbc_s7ac": {
      "label": "D_s11wmbc_s7ac",
      "mode": "ac",
      "alpha_excess_pt": -7.1866963116447025,
      "sharpe_delta": -0.011532557256062947,
      "maxdd_delta_pt": 0.1018059828073653,
      "period_win": 0.0,
      "turnover": 0.42654943466186523,
      "long": 0.006245032360622232,
      "short": 0.0,
      "flat": 0.9937549676393778,
      "fire_rate": 0.012490064721244464,
      "fire_count": 110,
      "mean_delta": 0.07122564099051736,
      "positive_delta_rate": 0.990909090909091,
      "fire_pnl": 0.011708297139423483,
      "nonfire_pnl": 0.638028862236391,
      "long_state_rate": 0.04712160781196775,
      "fire_run_count": 3,
      "fire_run_mean": 36.666666666666664,
      "fire_run_max": 108,
      "m2_pass": false,
      "stretch_hit": false,
      "fwd_ret_4": 0.0005839639683012284,
      "fwd_ret_8": 0.0011601180820517863,
      "fwd_ret_16": 0.0016716041744223222,
      "fwd_ret_32": 0.0023172563051916174,
      "fwd_incr_pnl_4": -2.013133932516522e-05,
      "fwd_incr_pnl_8": 1.2324169118597267e-05,
      "fwd_incr_pnl_16": 1.581697734576671e-05,
      "fwd_incr_pnl_32": 3.6651370741044694e-05,
      "pred_adv_mean": 0.19745180107102814,
      "pred_adv_p75": 0.3714203014969826
    },
    "E_s11wmbc_s11ac": {
      "label": "E_s11wmbc_s11ac",
      "mode": "ac",
      "alpha_excess_pt": 22.132611152670556,
      "sharpe_delta": 0.01625112498390946,
      "maxdd_delta_pt": 0.03525176024314902,
      "period_win": 0.25,
      "turnover": 0.7859147787094116,
      "long": 0.010900420120358805,
      "short": 0.0,
      "flat": 0.9890995798796411,
      "fire_rate": 0.022709208584080844,
      "fire_count": 200,
      "mean_delta": 0.06599775791168212,
      "positive_delta_rate": 0.995,
      "fire_pnl": 0.06196974185525162,
      "nonfire_pnl": 0.5932625217076456,
      "long_state_rate": 0.05893039627568979,
      "fire_run_count": 3,
      "fire_run_mean": 66.66666666666667,
      "fire_run_max": 104,
      "m2_pass": false,
      "stretch_hit": true,
      "fwd_ret_4": 0.0010046646507561872,
      "fwd_ret_8": 0.0016730027773066611,
      "fwd_ret_16": 0.0029719378617123165,
      "fwd_ret_32": 0.005648853135164968,
      "fwd_incr_pnl_4": 7.469448116743291e-05,
      "fwd_incr_pnl_8": 0.00011160096915984762,
      "fwd_incr_pnl_16": 0.00014795951866321307,
      "fwd_incr_pnl_32": 0.00028400309489792384,
      "pred_adv_mean": 0.09353910604240809,
      "pred_adv_p75": 0.2522799000144005
    },
    "G_guarded_s11": {
      "label": "G_guarded_s11",
      "mode": "ac",
      "alpha_excess_pt": -9.512420524168697,
      "sharpe_delta": -0.03557171284418281,
      "maxdd_delta_pt": 0.13361531175313246,
      "period_win": 0.0,
      "turnover": 0.8949482440948486,
      "long": 0.014874531622572953,
      "short": 0.0,
      "flat": 0.9851254683774271,
      "fire_rate": 0.023958215056205292,
      "fire_count": 211,
      "mean_delta": 0.08597038820456554,
      "positive_delta_rate": 0.995260663507109,
      "fire_pnl": -0.014856738459051253,
      "nonfire_pnl": 0.6641528175776248,
      "long_state_rate": 0.11956398319518564,
      "fire_run_count": 2,
      "fire_run_mean": 105.5,
      "fire_run_max": 210,
      "m2_pass": false,
      "stretch_hit": false,
      "fwd_ret_4": -5.0909337069978215e-05,
      "fwd_ret_8": -0.00037321391620644085,
      "fwd_ret_16": -0.0007686903282541103,
      "fwd_ret_32": -0.0009034780861807336,
      "fwd_incr_pnl_4": 4.436570226128558e-05,
      "fwd_incr_pnl_8": 8.168182762253418e-05,
      "fwd_incr_pnl_16": 9.889992053938612e-05,
      "fwd_incr_pnl_32": 1.7182297592061856e-06,
      "pred_adv_mean": 0.19271848098842773,
      "pred_adv_p75": 0.4071626663208008
    }
  },
  "overlaps": {
    "A_s7wmbc_s7ac__B_s7wmbc_s11ac": {
      "intersection": 133,
      "union": 572,
      "jaccard": 0.23251748251748253,
      "left_only": 347,
      "right_only": 92
    },
    "A_s7wmbc_s7ac__C_s11wmbc_noac": {
      "intersection": 128,
      "union": 580,
      "jaccard": 0.2206896551724138,
      "left_only": 352,
      "right_only": 100
    },
    "A_s7wmbc_s7ac__D_s11wmbc_s7ac": {
      "intersection": 108,
      "union": 482,
      "jaccard": 0.22406639004149378,
      "left_only": 372,