{
  "config": "configs/trading.yaml",
  "folds": "5",
  "runs": [
    {
      "label": "E",
      "checkpoint_dir": "checkpoints/acplan10_fire_selector_s011_on_wmbc_s011",
      "use_ac": true,
      "ac_filename": "ac.pt"
    }
  ],
  "probe": {
    "horizons": [
      16,
      32
    ],
    "fire_eps": 1e-06,
    "harm_margin": 0.00025,
    "drawdown_worsen_margin": 0.003,
    "trough_rebound_margin": 0.0,
    "train_frac": 0.6,
    "ridge_l2": 0.01,
    "max_z_dim": 128
  },
  "records": [
    {
      "label": "E",
      "mode": "ac",
      "checkpoint_dir": "checkpoints/acplan10_fire_selector_s011_on_wmbc_s011",
      "fold": 5,
      "summary": {
        "alpha_excess_pt": 62.08737049312081,
        "sharpe_delta": 0.0498731237017922,
        "maxdd_delta_pt": 0.03846139531819004,
        "turnover": 1.1756618022918701,
        "long": 0.018621551038946294,
        "short": 0.0,
        "flat": 0.9813784489610538,
        "fire_rate": 0.032701260361076415,
        "fire_count": 288,
        "mean_delta": 0.07634841899077098,
        "fire_pnl": 0.10592040076921569,
        "nonfire_pnl": 0.5566119769556845
      },
      "horizons": {
        "16": {
          "sample_count": 288,
          "fire_advantage": {
            "samples": 288,
            "train_samples": 172,
            "eval_samples": 116,
            "mean": 0.00041180079613303215,
            "eval_mean": 0.0006974493430594034,
            "corr": -0.07766444016769858,
            "top_decile_mean": 0.0004348957451748429,
            "bottom_decile_mean": 0.0003693438893381763,
            "top_bottom_spread": 6.555185583666663e-05,
            "top_decile_positive_rate": 0.75
          },
          "fire_harm": {
            "samples": 288,
            "train_samples": 172,
            "eval_samples": 116,
            "positive_rate": 0.5729166666666666,
            "eval_positive_rate": 0.47413793103448276,
            "auc": 0.8557377049180328,
            "pr_auc": 0.8167969096310213,
            "top_decile_positive_rate": 0.75,
            "brier": 0.17679267035516769
          },
          "drawdown_worsening": {
            "samples": 288,
            "train_samples": 172,
            "eval_samples": 116,
            "positive_rate": 0.6770833333333334,
            "eval_positive_rate": 0.5775862068965517,
            "auc": 0.5726469692354553,
            "pr_auc": 0.651668681555145,
            "top_decile_positive_rate": 0.6666666666666666,
            "brier": 0.30025739672900753
          },
          "trough_exit": {
            "samples": 288,
            "train_samples": 172,
            "eval_samples": 116,
            "positive_rate": 0.4479166666666667,
            "eval_positive_rate": 0.5431034482758621,
            "auc": 0.5321952680443246,
            "pr_auc": 0.6134818473916179,
            "top_decile_positive_rate": 0.6666666666666666,
            "brier": 0.3165958552283453
          },
          "label_base": {
            "mean_fire_advantage": 0.00041180079613303215,
            "mean_fire_harm_margin": 0.0007428287476352858,
            "mean_future_drawdown": 0.005829650210562502
          }
        },
        "32": {
          "sample_count": 288,
          "fire_advantage": {
            "samples": 288,
            "train_samples": 172,
            "eval_samples": 116,
            "mean": 0.0007081688498200968,
            "eval_mean": 0.0010321405012627403,
            "corr": 0.41557779891272995,
            "top_decile_mean": 0.003229819072061694,
            "bottom_decile_mean": 0.0003004977917866589,
            "top_bottom_spread": 0.002929321280275035,
            "top_decile_positive_rate": 0.9166666666666666
          },
          "fire_harm": {
            "samples": 288,
            "train_samples": 172,
            "eval_samples": 116,
            "positive_rate": 0.5902777777777778,
            "eval_positive_rate": 0.5258620689655172,
            "auc": 0.9177347242921013,
            "pr_auc": 0.9047116635524153,
            "top_decile_positive_rate": 1.0,
            "brier": 0.17707092491876558
          },
          "drawdown_worsening": {
            "samples": 288,
            "train_samples": 172,
            "eval_samples": 116,
            "positive_rate": 0.78125,
            "eval_positive_rate": 0.6379310344827587,
            "auc": 0.6322393822393823,
            "pr_auc": 0.7250324347268681,
            "top_decile_positive_rate": 0.6666666666666666,
            "brier": 0.2812764757320478
          },
          "trough_exit": {
            "samples": 288,
            "train_samples": 172,
            "eval_samples": 116,
            "positive_rate": 0.4756944444444444,
            "eval_positive_rate": 0.6206896551724138,
            "auc": 0.4529671717171717,
            "pr_auc": 0.6252993836510976,
            "top_decile_positive_rate": 0.6666666666666666,
            "brier": 0.3130697205177629
          },
          "label_base": {
            "mean_fire_advantage": 0.0007081688498200968,
            "mean_fire_harm_margin": 0.0008797158742425887,
            "mean_future_drawdown": 0.007352517156818825
          }
        }
      }
    }
  ],
  "gate_readiness": {
    "fire_harm_auc_ge_0_58": true,
    "drawdown_worsening_auc_ge_0_58": false,
    "trough_exit_auc_ge_0_55": false,
    "fire_advantage_top_decile_positive": true
  }
}