{
  "fold": 5,
  "runs": {
    "plan7_old": {
      "label": "plan7_old",
      "mode": "ac",
      "alpha_excess_pt": -19.544412592930982,
      "sharpe_delta": -0.06953785075849872,
      "maxdd_delta_pt": 0.2249237274885657,
      "period_win": 0.5,
      "turnover": 1.948411464691162,
      "long": 0.022255024412399228,
      "short": 0.0,
      "flat": 0.9777449755876008,
      "fire_rate": 0.04019529919382309,
      "fire_count": 354,
      "mean_delta": 0.07800649990469723,
      "positive_delta_rate": 0.9858757062146892,
      "fire_pnl": -0.0036213309084676543,
      "nonfire_pnl": 0.6510058931848499,
      "long_state_rate": 0.050868627228341096,
      "fire_run_count": 10,
      "fire_run_mean": 35.4,
      "fire_run_max": 201,
      "m2_pass": false,
      "stretch_hit": false,
      "fwd_ret_4": 0.0006783490844739392,
      "fwd_ret_8": 0.0013612989129140978,
      "fwd_ret_16": 0.002599605886355558,
      "fwd_ret_32": 0.00548148864827287,
      "fwd_incr_pnl_4": 4.860121227742842e-05,
      "fwd_incr_pnl_8": 0.00015034370456749164,
      "fwd_incr_pnl_16": 0.00029040776293532815,
      "fwd_incr_pnl_32": 0.0004630201672748404,
      "pred_adv_mean": 0.1586443139358534,
      "pred_adv_p75": 0.40742766112089157,
      "danger_fire_rate": 0.596045197740113,
      "pre_dd_danger_rate": 0.08192090395480225,
      "future_mdd_overlap_rate": 0.4858757062146893,
      "global_mdd_overlap_rate": 0.9830508474576272,
      "safe_fire_rate": 0.3022598870056497,
      "safe_fire_pnl": 0.11709994553572896,
      "fire_advantage_mean": 0.00013625222836511562,
      "post_fire_dd_contribution_mean": 0.001206188719141013
    },
    "det_retrain": {
      "label": "det_retrain",
      "mode": "ac",
      "alpha_excess_pt": 3.4457794686709065,
      "sharpe_delta": -0.044800884336344104,
      "maxdd_delta_pt": 0.24457933724811587,
      "period_win": 0.25,
      "turnover": 1.9953577518463135,
      "long": 0.022255024412399228,
      "short": 0.0,
      "flat": 0.9777449755876008,
      "fire_rate": 0.04201203588054956,
      "fire_count": 370,
      "mean_delta": 0.07577615493052714,
      "positive_delta_rate": 1.0,
      "fire_pnl": -0.005080736167573124,
      "nonfire_pnl": 0.6568245747879768,
      "long_state_rate": 0.04201203588054956,
      "fire_run_count": 4,
      "fire_run_mean": 92.5,
      "fire_run_max": 161,
      "m2_pass": false,
      "stretch_hit": false,
      "fwd_ret_4": 0.00021007365949598405,
      "fwd_ret_8": 0.0009355174542978232,
      "fwd_ret_16": 0.0018403509773764193,
      "fwd_ret_32": 0.0030169143746647696,
      "fwd_incr_pnl_4": 8.963896492690164e-05,
      "fwd_incr_pnl_8": 0.00022259889160392292,
      "fwd_incr_pnl_16": 0.00040150884885183476,
      "fwd_incr_pnl_32": 0.00048291000588260655,
      "pred_adv_mean": 0.1773697881795768,
      "pred_adv_p75": 0.43700315803289413,
      "danger_fire_rate": 0.6054054054054054,
      "pre_dd_danger_rate": 0.07567567567567568,
      "future_mdd_overlap_rate": 0.46216216216216216,
      "global_mdd_overlap_rate": 0.9243243243243243,
      "safe_fire_rate": 0.3324324324324324,
      "safe_fire_pnl": 0.08649643256157993,
      "fire_advantage_mean": 0.0002909869169111276,
      "post_fire_dd_contribution_mean": 0.001115090858805339
    }
  },
  "overlaps": {
    "plan7_old__det_retrain": {
      "intersection": 289,
      "union": 435,
      "jaccard": 0.664367816091954,
      "left_only": 65,
      "right_only": 81
    }
  }
}