{
  "fold": 5,
  "runs": {
    "bc": {
      "label": "bc",
      "mode": "bc",
      "alpha_excess_pt": 37.6164274252055,
      "sharpe_delta": 0.022224713443221855,
      "maxdd_delta_pt": -0.25705863138781593,
      "period_win": 0.5,
      "turnover": 1.766737461090088,
      "long": 0.022255024412399228,
      "short": 0.0,
      "flat": 0.9777449755876008,
      "fire_rate": 0.05450210060179403,
      "fire_count": 480,
      "mean_delta": 0.060594662775595984,
      "positive_delta_rate": 0.99375,
      "fire_pnl": 0.07320700460275265,
      "nonfire_pnl": 0.5848795160460907,
      "long_state_rate": 0.1371636198478483,
      "fire_run_count": 7,
      "fire_run_mean": 68.57142857142857,
      "fire_run_max": 215,
      "m2_pass": false,
      "stretch_hit": true,
      "fwd_ret_4": 0.0006741158779926092,
      "fwd_ret_8": 0.0013515299924950273,
      "fwd_ret_16": 0.0023125436187980686,
      "fwd_ret_32": 0.003849969001943316,
      "fwd_incr_pnl_4": 9.391861334516312e-05,
      "fwd_incr_pnl_8": 0.00019984817733768965,
      "fwd_incr_pnl_16": 0.00031783772522245936,
      "fwd_incr_pnl_32": 0.00031291726156507533,
      "pred_adv_mean": 0.05753562639274605,
      "pred_adv_p75": 0.2774767503142357,
      "danger_fire_rate": 0.61875,
      "pre_dd_danger_rate": 0.03333333333333333,
      "future_mdd_overlap_rate": 0.5708333333333333,
      "global_mdd_overlap_rate": 0.85,
      "safe_fire_rate": 0.32708333333333334,
      "safe_fire_pnl": 0.0863918731383079,
      "fire_advantage_mean": 0.0003441947954186511,
      "post_fire_dd_contribution_mean": 0.0007680903475714845
    },
    "ac": {
      "label": "ac",
      "mode": "ac",
      "alpha_excess_pt": 23.90435223003724,
      "sharpe_delta": -0.008958135333387851,
      "maxdd_delta_pt": -0.35760456548282193,
      "period_win": 0.5,
      "turnover": 2.2242252826690674,
      "long": 0.022255024412399228,
      "short": 0.0,
      "flat": 0.9777449755876008,
      "fire_rate": 0.02554785965709095,
      "fire_count": 225,
      "mean_delta": 0.11887506590949165,
      "positive_delta_rate": 0.92,
      "fire_pnl": 0.04053939029140537,
      "nonfire_pnl": 0.6150211196864618,
      "long_state_rate": 0.11456795730668787,
      "fire_run_count": 7,
      "fire_run_mean": 32.142857142857146,
      "fire_run_max": 132,
      "m2_pass": false,
      "stretch_hit": true,
      "fwd_ret_4": 0.0005506920584168222,
      "fwd_ret_8": 0.0010472922124856172,
      "fwd_ret_16": 0.0015694440400433921,
      "fwd_ret_32": 0.003045195596441052,
      "fwd_incr_pnl_4": 9.712910507911979e-05,
      "fwd_incr_pnl_8": 0.0001549812232654505,
      "fwd_incr_pnl_16": 0.00023962482003597114,
      "fwd_incr_pnl_32": 0.0005179460264242979,
      "pred_adv_mean": 0.21255703018460836,
      "pred_adv_p75": 0.5202961564064026,
      "danger_fire_rate": 0.6222222222222222,
      "pre_dd_danger_rate": 0.09777777777777778,
      "future_mdd_overlap_rate": 0.52,
      "global_mdd_overlap_rate": 0.7733333333333333,
      "safe_fire_rate": 0.25333333333333335,
      "safe_fire_pnl": 0.07015769714083644,
      "fire_advantage_mean": 5.4076195193316895e-05,
      "post_fire_dd_contribution_mean": 0.0020579904764688878
    }
  },
  "overlaps": {
    "bc__ac": {
      "intersection": 133,
      "union": 572,
      "jaccard": 0.23251748251748253,
      "left_only": 347,
      "right_only": 92
    }
  }
}