{
  "fold": 4,
  "runs": {
    "plan7_old": {
      "label": "plan7_old",
      "mode": "ac",
      "alpha_excess_pt": 0.44549083524310085,
      "sharpe_delta": 0.08009786781087991,
      "maxdd_delta_pt": -0.6669739070902958,
      "period_win": 0.6666666666666666,
      "turnover": 1.7248969078063965,
      "long": 0.011367550809507406,
      "short": 0.0,
      "flat": 0.9886324491904926,
      "fire_rate": 0.014812263176024801,
      "fire_count": 129,
      "mean_delta": 0.1100059572116349,
      "positive_delta_rate": 0.7674418604651163,
      "fire_pnl": 0.06968527960772622,
      "nonfire_pnl": -0.7060428575692951,
      "long_state_rate": 0.4192214950051671,
      "fire_run_count": 1,
      "fire_run_mean": 129.0,
      "fire_run_max": 129,
      "m2_pass": false,
      "stretch_hit": false,
      "fwd_ret_4": 0.001915847857706426,
      "fwd_ret_8": 0.0029628504461190774,
      "fwd_ret_16": 0.0019239620337013548,
      "fwd_ret_32": -0.00742693522946791,
      "fwd_incr_pnl_4": 0.0004036775842239855,
      "fwd_incr_pnl_8": 0.0006314580990291205,
      "fwd_incr_pnl_16": 0.0008829260903820411,
      "fwd_incr_pnl_32": 0.00116419595824969,
      "pred_adv_mean": 0.6076753939422526,
      "pred_adv_p75": 0.7827125191688538,
      "danger_fire_rate": 0.6124031007751938,
      "pre_dd_danger_rate": 0.11627906976744186,
      "future_mdd_overlap_rate": 0.49612403100775193,
      "global_mdd_overlap_rate": 1.0,
      "safe_fire_rate": 0.24806201550387597,
      "safe_fire_pnl": 0.06256955080101327,
      "fire_advantage_mean": 0.001903411057561114,
      "post_fire_dd_contribution_mean": 0.004122047692079015
    },
    "det_retrain": {
      "label": "det_retrain",
      "mode": "ac",
      "alpha_excess_pt": 0.3648625495404789,
      "sharpe_delta": 0.05873467377164854,
      "maxdd_delta_pt": -0.5721208483995044,
      "period_win": 0.3333333333333333,
      "turnover": 0.7952425479888916,
      "long": 0.011367550809507406,
      "short": 0.0,
      "flat": 0.9886324491904926,
      "fire_rate": 0.013549201974968424,
      "fire_count": 118,
      "mean_delta": 0.10849200668981519,
      "positive_delta_rate": 0.9830508474576272,
      "fire_pnl": 0.02772611889754797,
      "nonfire_pnl": -0.6666904930871285,
      "long_state_rate": 0.022735101619014812,
      "fire_run_count": 4,
      "fire_run_mean": 29.5,
      "fire_run_max": 101,
      "m2_pass": false,
      "stretch_hit": false,
      "fwd_ret_4": 0.00013520090966872393,
      "fwd_ret_8": -0.0012649328599224944,
      "fwd_ret_16": -0.0036450800990338174,
      "fwd_ret_32": 0.002707609363246091,
      "fwd_incr_pnl_4": 0.0004327683170316232,
      "fwd_incr_pnl_8": 0.0006837276184866051,
      "fwd_incr_pnl_16": 0.0010411665372631249,
      "fwd_incr_pnl_32": 0.0013868231869644738,
      "pred_adv_mean": 0.5473941380978894,
      "pred_adv_p75": 0.7808659970760345,
      "danger_fire_rate": 0.7033898305084746,
      "pre_dd_danger_rate": 0.025423728813559324,
      "future_mdd_overlap_rate": 0.6779661016949152,
      "global_mdd_overlap_rate": 1.0,
      "safe_fire_rate": 0.2711864406779661,
      "safe_fire_pnl": 0.062046161065315616,
      "fire_advantage_mean": 0.001734081921299844,
      "post_fire_dd_contribution_mean": 0.004052155507057387
    }
  },
  "overlaps": {
    "plan7_old__det_retrain": {
      "intersection": 101,
      "union": 146,
      "jaccard": 0.6917808219178082,
      "left_only": 28,
      "right_only": 17
    }
  }
}