{
  "fold": 5,
  "runs": {
    "plan17a": {
      "label": "plan17a",
      "mode": "ac",
      "alpha_excess_pt": 3.4457794686709065,
      "sharpe_delta": -0.044800884336344104,
      "maxdd_delta_pt": 0.24457933724811587,
      "period_win": 0.25,
      "turnover": 1.9953577518463135,
      "long": 0.022255024412399228,
      "short": 0.0,
      "flat": 0.9777449755876008,
      "fire_rate": 0.04201203588054956,
      "fire_count": 370,
      "mean_delta": 0.07577615493052714,
      "positive_delta_rate": 1.0,
      "fire_pnl": -0.005080736167573124,
      "nonfire_pnl": 0.6568245747879768,
      "long_state_rate": 0.04201203588054956,
      "fire_run_count": 4,
      "fire_run_mean": 92.5,
      "fire_run_max": 161,
      "m2_pass": false,
      "stretch_hit": false,
      "fwd_ret_4": 0.00021007365949598405,
      "fwd_ret_8": 0.0009355174542978232,
      "fwd_ret_16": 0.0018403509773764193,
      "fwd_ret_32": 0.0030169143746647696,
      "fwd_incr_pnl_4": 8.963896492690164e-05,
      "fwd_incr_pnl_8": 0.00022259889160392292,
      "fwd_incr_pnl_16": 0.00040150884885183476,
      "fwd_incr_pnl_32": 0.00048291000588260655,
      "pred_adv_mean": 0.1773697881795768,
      "pred_adv_p75": 0.43700315803289413,
      "danger_fire_rate": 0.6054054054054054,
      "pre_dd_danger_rate": 0.07567567567567568,
      "future_mdd_overlap_rate": 0.46216216216216216,
      "global_mdd_overlap_rate": 0.9243243243243243,
      "safe_fire_rate": 0.3324324324324324,
      "safe_fire_pnl": 0.08649643256157993,
      "fire_advantage_mean": 0.0002909869169111276,
      "post_fire_dd_contribution_mean": 0.001115090858805339
    },
    "plan17b": {
      "label": "plan17b",
      "mode": "ac",
      "alpha_excess_pt": 3.4457794686709065,
      "sharpe_delta": -0.044800884336344104,
      "maxdd_delta_pt": 0.24457933724811587,
      "period_win": 0.25,
      "turnover": 1.9953577518463135,
      "long": 0.022255024412399228,
      "short": 0.0,
      "flat": 0.9777449755876008,
      "fire_rate": 0.04201203588054956,
      "fire_count": 370,
      "mean_delta": 0.07577615493052714,
      "positive_delta_rate": 1.0,
      "fire_pnl": -0.005080736167573124,
      "nonfire_pnl": 0.6568245747879768,
      "long_state_rate": 0.04201203588054956,
      "fire_run_count": 4,
      "fire_run_mean": 92.5,
      "fire_run_max": 161,
      "m2_pass": false,
      "stretch_hit": false,
      "fwd_ret_4": 0.00021007365949598405,
      "fwd_ret_8": 0.0009355174542978232,
      "fwd_ret_16": 0.0018403509773764193,
      "fwd_ret_32": 0.0030169143746647696,
      "fwd_incr_pnl_4": 8.963896492690164e-05,
      "fwd_incr_pnl_8": 0.00022259889160392292,
      "fwd_incr_pnl_16": 0.00040150884885183476,
      "fwd_incr_pnl_32": 0.00048291000588260655,
      "pred_adv_mean": 0.1773697881795768,
      "pred_adv_p75": 0.43700315803289413,
      "danger_fire_rate": 0.6054054054054054,
      "pre_dd_danger_rate": 0.07567567567567568,
      "future_mdd_overlap_rate": 0.46216216216216216,
      "global_mdd_overlap_rate": 0.9243243243243243,
      "safe_fire_rate": 0.3324324324324324,
      "safe_fire_pnl": 0.08649643256157993,
      "fire_advantage_mean": 0.0002909869169111276,
      "post_fire_dd_contribution_mean": 0.001115090858805339
    }
  },
  "overlaps": {
    "plan17a__plan17b": {
      "intersection": 370,
      "union": 370,
      "jaccard": 1.0,
      "left_only": 0,
      "right_only": 0
    }
  }
}