{
  "4": {
    "candidate_actions": [
      0.0,
      0.5,
      1.0,
      1.0499999523162842,
      1.100000023841858,
      1.25
    ],
    "baseline": {
      "train": {
        "stats": {
          "long": 0.0,
          "short": 0.17693967673245395,
          "flat": 0.8230603232675461,
          "mean": -0.04644459906127034,
          "switches": 4261,
          "avg_hold": 16.421731987796292,
          "counts": {
            "long": 0,
            "short": 12381,
            "flat": 57592
          },
          "turnover": 213.0487750172615,
          "step_ref": 0.05,
          "mean_abs_delta": 0.003044771837553043
        },
        "metrics": {
          "sharpe": 1.4577723899876556,
          "sortino": 1.6715746657287498,
          "max_drawdown": -0.715680773254607,
          "calmar": 5.108179677801926,
          "total_return": 7.30048833960576,
          "annual_return": 1.8857224008683713,
          "n_trades": 69973,
          "avg_holding": 1.0,
          "benchmark_total_return": 9.29716980853455,
          "benchmark_annual_return": 2.214646642796218,
          "benchmark_sharpe": 1.5326045110820943,
          "benchmark_max_drawdown": -0.7219191486622625,
          "alpha_excess": -0.32892424192784686,
          "sharpe_delta": -0.07483212109443871,
          "maxdd_delta": -0.006238375407655483,
          "win_rate_vs_bh": 0.48344361396538665
        }
      },
      "val": {
        "stats": {
          "long": 0.0,
          "short": 0.16556521739130434,
          "flat": 0.8344347826086956,
          "mean": -0.04596492938027866,
          "switches": 508,
          "avg_hold": 16.978346456692915,
          "counts": {
            "long": 0,
            "short": 1428,
            "flat": 7197
          },
          "turnover": 25.401809751987457,
          "step_ref": 0.05,
          "mean_abs_delta": 0.0029454788673454846
        },
        "metrics": {
          "sharpe": 2.0146041582982996,
          "sortino": 2.8298039133043016,
          "max_drawdown": -0.2496072280030677,
          "calmar": 9.317204437590602,
          "total_return": 0.5724503014267128,
          "annual_return": 5.289485749871555,
          "n_trades": 8624,
          "avg_holding": 1.0001159554730983,
          "benchmark_total_return": 0.6299871361167064,
          "benchmark_annual_return": 6.2781546991081285,
          "benchmark_sharpe": 2.0750057940796256,
          "benchmark_max_drawdown": -0.2599051706705788,
          "alpha_excess": -0.9886689492365734,
          "sharpe_delta": -0.06040163578132596,
          "maxdd_delta": -0.010297942667511079,
          "win_rate_vs_bh": 0.496463768115942
        }
      },
      "test": {
        "stats": {
          "long": 0.0,
          "short": 0.1807325754966127,
          "flat": 0.8192674245033873,
          "mean": -0.046172296156331886,
          "switches": 546,
          "avg_hold": 15.95054945054945,
          "counts": {
            "long": 0,
            "short": 1574,
            "flat": 7135
          },
          "turnover": 27.300220012664795,
          "step_ref": 0.05,
          "mean_abs_delta": 0.0031350734970905826
        },
        "metrics": {
          "sharpe": -2.4338540519706178,
          "sortino": -3.201155224366369,
          "max_drawdown": -0.520463034536749,
          "calmar": -3.631881616422326,
          "total_return": -0.4698137970162274,
          "annual_return": -0.9221499874594421,
          "n_trades": 8709,
          "avg_holding": 1.0,
          "benchmark_total_return": -0.4785360133932658,
          "benchmark_annual_return": -0.9271761672900272,
          "benchmark_sharpe": -2.383964274465421,
          "benchmark_max_drawdown": -0.532000186885044,
          "alpha_excess": 0.005026179830585065,
          "sharpe_delta": -0.049889777505196964,
          "maxdd_delta": -0.011537152348294999,
          "win_rate_vs_bh": 0.5038465954759445
        }
      }
    },
    "variants": [
      {
        "name": "mse_ensemble_mean",
        "train_meta": {
          "target_mean": -0.0014958796091377735,
          "target_std": 0.0067038037814199924,
          "train_rows": 69970,
          "train_valid_fraction": 1.0,
          "members": [
            {
              "step": 800,
              "loss": 1.0482388734817505,
              "mse": 1.0482388734817505,
              "cql": 0.0,
              "anchor_mse": 0.0
            },
            {
              "step": 800,
              "loss": 0.7917478084564209,
              "mse": 0.7917478084564209,
              "cql": 0.0,
              "anchor_mse": 0.0
            }
          ]
        },
        "splits": {
          "train": {
            "n": 69973,
            "valid_rows": 69970,
            "rmse": 0.006393785332624874,
            "flat_pearson": 0.30835625808261724,
            "row_spearman": 0.33886032789562875,
            "top1_best_match": 0.2572816921537802,
            "selected_realized_adv_vs_anchor": -8.041972100541765e-05,
            "best_possible_adv_vs_anchor": 0.00260726432273269,
            "top_decile_selected_realized_adv_vs_anchor": -0.00028291796965591095,
            "selected_mean_abs_delta": 0.06409283509863706,
            "selected_short_rate": 4.287367984794135e-05,
            "selected_flat_rate": 0.9999571263201521,
            "selected_long_rate": 0.0,
            "selected_action_rows": [
              {
                "action": 0.0,
                "selected_rate": 4.287367984794135e-05,
                "mean_realized_value": null,
                "mean_q": -0.006004554529984792
              },
              {
                "action": 0.5,
                "selected_rate": 0.0,
                "mean_realized_value": null,
                "mean_q": null
              },
              {
                "action": 1.0,
                "selected_rate": 0.6469924113586669,
                "mean_realized_value": -2.556839224306301e-05,
                "mean_q": -0.0005243059592123203
              },
              {
                "action": 1.0499999523162842,
                "selected_rate": 0.3529647149614851,
                "mean_realized_value": -0.0002533305487230685,
                "mean_q": -0.0006111802623901118
              },
              {
                "action": 1.100000023841858,
                "selected_rate": 0.0,
                "mean_realized_value": null,
                "mean_q": null
              },
              {
                "action": 1.25,
                "selected_rate": 0.0,
                "mean_realized_value": null,
                "mean_q": null
              }
            ]
          },
          "val": {
            "n": 8625,
            "valid_rows": 8622,
            "rmse": 0.008231009225865794,
            "flat_pearson": 0.2984105396291055,
            "row_spearman": 0.2926732279550651,
            "top1_best_match": 0.22512178148921363,
            "selected_realized_adv_vs_anchor": -0.00012580019944652545,
            "best_possible_adv_vs_anchor": 0.0040219001974686735,
            "top_decile_selected_realized_adv_vs_anchor": -0.0004256154317782083,
            "selected_mean_abs_delta": 0.061590757786992585,
            "selected_short_rate": 0.00034782608695652176,
            "selected_flat_rate": 0.9996521739130435,
            "selected_long_rate": 0.0,
            "selected_action_rows": [
              {
                "action": 0.0,
                "selected_rate": 0.00034782608695652176,
                "mean_realized_value": null,
                "mean_q": -0.004129910763973991
              },
              {
                "action": 0.5,
                "selected_rate": 0.0,
                "mean_realized_value": null,
                "mean_q": null
              },
              {
                "action": 1.0,
                "selected_rate": 0.6871884057971015,
                "mean_realized_value": -2.5361198878619902e-05,