decision_ts,spot_trade_count,spot_quote_volume,spot_taker_buy_base,spot_taker_buy_quote,spot_taker_imbalance,perp_trade_count,perp_quote_volume,perp_taker_buy_base,perp_taker_buy_quote,perp_taker_imbalance,spot_perp_basis,spot_perp_return_divergence
2024-01-01 00:15:00+00:00,16651.0,18304686.5025287,248.76854,10546051.8272245,0.1522788795937713,33868.0,153504740.53706,2363.415,100262984.53216,0.3063177616713919,0.0010468064540577343,
2024-01-01 00:30:00+00:00,13332.0,16661864.0554009,175.52066,7456565.7919414,-0.10495419154204744,24805.0,98737115.9002,1092.697,46473003.93749,-0.05865178431050633,0.0009135440900766519,-0.00013326236398114588
2024-01-01 00:45:00+00:00,10959.0,13564090.7936664,192.00027,8140643.8154153,0.20032281400187668,19365.0,71461033.3652,804.779,34149064.6554,-0.04426054180095673,0.000781479862965936,-0.00013206422711142807
2024-01-01 01:00:00+00:00,6192.0,5426607.622193,66.28634,2814155.3850638,0.03716928917242912,10240.0,35493455.2847,427.085,18148753.699,0.022653531668036964,0.0006653429874248095,-0.00011613687554046237
2024-01-01 01:15:00+00:00,7256.0,8013008.2346216,115.17425,4889171.13798,0.22030852704118864,10626.0,36122792.5434,367.988,15632365.5315,-0.13448742852765994,0.0007360770955831862,7.073410815827685e-05
2024-01-01 01:30:00+00:00,6580.0,6479987.3215816,79.93483,3396535.132996,0.04831536373036971,11148.0,35144363.3367,457.667,19463152.0924,0.10761159085077665,0.0007443133535717819,8.23625798851424e-06
2024-01-01 01:45:00+00:00,27425.0,27421003.4342283,416.33769,17764503.5247626,0.2956858830766227,49464.0,230248653.24548,3200.805,136731699.22648,0.1876872876272877,0.0008615059562377724,0.00011719260266573883
2024-01-01 02:00:00+00:00,9135.0,9070894.3577101,100.8755,4305435.5525378,-0.050714211244615504,19113.0,84454260.09678,757.378,32353365.8734,-0.23382513004495464,0.0008055222572271297,-5.598369900994271e-05
2024-01-01 02:15:00+00:00,9641.0,9251891.0785989,81.26749,3459797.9737715,-0.2520884769656304,16722.0,67352566.16,633.253,26984202.5762,-0.19871790743362516,0.000870695447496992,6.517319026855262e-05
2024-01-01 02:30:00+00:00,5666.0,5926841.6864165,51.8842,2207398.9763219,-0.25511795552732497,8697.0,34256364.72109,373.711,15914340.3236,-0.07086811731647025,0.0006952406372925604,-0.00017545481020420084
2024-01-01 02:45:00+00:00,7199.0,8222640.1057391,92.24456,3927365.5386012,-0.04474341863508202,12877.0,48226462.1057,540.509,23031894.3971,-0.04484412119553727,0.0009505128961435913,0.0002552722588511358
2024-01-01 03:00:00+00:00,7357.0,5766005.102483,63.59239,2706454.8110674,-0.06123745540845027,14254.0,48385248.3554,593.786,25290338.4314,0.04537392246649441,0.0009225190351617662,-2.7993860982178376e-05
2024-01-01 03:15:00+00:00,7426.0,7197704.4604077,80.82129,3439265.7782284,-0.044343707873332416,12908.0,45005147.2346,335.802,14301345.2738,-0.3644573497670901,0.0008455960144755229,-7.692302068385004e-05
2024-01-01 03:30:00+00:00,8860.0,7466574.1955658,70.00553,2972307.5040993,-0.20383634415245633,19317.0,71550284.97203,670.452,28491678.3013,-0.20359008178827542,0.0008817809860484464,3.618497157198419e-05
2024-01-01 03:45:00+00:00,12967.0,8434262.659075,72.78606,3084359.5665206,-0.2686119246708716,29762.0,135579734.39537,1250.926,53005547.6375,-0.21809040453010176,0.0007020811878614377,-0.00017969979818666104
2024-01-01 04:00:00+00:00,9367.0,10610508.9590651,132.75921,5617063.5270016,0.058773626914975674,22358.0,92287288.2668,1243.952,52673983.3261,0.14152196505809056,0.000928214125887915,0.0002261329380264243
2024-01-01 04:15:00+00:00,7991.0,6677963.6322149,72.46281,3068413.2834831,-0.08103324532020839,15961.0,76419012.0793,788.355,33408514.6927,-0.1256491340654342,0.0008769431884465753,-5.127093744050626e-05
2024-01-01 04:30:00+00:00,12132.0,11042701.8460199,146.7933,6204902.2928103,0.12380147165645372,25193.0,103623078.124,1127.017,47675433.7928,-0.07982980903637216,0.0008389812269498232,-3.7961961499632935e-05
2024-01-01 04:45:00+00:00,7706.0,6484681.4798312,59.21548,2506113.5444512,-0.22706657150524057,12376.0,44638020.8769,572.51,24250579.9128,0.08654368793261513,0.0008580378015788319,1.90565746294169e-05
2024-01-01 05:00:00+00:00,8209.0,6066274.042673,92.64853,3924189.8112407,0.29377267945236873,14496.0,44466356.9842,667.55,28300055.2521,0.2728749180939518,0.0008630710468807241,5.03324530320981e-06
2024-01-01 05:15:00+00:00,8652.0,8012395.5892136,85.20215,3608492.5263695,-0.09927249941894944,12663.0,45572363.4391,422.439,17906530.1024,-0.2141495963302782,0.0008803264148386286,1.725536795760263e-05
2024-01-01 05:30:00+00:00,6853.0,7730088.3945685,92.0006,3895642.2318045,0.007916606630720802,10463.0,32706436.3586,314.425,13323589.4354,-0.18526192891714266,0.0006709664070149591,-0.00020936000782434405
2024-01-01 05:45:00+00:00,7695.0,7267424.6936587,101.13704,4277452.9714005,0.17715783835582233,12144.0,33022448.925,370.116,15666671.4259,-0.051150236526560144,0.0008431428742784141,0.00017217646726308544
2024-01-01 06:00:00+00:00,9000.0,8149624.7989694,62.35333,2633007.1413674,-0.3538335306674807,17435.0,63913911.8606,589.958,24930658.3926,-0.21986754786734908,0.0009133014016863747,7.01585274089922e-05
2024-01-01 06:15:00+00:00,6781.0,8082328.5125936,109.41906,4624923.5959744,0.1444532571938908,12490.0,47672865.67285,678.225,28690911.69895,0.20365794227006817,0.0007611350050803605,-0.0001521663966048692
2024-01-01 06:30:00+00:00,6279.0,4977812.6405745,73.46327,3108146.8347447,0.24880024989690352,13025.0,40850187.0201,573.063,24268509.8734,0.1881712982835979,0.000673196302294291,-8.793870278722693e-05
2024-01-01 06:45:00+00:00,11943.0,6626963.9017144,92.69378,3925441.2145533,0.18468767078625103,11718.0,35605920.7733,532.987,22590301.5312,0.26890702672910005,0.0006671108028731271,-6.085499419938856e-06
2024-01-01 07:00:00+00:00,7650.0,5767010.7898667,73.15899,3101173.6089478,0.07548736145835488,12439.0,42483770.92931,515.061,21852924.23231,0.02876575004002002,0.0006274464515501428,-3.966435132340962e-05
2024-01-01 07:15:00+00:00,8760.0,10329446.8310215,133.77284,5678469.3535214,0.09947211044598481,19908.0,82334762.253,956.143,40619787.9706,-0.01330162718433181,0.0006637922985988736,3.6345847048480096e-05
2024-01-01 07:30:00+00:00,7513.0,6994927.0752202,85.57134,3633296.0476154,0.03883743419899033,13171.0,42194490.0248,455.951,19376116.5607,-0.08158072064330679,0.0008751644432550875,0.00021137214465660747
2024-01-01 07:45:00+00:00,5914.0,5550877.8281842,39.9431,1697058.4047291,-0.3885441340061917,10056.0,35606889.0566,307.074,13055887.8535,-0.26666506401350476,0.0006754424192511608,-0.00019972202400531103
2024-01-01 08:00:00+00:00,5474.0,4882677.8482273,65.9571,2800734.7522828,0.14721259085304284,7835.0,29183118.9171,367.008,15597743.3333,0.06895656887176793,0.0008125199078009194,0.00013707748855118496
2024-01-01 08:15:00+00:00,7379.0,5829179.8925725,59.35209,2521904.8767902,-0.13473081178929014,14240.0,55527855.77049,614.48,26134285.96789,-0.058696374810174534,0.0008844878764409667,7.19679686387309e-05
2024-01-01 08:30:00+00:00,5488.0,3973324.7025918,42.48866,1806200.8685447,-0.09083651413310623,9706.0,27584214.0169,261.999,11148127.1202,-0.19170239084065355,0.000891744831857503,7.256955417034305e-06
2024-01-01 08:45:00+00:00,5788.0,3803578.5537709,41.28852,1754129.3290125,-0.07764264404454524,10268.0,28218442.6167,313.386,13325138.8822,-0.055572338757346684,0.0008818758627410189,-9.868969117476922e-06
2024-01-01 09:00:00+00:00,6391.0,4551948.9224125,59.53723,2532183.3489745,0.11257107324150772,13195.0,44960572.7925,601.227,25595456.5263,0.13857341828926395,0.0008975995981458573,1.572373540525973e-05
2024-01-01 09:15:00+00:00,7193.0,6441551.6474349,80.72369,3435237.4382392,0.06658694248214281,12421.0,41875743.2502,560.638,23880661.495,0.14054866333081484,0.0008161230291157766,-8.147656902934841e-05
2024-01-01 09:30:00+00:00,12050.0,9803471.5442498,139.3787,5939399.1274085,0.21169304171484815,19029.0,75960729.78792,968.779,41326327.04292,0.08809715647287297,0.0008189092675997515,2.786238484375758e-06
2024-01-01 09:45:00+00:00,12132.0,14423954.1220385,172.98037,7380032.1557267,0.023302222578575282,21479.0,82033011.5831,876.242,37411002.1558,-0.08790372476079589,0.0008481587751470194,2.924950754668032e-05
2024-01-01 10:00:00+00:00,8310.0,6826931.8382714,67.74945,2889128.0966858,-0.15360862972455402,13206.0,46723986.6554,427.52,18249366.9146,-0.21884375795270983,0.0009165853002113595,6.842652506477975e-05
2024-01-01 10:15:00+00:00,7104.0,6971849.26152,77.30276,3298033.8456735,-0.053899841502177304,14825.0,49802941.9672,576.103,24603429.2573,-0.01196884017399169,0.0008605575270660497,-5.6027773146283266e-05
2024-01-01 10:30:00+00:00,10324.0,10465364.9533436,122.24178,5215332.5706323,-0.0033156810329785236,18964.0,70707250.3256,769.838,32871488.2466,-0.07020883727679983,0.0008733735496613703,1.2816022596950916e-05
2024-01-01 10:45:00+00:00,6985.0,9721199.3829097,172.02512,7345320.3194489,0.511196310274697,13481.0,53318768.7459,780.644,33360971.0473,0.25137814814470283,0.0010249474968207404,0.0001515739471589228
2024-01-01 11:00:00+00:00,8539.0,9416990.6300052,86.69541,3703570.5542518,-0.2134280048126681,20109.0,74277278.2564,779.287,33327178.3884,-0.1026279053102378,0.0008569542592458052,-0.00016799323757510365
2024-01-01 11:15:00+00:00,13650.0,11842947.2692807,148.79613,6359565.661765,0.07398361525445818,18139.0,78263809.75689,987.804,42257200.54789,0.07986566662555972,0.0008156847919677615,-4.126946727822656e-05
2024-01-01 11:30:00+00:00,10123.0,8044733.1167369,87.60556,3738962.9532765,-0.07045693150524401,16705.0,66504343.8474,629.766,26899309.8443,-0.19105104153729247,0.0007939473062761252,-2.1737485692341352e-05
2024-01-01 11:45:00+00:00,8703.0,7841923.1151793,82.82593,3531559.5361305,-0.09931288938689031,20694.0,69187429.24088,563.629,24051581.353,-0.3047412913908669,0.000924051332650911,0.00013010402637547713
2024-01-01 12:00:00+00:00,7325.0,5786938.3155892,82.26555,3508910.9496548,0.2127003117355808,11923.0,40862793.7833,536.483,22903034.3587,0.12097251500508621,0.0008756957540464487,-4.835557860616291e-05
2024-01-01 12:15:00+00:00,10219.0,6990941.445331,70.05123,2989984.0627074,-0.1446118992444706,18106.0,72657512.3776,786.626,33609700.5503,-0.0748458225315809,0.000995831868556897,0.00012013611451067163
2024-01-01 12:30:00+00:00,6482.0,5663132.5148338,71.31647,3042694.1239569,0.07456222010944646,10990.0,47011973.9139,626.096,26740147.4262,0.13758879706575167,0.0009355068840211095,-6.032498453478752e-05
2024-01-01 12:45:00+00:00,10091.0,11088522.5077189,152.01676,6495759.1840445,0.17161852348186102,22161.0,93257827.33373,1379.008,58995767.94423,0.26521858016505795,0.0007981702826883406,-0.00013733660133219416
2024-01-01 13:00:00+00:00,8986.0,9800093.3350797,69.89452,2984935.2587481,-0.3908353407077373,16384.0,59783680.75468,494.526,21136668.954,-0.29289502796813416,0.0007879960628246551,-1.0174219864822476e-05
2024-01-01 13:15:00+00:00,7862.0,5965664.733714,71.58454,3053699.1670988,0.023758224239893266,14352.0,52028488.9437,688.778,29408731.6082,0.13048570909000157,0.0009952872150080793,0.00020729115218287575
2024-01-01 13:30:00+00:00,7696.0,5728213.784642,70.84778,3026322.9706082,0.056637578269903344,10405.0,26126031.4402,318.385,13611397.5729,0.041979728460113996,0.0008290631675520216,-0.00016622404745625374
2024-01-01 13:45:00+00:00,7404.0,4894033.7088396,63.5165,2712593.827377,0.10853091284496674,9431.0,31133656.9134,405.584,17333954.9435,0.11351872295087984,0.0008498810000006736,2.0817832449893103e-05
2024-01-01 14:00:00+00:00,6700.0,4642743.030892,46.85643,2001984.8353,-0.13758533609155488,9879.0,30425991.2319,359.443,15372257.4287,0.010468800279086699,0.0008976308391790487,4.7749839179545006e-05
2024-01-01 14:15:00+00:00,9928.0,8182677.5065049,88.73012,3784285.4675761,-0.07504958748093271,19573.0,71115278.9896,736.696,31442890.0566,-0.11572054547664079,0.0009213286580344751,2.3697818853918307e-05
2024-01-01 14:30:00+00:00,8064.0,7317698.7048505,92.19814,3929786.4263775,0.07404980305424713,16907.0,62020861.4598,593.178,25299794.0555,-0.1841521236560526,0.0008726610816847622,-4.8667576349359365e-05
2024-01-01 14:45:00+00:00,7808.0,5966029.4046739,70.78922,3018265.420441,0.011817145278041563,12773.0,38966016.7676,515.008,21978100.1984,0.12806501775540235,0.0007182056045597108,-0.0001544554771246709
2024-01-01 15:00:00+00:00,9888.0,8846144.438487,117.76017,5018293.0636113,0.13457181227522508,16462.0,55465752.7738,547.054,23330166.5731,-0.15875417148866966,0.0007825673674703308,6.43617629094706e-05
2024-01-01 15:15:00+00:00,7735.0,6629881.7949477,83.00567,3537860.604729,0.06724696281162235,13622.0,43547368.1696,559.505,23863861.7282,0.0959955896879725,0.0007361886737957207,-4.6378693674853366e-05
2024-01-01 15:30:00+00:00,7764.0,5748863.2097563,71.05123,3032215.1316425,0.054892079010187,14562.0,49161408.3629,632.178,27007291.8844,0.09871921019989505,0.0007447464108099536,8.557737015024713e-06
2024-01-01 15:45:00+00:00,14591.0,13809613.6171203,216.43072,9245206.3109865,0.3389522063853936,31436.0,121120875.07519,1811.609,77498674.82749,0.2796914615978461,0.0009247470318950879,0.00018000062108569637
2024-01-01 16:00:00+00:00,17538.0,14084468.4421086,140.30143,6003627.5763028,-0.14748254774690084,32987.0,135903188.4548,1384.225,59282618.7989,-0.127575747516523,0.0008165788139760137,-0.00010816821792047904
2024-01-01 16:15:00+00:00,11840.0,12510645.7089968,159.99854,6848520.0423292,0.09483078677613133,25952.0,103413638.5898,1406.6,60273365.0976,0.16567535809623757,0.0009393402957198924,0.00012276148174628077
2024-01-01 16:30:00+00:00,12767.0,13497350.3287937,132.99599,5685210.8860346,-0.1575811922275704,33141.0,125975691.5799,1219.348,52163626.6084,-0.17184615612425103,0.0007010151903836737,-0.00023832510533772222
2024-01-01 16:45:00+00:00,8347.0,7453774.8782768,96.20669,4112323.0745088,0.10342025125918664,15621.0,45231176.4621,564.367,24145409.8296,0.06764456369300342,0.0007573882224220694,5.637303203798183e-05
2024-01-01 17:00:00+00:00,7025.0,5830817.90336,60.27481,2576540.9376356,-0.11623344088627008,11030.0,30422626.3192,280.129,11984739.5151,-0.2121167062071614,0.0008083304089844084,5.0942186563318614e-05
2024-01-01 17:15:00+00:00,8180.0,8840146.023983,98.04832,4192542.5114019,-0.051476638501743666,11339.0,32379869.8972,371.197,15883641.5767,-0.01891875247630237,0.0007610913299551447,-4.723907902892677e-05
2024-01-01 17:30:00+00:00,7789.0,7181204.3986257,80.11487,3424328.6771444,-0.04630797647265705,11052.0,25672054.8507,259.937,11119665.9773,-0.13371437993816848,0.0008138296747493224,5.273834479346817e-05
2024-01-01 17:45:00+00:00,6235.0,5641853.2585174,55.64409,2377210.9922006,-0.15729428495440967,12131.0,35313231.6365,376.093,16078007.3299,-0.0894060619882967,0.0008411889236392444,2.735924888952468e-05
2024-01-01 18:00:00+00:00,7667.0,7298975.8392115,96.16418,4114905.7126575,0.12752961601857504,14193.0,52607449.4635,663.159,28400642.3263,0.07971941677213912,0.0008008433798670265,-4.0345543771636017e-05
2024-01-01 18:15:00+00:00,37414.0,37852986.8569469,553.35386,23792431.0084384,0.25709662481083373,73932.0,371601807.18966,5358.01,230548978.58386,0.2408388448239771,0.001028142295110559,0.0002272989152434235
2024-01-01 18:30:00+00:00,28299.0,24611554.3113244,281.35617,12131824.6164216,-0.014135843436800632,59249.0,262370692.02266,2881.773,124402762.31414,-0.051702296814494786,0.0007695053435533913,-0.0002586369515569231
2024-01-01 18:45:00+00:00,14060.0,15504087.1937269,204.95375,8829764.8401483,0.13902414631941795,28012.0,90140759.9163,1101.027,47482544.6964,0.05351995568907597,0.0007178994834429104,-5.160586011143664e-05
2024-01-01 19:00:00+00:00,14197.0,14330396.8351344,153.57181,6623552.6048388,-0.07559397258287026,23592.0,90263903.4282,899.491,38832702.5497,-0.13957404732470302,0.0008555619581204685,0.00013766247468005588
2024-01-01 19:15:00+00:00,11103.0,9771151.6536676,101.42357,4376506.7502578,-0.10419837796395703,20222.0,68899226.7753,883.963,38179941.0968,0.10828358702241059,0.0009282461791868011,7.268422106498917e-05
2024-01-01 19:30:00+00:00,18075.0,20518553.9142338,271.4287,11733283.2049124,0.1436754513945524,35369.0,157624097.67807,2170.002,93915668.61897,0.19164099909117316,0.0008869901500419556,-4.125602914584192e-05
2024-01-01 19:45:00+00:00,21990.0,23906681.5755912,291.52288,12636310.4961379,0.057136303604730765,51600.0,238100106.10176,2727.998,118367312.58356,-0.005734902671804765,0.0007097362352886552,-0.00017725391475131858
2024-01-01 20:00:00+00:00,27247.0,30220376.5105589,379.39085,16496750.0760195,0.0917633716612094,64092.0,274720993.52777,3633.715,158151113.66147,0.15135804971150413,0.0008776424438199264,0.00016790620852979998
2024-01-01 20:15:00+00:00,32689.0,51168472.7941374,683.86053,29858866.6278925,0.167080625916729,86937.0,420521654.74397,5767.726,252075367.58547,0.19886985481850306,0.0011065276636528188,0.0002288852198333302
2024-01-01 20:30:00+00:00,19227.0,25695728.2460769,290.27571,12667026.4358849,-0.01407531130635764,44215.0,190218934.41911,2128.516,92998950.24384,-0.02219039836554748,0.0011650079087768123,5.8480245124670205e-05
2024-01-01 20:45:00+00:00,18161.0,23198465.9461413,306.1,13384772.3495822,0.15393598703094824,44155.0,228638585.13011,3195.506,139967300.89851,0.2243541554358346,0.00156270528046049,0.00039769737168349195
2024-01-01 21:00:00+00:00,18128.0,26851503.3940731,306.69728,13422000.2200584,-0.00027942398033309335,42690.0,195094900.72426,2115.923,92743995.56292,-0.049242238329940013,0.0014967782270350978,-6.592705342534089e-05
2024-01-01 21:15:00+00:00,13555.0,19154053.9030154,223.62317,9777333.4048084,0.020915306421808166,27769.0,100050704.7174,1208.05,52893617.888,0.05733623840834712,0.0012922594462615492,-0.00020451878077487606
2024-01-01 21:30:00+00:00,11226.0,15865191.8935573,148.10991,6474515.1210913,-0.1838087853547442,25641.0,106169351.2925,952.06,41661376.2679,-0.21519015119303964,0.0011572425954835613,-0.00013501685077876857
2024-01-01 21:45:00+00:00,15006.0,20362317.0689473,224.22461,9766841.1919182,-0.04069451832545001,34894.0,173000046.73329,1473.355,64261291.351,-0.25709509836063693,0.0012948174873283862,0.0001375748918448494
2024-01-01 22:00:00+00:00,9207.0,11900069.169383,141.32413,6154975.5786976,0.034443664333209334,22999.0,81077503.2226,1079.572,47076740.3685,0.1612775060240772,0.0013881030203869201,9.328553305998355e-05
2024-01-01 22:15:00+00:00,9515.0,12269866.2924972,111.48443,4857398.901941,-0.20823930984297523,21368.0,78032570.5003,781.624,34101055.0615,-0.12597893820840123,0.0012012821702769214,-0.00018682085011079153
2024-01-01 22:30:00+00:00,16016.0,18291173.5410243,217.10544,9432225.2721772,0.031341728951634895,33451.0,128995305.35034,1436.431,62485293.3449,-0.031200504930076423,0.0013172491401748393,0.00011596696989712996
2024-01-01 22:45:00+00:00,7618.0,6990030.4134617,61.37502,2669678.5922895,-0.23614678781708343,13319.0,44355224.7567,558.137,24310323.6677,0.09616505388253493,0.0013326885774852823,1.543943731086017e-05
2024-01-01 23:00:00+00:00,6439.0,7003899.6856056,92.31471,4014285.2261603,0.14630003465368047,11490.0,37473676.0075,538.199,23435513.8504,0.25077208041771004,0.0012390686279083868,-9.361994957579611e-05
2024-01-01 23:15:00+00:00,20562.0,27425244.047052,289.83898,12651578.1083507,-0.07737717216699513,40921.0,181449018.84391,2371.609,103634346.44271,0.14229712679637663,0.0013712757562583011,0.00013220712834893789
2024-01-01 23:30:00+00:00,38931.0,49757977.3295906,709.01987,31107462.8753502,0.2503507797070714,83368.0,420385519.84213,6071.907,266732039.84673,0.26898776126683677,0.001572076114588599,0.0002008003583320317
2024-01-01 23:45:00+00:00,31857.0,41085150.7232608,557.19465,24532724.0047685,0.1942379946474937,70026.0,313856617.43932,3659.253,161372279.72462,0.02831847893612882,0.0012474956213925914,-0.0003245804931975016
2024-01-02 00:00:00+00:00,23446.0,34439600.4679881,507.07487,22376885.6959088,0.2994857891402254,48250.0,209862828.18195,2687.074,118735782.70345,0.1315561095984723,0.0011458013520308792,-0.000101694269361019
2024-01-02 00:15:00+00:00,69537.0,95629605.0064729,1492.74556,66272499.5379433,0.38602474690672417,151950.0,775664376.33897,10146.021,451353684.66077,0.16378603537550052,0.0025602369195690654,0.0014144355675380638
2024-01-02 00:30:00+00:00,83251.0,89218188.5764637,1117.47762,49916814.6149488,0.11898292066685512,157327.0,780606136.49685,8181.448,366352952.56597,-0.06136286806541558,0.0015592036192174131,-0.001001033300351395
2024-01-02 00:45:00+00:00,34080.0,44784328.1038827,535.7911,23931573.121202,0.06874766841158375,63849.0,285499397.72124,3296.204,147457711.96194,0.032980896904846624,0.0014696783527621672,-8.952526645522596e-05
2024-01-02 01:00:00+00:00,65403.0,82290184.6979219,1193.21676,53622331.6719747,0.30324975861498693,143462.0,815855523.06773,10398.369,468541067.81835,0.14858833352398126,0.0027439237569876727,0.0012742454042253826
2024-01-02 01:15:00+00:00,55162.0,97639984.786317,1128.03881,50900067.2539624,0.04260702959665741,170672.0,826609399.92411,8823.252,399167167.35688,-0.03420607751732063,0.0021470551077579212,-0.00059686864922881
2024-01-02 01:30:00+00:00,25009.0,41117056.88932,524.66628,23583277.9431564,0.14712869681497387,59306.0,245701357.78548,3013.5,135701912.85137,0.1046085709453044,0.0016069790723655607,-0.000540076035393966
2024-01-02 01:45:00+00:00,22485.0,29267870.0069987,305.68827,13722014.4442636,-0.06231547147214245,51550.0,236753207.09149,2216.438,99606818.322,-0.1585599236802877,0.0015980389851410774,-8.940087223408e-06
2024-01-02 02:00:00+00:00,23755.0,29867834.2658962,336.34754,15062985.0871872,0.008642605492589883,47025.0,212500609.85065,2183.89,97968804.55869,-0.07794330917408121,0.0015669022898614185,-3.113669528076457e-05
2024-01-02 02:15:00+00:00,18594.0,25335268.4756733,291.20228,13087094.3962267,0.03311274627247873,37498.0,189739690.6947,2070.393,93172262.9963,-0.01789380329265422,0.0012137928602008088,-0.00035310942966049197
2024-01-02 02:30:00+00:00,21021.0,36716756.8284275,442.63402,19928171.5220696,0.08550826616802154,41010.0,182654586.84563,2036.186,91766876.68434,0.004813273721907763,0.001491348914440074,0.00027755605423962493
2024-01-02 02:45:00+00:00,23300.0,43486020.3419919,603.70379,27293790.1831107,0.2552903194388052,51310.0,224953561.80214,2756.47,124727087.24794,0.10891409096820515,0.0007801392618665928,-0.0007112096525734302
2024-01-02 03:00:00+00:00,21623.0,30539291.6154003,348.09539,15759009.9543783,0.03204816620116846,50086.0,240871395.2349,2670.856,121051267.555,0.0051111916958814785,0.0009039751731676725,0.00012383591130138427
2024-01-02 03:15:00+00:00,24276.0,33608183.6361883,363.02268,16434146.4734707,-0.022015194193660714,66294.0,341569209.31356,3394.249,153954332.75099,-0.09854677439815618,0.000785319102462122,-0.00011865607070582485
2024-01-02 03:30:00+00:00,15770.0,27635009.6247818,332.43249,15050341.3289258,0.08922280348542744,38714.0,152790392.4934,1521.597,68956876.1327,-0.09736633295606356,0.000818127130172589,3.280802770966318e-05
2024-01-02 03:45:00+00:00,17515.0,27857200.7478147,338.21996,15350178.657634,0.10206181852914042,50616.0,201028749.6371,2334.617,106119619.1424,0.05576559903962641,0.000897258470288566,7.913134011694467e-05
2024-01-02 04:00:00+00:00,18016.0,32974332.893597,388.70588,17641924.0530305,0.07003978579085857,42663.0,161217617.21921,1427.05,64814729.352,-0.19593490500643684,0.0007182065665515986,-0.00017905190373745938
2024-01-02 04:15:00+00:00,20726.0,34757234.8509153,426.676,19355567.1592463,0.11375759563546461,46124.0,198842801.31283,2078.4,94301784.1872,-0.051494109270373345,0.0006409049532721181,-7.730161327934582e-05
2024-01-02 04:30:00+00:00,16417.0,18614584.9655569,192.45421,8722106.5586071,-0.06287391583042401,28396.0,92932720.9944,942.714,42757896.1996,-0.07980965709211207,0.000849023778382685,0.00020811882511218016
2024-01-02 04:45:00+00:00,18563.0,28004274.3969377,252.71383,11437684.0111502,-0.18314726894684885,34218.0,124974354.256,1053.262,47703141.7611,-0.23659310672037692,0.0006894264605447396,-0.0001595973178396548
2024-01-02 05:00:00+00:00,16706.0,21362162.2583057,224.47283,10148300.3534922,-0.04988079101903664,32660.0,96603028.3166,989.391,44757234.2949,-0.07337823513739594,0.0007058186073761304,1.6392146831023524e-05
2024-01-02 05:15:00+00:00,17207.0,22742824.0895507,284.57104,12869936.3768106,0.1317799694650721,34364.0,130139077.81717,1659.462,75104738.61973,0.15422269589528326,0.0006618279930075215,-4.3990614368993874e-05
2024-01-02 05:30:00+00:00,13530.0,20257692.4343632,205.88201,9317895.4770066,-0.08006348628330273,20549.0,67686660.1617,598.132,27098198.1726,-0.1993046160686971,0.0007336947068239615,7.186671381731458e-05
2024-01-02 05:45:00+00:00,11335.0,12313206.8710645,139.56997,6315739.8239667,0.0258480816737372,17802.0,53920709.8358,509.806,23090535.008,-0.14353742455113894,0.0006934732605307665,-4.022144629267643e-05
2024-01-02 06:00:00+00:00,14456.0,17849119.8143424,191.70581,8670717.1564772,-0.0284431673196599,26862.0,107274085.92778,1026.005,46426339.8129,-0.13443513572969434,0.0008566592055886781,0.0001631859450572648
2024-01-02 06:15:00+00:00,11588.0,15862508.9324141,203.08631,9176435.5178943,0.15699673450052987,22905.0,86990302.6141,976.088,44148335.0197,0.015017391433792548,0.0008833405604566829,2.6681354867719165e-05
2024-01-02 06:30:00+00:00,10186.0,11105226.9794421,124.92177,5651105.3856408,0.017737934776493658,16969.0,55933981.97333,570.432,25825828.43753,-0.07656034752383378,0.0007334293894917281,-0.00014991117096485596
2024-01-02 06:45:00+00:00,10960.0,13350857.2620513,141.22026,6389216.5786084,-0.04287545687883032,17037.0,50940981.0233,499.211,22608181.5463,-0.11237745751464034,0.0006797556672634303,-5.3673722227642884e-05
2024-01-02 07:00:00+00:00,11408.0,22569816.0978163,223.47616,10117600.3502838,-0.10343971732559143,18066.0,64679685.6646,541.568,24529569.6895,-0.2415062182986044,0.0007557680229474828,7.601235568266418e-05
2024-01-02 07:15:00+00:00,16747.0,25544370.8063176,334.63492,15153013.5751295,0.18640726679256292,29182.0,130201097.29007,1719.32,77961295.64837,0.19755205249435082,0.0008333664516596712,7.759842871379874e-05
2024-01-02 07:30:00+00:00,37100.0,46649565.1353727,568.0912,25844128.0438377,0.10801153103315952,83235.0,464174687.56255,5562.039,253579837.17792,0.09260519357272701,0.000912451953456052,7.908550179536178e-05
2024-01-02 07:45:00+00:00,26913.0,35469431.8956516,318.37582,14450188.8357577,-0.1852032545506188,51965.0,253233776.29294,2586.63,117516963.95143,-0.07186975077537239,0.00104675592090082,0.00013430396744595896
2024-01-02 08:00:00+00:00,18905.0,33719808.2286142,320.73145,14587890.0989835,-0.13475841854851356,31499.0,137382788.1348,1169.728,53254568.5303,-0.22472721287259623,0.0008789345777207296,-0.00016782134318127362
2024-01-02 08:15:00+00:00,24780.0,26771855.7746031,328.12111,14928933.1801349,0.1152707011291394,52290.0,232565748.25519,2904.141,132353480.88548,0.13820269647146,0.001163052038864017,0.00028411746114365144
2024-01-02 08:30:00+00:00,42845.0,57586072.8635584,720.80004,32969085.0009837,0.14503675494937895,106001.0,522018106.53001,5838.728,267395133.00241,0.024466889778421486,0.0007817961212693022,-0.00038125591759552435
2024-01-02 08:45:00+00:00,22617.0,33943383.2173355,402.10153,18385134.447515,0.08328237817645578,57078.0,260960913.11427,2794.063,127895630.04689,-0.019810066414912897,0.000926484622072587,0.00014468850080362472
2024-01-02 09:00:00+00:00,24110.0,33511924.1332449,308.7473,14109120.1845387,-0.1579641844234183,47362.0,223782468.01349,2484.495,113662358.57739,0.015828984159190096,0.0012557863363138317,0.0003293017142418364
2024-01-02 09:15:00+00:00,22470.0,28077363.917021,311.50768,14264022.0341852,0.016051369803850912,55055.0,247733006.16581,2696.202,123637680.01932,-0.001847336106936437,0.0009537789837271146,-0.0003020073525856759
2024-01-02 09:30:00+00:00,16694.0,22902309.6174583,230.25858,10535888.6824228,-0.07992784497233829,35887.0,151261166.8742,1895.215,86819461.8082,0.14794118810951007,0.001063776296459001,0.00010999731273031443
2024-01-02 09:45:00+00:00,14707.0,19408696.3101615,183.66083,8397892.7364463,-0.13462577782212504,37752.0,138523681.69119,1216.672,55675541.0034,-0.19615851493873604,0.0010357990740569737,-2.7977222401887047e-05
2024-01-02 10:00:00+00:00,15595.0,25506492.595558,287.8837,13152552.017311,0.03131012372916686,33374.0,113682067.21269,1329.115,60813004.21429,0.06987857813165488,0.0012476482401873807,0.0002118491661313726
2024-01-02 10:15:00+00:00,17859.0,23544147.7530878,238.31737,10872767.2405582,-0.07639322055033881,41236.0,146056513.93009,1378.071,62950859.3956,-0.1379931274310512,0.0012676745602903706,2.0026320102672912e-05
2024-01-02 10:30:00+00:00,15302.0,20130875.227444,193.62092,8839039.6838883,-0.12184248483759696,27290.0,100269471.4323,1064.591,48668426.9726,-0.029247361586822063,0.0014028035599936086,0.0001351289997018057
2024-01-02 10:45:00+00:00,17959.0,20004147.8674928,194.91968,8886675.2458587,-0.11151674095553443,27992.0,95330485.3168,934.129,42644094.2942,-0.10534192388749175,0.0016405599820421624,0.00023775642205059455
2024-01-02 11:00:00+00:00,23881.0,30642045.5430672,276.78399,12595882.2304248,-0.177869361709461,52375.0,288783201.49133,2734.475,124585645.9048,-0.13716833069640744,0.0015499666685143282,-9.059331353000744e-05
2024-01-02 11:15:00+00:00,16775.0,21204484.8547372,229.84856,10485173.3823885,-0.011041913612340859,34448.0,149502513.17289,1721.347,78658527.77999,0.052270307844611175,0.0012283935913348328,-0.0003215730771781722
2024-01-02 11:30:00+00:00,14622.0,16580942.8946738,163.79714,7458631.0129864,-0.10033692771690406,23198.0,89736630.26173,945.426,43105228.1072,-0.039294700915840086,0.0013493009591944794,0.00012090736785985712
2024-01-02 11:45:00+00:00,28874.0,44231849.0469519,422.58785,19159282.1939899,-0.13368838939324412,69450.0,351468228.10561,3273.877,148702119.9878,-0.15382325856710077,0.0013673627857621632,1.806182656771682e-05
2024-01-02 12:00:00+00:00,26746.0,33267683.8599035,405.09945,18362904.5332775,0.10394848109096855,49728.0,227513112.01061,2753.247,124967582.78771,0.09855279709665399,0.0011616706352602633,-0.00020569215050159073
2024-01-02 12:15:00+00:00,19260.0,18404920.2874207,200.60625,9108657.9502182,-0.010193164874097382,38767.0,165523878.6717,1853.121,84269722.6166,0.018218317415586327,0.0013337557988976603,0.00017208516363709236
2024-01-02 12:30:00+00:00,14801.0,17210536.7953187,197.03817,8945860.7547918,0.03957951587251962,25663.0,96057524.1169,1087.542,49438321.4158,0.029348234202551282,0.0013280506435191738,-5.7051553792319964e-06
2024-01-02 12:45:00+00:00,21551.0,30262217.146339,396.09357,18028723.7446947,0.19150052076575896,44490.0,240195915.66533,2769.872,126257425.64463,0.05128703204551677,0.0011584891951035787,-0.00016956144841451248
2024-01-02 13:00:00+00:00,23276.0,30787182.3120598,366.71512,16630886.3247908,0.08037729183655973,42241.0,204619467.95221,1883.7,85529004.0576,-0.1640188989487963,0.0011716680091057971,1.317881400098031e-05
2024-01-02 13:15:00+00:00,15532.0,16335774.177666,197.39255,8956443.9752629,0.09654355867725006,31490.0,129942455.7596,1738.931,79026275.829,0.21632726374207567,0.0011472806095465461,-2.43873995575683e-05
2024-01-02 13:30:00+00:00,26811.0,36434197.3440907,432.67471,19677122.8107765,0.08014581053851333,41168.0,243426524.21277,2432.487,110696261.47566,-0.09051602463086927,0.0009831493226954043,-0.00016413128685321965
2024-01-02 13:45:00+00:00,20011.0,25893248.1283495,302.39855,13797978.4335809,0.06575879280854169,41559.0,190585843.74004,2151.249,98263272.03894,0.031170732417792557,0.0011495174912524058,0.00016636816855886138
2024-01-02 14:00:00+00:00,16063.0,23963825.8192896,215.52803,9835405.0961486,-0.17914566978436097,30305.0,119190393.9932,1188.116,54285123.2191,-0.08910237812961586,0.0010593027616676472,-9.021472958536947e-05
2024-01-02 14:15:00+00:00,22813.0,34926465.4707297,424.34936,19401222.8841016,0.11097545214593163,47040.0,198789407.17671,2424.927,111000619.26961,0.11676593683825565,0.0010161156629857593,-4.31870986830063e-05
2024-01-02 14:30:00+00:00,19762.0,28343013.5513795,266.42415,12165326.0638197,-0.14156438998508725,46989.0,196305772.49629,1760.257,80439052.2505,-0.1804718605305382,0.0008995027059908545,-0.0001166129569956098
2024-01-02 14:45:00+00:00,35180.0,41449936.1330513,420.2557,19116689.6247624,-0.07760100940087289,90240.0,406465859.10417,3413.798,155342985.92473,-0.23564066971283637,0.0007465718428073341,-0.00015293086318202143
2024-01-02 15:00:00+00:00,64779.0,102096658.59272,1130.32193,51126248.8938237,0.0015263887876004745,156993.0,826520350.02792,9060.65,409947819.48854,-0.00801518202257967,0.0007701624402948411,2.359059748791026e-05
2024-01-02 15:15:00+00:00,33256.0,55638986.9840618,530.27891,23975429.9738057,-0.13817877451026783,79511.0,359584839.43489,3906.371,176745954.66733,-0.016944346457446358,0.0009073354946711983,0.00013717305437666028
2024-01-02 15:30:00+00:00,48504.0,76059606.9647912,781.55493,35156130.0782733,-0.07556371952993535,124447.0,618269740.76237,6237.101,280856513.91727,-0.09147578993287231,0.0008260295492594849,-8.130594541277958e-05
2024-01-02 15:45:00+00:00,33568.0,37307579.1607283,481.18672,21723713.4124224,0.16457373547784604,76187.0,349638078.2772,4268.929,192918439.00461,0.10353220081286718,0.0006690987141496625,-0.00015693083510903705
2024-01-02 16:00:00+00:00,19445.0,25023070.0723887,292.16008,13217403.6150645,0.056417424147249484,39026.0,143587903.95998,1465.479,66345062.5073,-0.07589621858689,0.0006677004693426766,-1.3982448070493092e-06
2024-01-02 16:15:00+00:00,26717.0,28807742.9269397,294.21469,13278878.3132107,-0.07810352606327287,52361.0,217483038.87677,2292.961,103574959.9263,-0.04751229832697401,0.0009403069871463145,0.0002726065178038084
2024-01-02 16:30:00+00:00,35870.0,47536313.2071577,481.27443,21659169.3646746,-0.0887316283748607,67446.0,317361282.10861,3518.251,158537485.47801,-0.0009021615702069496,0.0008982626930604733,-4.2044294085386014e-05
2024-01-02 16:45:00+00:00,24169.0,24763413.5819376,297.27419,13432416.6655503,0.08485985755597825,41988.0,177263568.3225,1863.816,84291281.1862,-0.048972307351426214,0.000950782025151017,5.251933209038384e-05
2024-01-02 17:00:00+00:00,27196.0,36699295.0577425,398.65201,18070646.0534576,-0.015204732133119792,50928.0,222485648.63861,2721.816,123497391.46801,0.11016051798118842,0.0007836807920189325,-0.00016710123313323777
2024-01-02 17:15:00+00:00,18706.0,22637225.3512608,305.64778,13849715.4157759,0.2236230545811595,29080.0,110914369.56953,943.44,42778685.4936,-0.22861779479740174,0.0007978692388417813,1.4188446822771539e-05
2024-01-02 17:30:00+00:00,21239.0,23758293.4648384,324.8015,14693925.545836,0.2369512623103669,30870.0,120640558.24424,1250.073,56585865.0873,-0.06190976051784469,0.0006189464817750168,-0.00017892275706543614
2024-01-02 17:45:00+00:00,30427.0,36694376.0385451,418.73769,18861448.5911685,0.028029394551129627,47605.0,186897313.25157,2073.595,93480155.9461,0.0003370762240182401,0.0005973462080498964,-2.1600273724331487e-05
2024-01-02 18:00:00+00:00,23175.0,31548225.1265398,315.77084,14214762.622156,-0.09885500276857762,34797.0,138229676.9863,1544.131,69566401.3098,0.00653351474871422,0.0007791715944341541,0.00018182538638278345
2024-01-02 18:15:00+00:00,19748.0,26193429.3101374,341.01437,15352770.8428664,0.1722612309434841,31917.0,134391766.9184,1667.784,75172342.9033,0.11870458476735646,0.0006558828864744967,-0.0001232887079609668
2024-01-02 18:30:00+00:00,18808.0,18381134.1372907,230.78002,10398808.1604029,0.13146534732112447,29599.0,122129093.5691,1443.171,65059650.1149,0.06542426892064968,0.0006891671551787847,3.328426870652379e-05
2024-01-02 18:45:00+00:00,20041.0,20864982.2739857,229.39672,10369022.5594791,-0.006083741330840331,33463.0,141283136.90918,1658.341,75020188.89558,0.06198362432743365,0.0007477590861193631,5.859193094082116e-05
2024-01-02 19:00:00+00:00,24831.0,16018879.3665794,188.21261,8497112.2476807,0.06088722603260788,24361.0,93372607.3631,1125.162,50836445.9636,0.08889421425089372,0.000759543951535908,1.1784865415975787e-05
2024-01-02 19:15:00+00:00,16606.0,17703231.7114074,226.08838,10211024.8503165,0.1535774955413185,21651.0,81244270.2559,871.968,39422111.46,-0.02954112737231096,0.0008969602865186715,0.00013741633498121075
2024-01-02 19:30:00+00:00,29140.0,37491671.1182599,322.00652,14473164.112381,-0.2279264337549356,60134.0,326088778.81801,2773.327,124660721.8387,-0.23541851215755516,0.0006284517293163333,-0.00026850855720184086
2024-01-02 19:45:00+00:00,26833.0,29207623.5028116,400.77045,18020593.9007747,0.2339650912742004,40587.0,150773209.77796,1859.282,83631663.85906,0.10937034480094043,0.0006946177191567584,6.616598984088284e-05
2024-01-02 20:00:00+00:00,19350.0,21219095.5496251,239.9131,10797700.9251052,0.017734323298805643,34718.0,151790180.72916,1822.253,82085685.40377,0.08156779324528118,0.0007481743486400059,5.355662948325346e-05
2024-01-02 20:15:00+00:00,20941.0,23822746.2710543,280.76286,12653487.3829879,0.062302997229370716,34858.0,183011118.72506,2276.333,102696663.75416,0.12229972112724541,0.0008031143444203606,5.493999577943498e-05
2024-01-02 20:30:00+00:00,17499.0,16419995.7427001,152.72136,6877786.7495859,-0.16226692657413333,29710.0,142996337.74495,1348.888,60837660.03588,-0.14910184421099248,0.0007380311270898959,-6.50832173292315e-05
2024-01-02 20:45:00+00:00,17375.0,20431056.4093138,195.47516,8772425.7640476,-0.14126557253803484,29787.0,116656337.05999,1235.087,55478452.4305,-0.048856601729737936,0.0008087017367177657,7.067060962739902e-05
2024-01-02 21:00:00+00:00,22369.0,26537604.7734239,275.37657,12351336.6787477,-0.0691445754654576,46005.0,233626953.62084,2568.143,115291639.5779,-0.013027925151049446,0.0008239832241510015,1.5281487433682628e-05
2024-01-02 21:15:00+00:00,32347.0,36673006.2557425,385.22603,17232399.3084274,-0.06021343392163059,76438.0,377947269.4221,3796.806,169969809.55118,-0.10056336794774456,0.0008895785386661404,6.559531451344469e-05
2024-01-02 21:30:00+00:00,18778.0,16371006.6958083,190.55925,8554330.2991441,0.04505855480889709,31287.0,138917430.06219,1529.475,68710571.30019,-0.010771056311221328,0.0008742947108380012,-1.5283827826451102e-05
2024-01-02 21:45:00+00:00,15355.0,15446402.1285213,196.41979,8822517.3140123,0.14233945751312493,26202.0,105221568.04883,1464.311,65822357.50229,0.25111911412960364,0.0008042361613786324,-7.00585494595174e-05
2024-01-02 22:00:00+00:00,18187.0,23204769.2929814,288.89419,13009727.0515945,0.12129768560374954,32112.0,137105119.69287,1811.569,81665568.13137,0.191284006232729,0.0007811709409090086,-2.306522046957582e-05
2024-01-02 22:15:00+00:00,22056.0,32597088.5698433,442.07984,19971645.8298229,0.22536377977629374,42154.0,197875341.0787,2415.189,109217827.67942,0.1039053889588124,0.0008724181510254845,9.124721011666281e-05
2024-01-02 22:30:00+00:00,12766.0,13081133.8691558,128.70899,5807360.8384724,-0.11210130611602986,23313.0,104359298.76217,847.577,38270335.9371,-0.2665658663668041,0.0008265312093418435,-4.588694168461416e-05
2024-01-02 22:45:00+00:00,12372.0,10860090.1132534,85.23086,3832187.7622516,-0.29426225339053347,24518.0,95120240.9647,732.966,32981326.1916,-0.30653400670337505,0.0006503940809554464,-0.00017613712838659978
2024-01-02 23:00:00+00:00,14625.0,15230447.866114,222.72627,10015750.4870878,0.31522730981164315,29961.0,125681725.05117,1289.448,58055335.92727,-0.07615310175551171,0.000554960246352773,-9.543383460197674e-05
2024-01-02 23:15:00+00:00,13495.0,11544875.6338268,135.15415,6077705.9018715,0.0528837372771096,19569.0,69020185.8459,688.036,30961646.835,-0.1028234289566401,0.000743967630392594,0.00018900738404070694
2024-01-02 23:30:00+00:00,9948.0,10048451.268099,109.63786,4933678.7747754,-0.018022052723997595,18415.0,74873521.4138,726.207,32706476.2308,-0.12635400036702849,0.0007029277160911858,-4.1039914302487546e-05
2024-01-02 23:45:00+00:00,13784.0,14690932.6985224,131.6824,5909967.614172,-0.1954264939534548,24463.0,99053061.61893,752.428,33787266.4403,-0.3177946064850775,0.0006475453708699934,-5.5382345220067464e-05
2024-01-03 00:00:00+00:00,10787.0,12255986.5771095,154.32711,6930683.3201228,0.1309874201506116,22805.0,87484403.39109,1301.97,58506923.79169,0.33753952759192574,0.0007314845937661886,8.393922289506861e-05
2024-01-03 00:15:00+00:00,18385.0,17522624.1894002,185.02757,8325393.3914382,-0.04975495662637064,28757.0,106726100.75017,1252.176,56388173.69877,0.05668947525341261,0.0008066784167236111,7.519382295662069e-05
2024-01-03 00:30:00+00:00,13405.0,12258120.3757052,118.94057,5345161.0476834,-0.1278987505658432,19659.0,73140835.16629,709.645,31917859.5963,-0.1272218994018085,0.0006944443950434826,-0.00011223402167814811
2024-01-03 00:45:00+00:00,14271.0,17266876.4307243,185.68032,8361646.0731317,-0.031481332865373246,27591.0,122632375.73993,1736.979,78294197.20733,0.2768927737870912,0.0009019714464732444,0.00020752705142790262
2024-01-03 01:00:00+00:00,16944.0,16461109.0392511,164.05069,7404839.0391749,-0.1003231894621136,31706.0,143385557.58378,1519.855,68670613.67948,-0.04215438658309989,0.0007195717961508478,-0.0001823996503205194
2024-01-03 01:15:00+00:00,13088.0,12839740.1267118,145.45212,6571334.6346318,0.02359308985713704,21657.0,72462593.3605,837.522,37869332.0817,0.04521051001585907,0.000737629746426547,1.8057950274652512e-05
2024-01-03 01:30:00+00:00,9832.0,10321437.6677638,117.13411,5292651.0455751,0.025564696690511424,16922.0,40992244.7455,416.28,18824540.7474,-0.08155599361430432,0.0006109425306405759,-0.0001266872157845711
2024-01-03 01:45:00+00:00,11062.0,10973921.9821937,123.57377,5583549.6316631,0.01760330367264773,20664.0,58821524.645,703.336,31809466.164,0.08155871021625738,0.0007070651567844346,9.612262614311362e-05
2024-01-03 02:00:00+00:00,13008.0,18591303.4344432,191.74491,8680808.1256295,-0.06614313985677933,30399.0,118476621.5768,1723.746,78116204.4503,0.31867710963825524,0.0006666271319688052,-4.043802481668024e-05
2024-01-03 02:15:00+00:00,17187.0,31246163.632762,262.87768,11923261.2960877,-0.23681758591406665,38801.0,144573887.46013,1679.778,76255156.2406,0.05489528683565825,0.000830144903535545,0.00016351777156664582
2024-01-03 02:30:00+00:00,11643.0,15779459.1332349,148.62882,6728118.8597838,-0.14723073801522768,23592.0,84566576.8993,905.809,41041864.0477,-0.029359693804994702,0.0006665506735948053,-0.0001635942299405002
2024-01-03 02:45:00+00:00,9112.0,8911952.4597949,72.85387,3300409.546692,-0.2593296336394605,20017.0,55601756.3593,523.197,23718728.1132,-0.14683529203901546,0.0008154328113391402,0.00014888213774355563
2024-01-03 03:00:00+00:00,8662.0,9068158.2912368,82.05643,3713421.5257881,-0.1809976388752188,15296.0,37977387.561,346.511,15692467.3547,-0.17358889789380794,0.0008418401890658121,2.640737772630075e-05
2024-01-03 03:15:00+00:00,11196.0,9256638.0440425,87.60727,3963958.6273991,-0.14354248085777255,18640.0,58022255.0471,620.639,28094959.4946,-0.03157988355351893,0.0005470149302822441,-0.0002948252587824385
2024-01-03 03:30:00+00:00,8670.0,8885284.1807094,78.30509,3544650.3765926,-0.2021301053514316,13914.0,38263719.9019,347.218,15728690.7907,-0.17787968179649016,0.0007359124485849435,0.00018889751830286627
2024-01-03 03:45:00+00:00,8709.0,8258266.3857556,73.46438,3320279.883243,-0.19588937238206883,15333.0,47018571.95818,459.548,20783269.5663,-0.11595487907266167,0.0007056464946518997,-3.026595393329501e-05
2024-01-03 04:00:00+00:00,6958.0,7044646.4910225,74.06375,3349155.2589567,-0.04916300250842409,10924.0,29482406.8208,420.837,19049743.6888,0.292278734540784,0.0007753933698706397,6.97468752193231e-05
2024-01-03 04:15:00+00:00,8143.0,11602802.790872,90.67663,4100381.7514164,-0.2932084039828382,13146.0,42954967.6591,346.367,15674772.8742,-0.27017647883716656,0.0008503581377614273,7.496476789192741e-05
2024-01-03 04:30:00+00:00,7940.0,8586342.2334455,104.11136,4710672.7337361,0.09724783980473051,15624.0,44873837.1889,508.046,23007245.7804,0.025419140491559133,0.0006945643270302885,-0.00015579381073216325
2024-01-03 04:45:00+00:00,10247.0,9111997.0448784,90.40856,4082330.7768207,-0.10396573732093906,19558.0,66942402.00026,613.865,27734734.6206,-0.17138513731573957,0.0007178545423254551,2.3290215294125005e-05
2024-01-03 05:00:00+00:00,6814.0,6716279.4044033,75.72693,3420843.5067996,0.018672184649388024,11251.0,32281182.5678,335.91,15184694.5958,-0.05922315182179805,0.0007820602208845392,6.420567856046944e-05
2024-01-03 05:15:00+00:00,8726.0,10383257.3211733,104.22641,4707757.4832254,-0.09320219318354961,17036.0,69397533.3046,679.168,30698229.2135,-0.11529336125653977,0.0008356005643895662,5.354034350446568e-05
2024-01-03 05:30:00+00:00,7626.0,8339882.8378962,116.66435,5279711.8744438,0.2661357424478277,16469.0,58297074.65603,822.596,37260994.22723,0.278314373305381,0.00078222292131706,-5.337764307178361e-05
2024-01-03 05:45:00+00:00,9033.0,9226781.2025108,93.65659,4240175.6370682,-0.08089819320428682,15536.0,45438890.5546,429.434,19453278.0072,-0.14376087224996525,0.0005248291249254661,-0.0002573937963923356
2024-01-03 06:00:00+00:00,11124.0,10464069.2591221,81.09223,3666421.4187097,-0.2992360184326035,18079.0,52204073.22198,380.18,17200656.829,-0.3410224234473015,0.000616783091945174,9.195396702033065e-05
2024-01-03 06:15:00+00:00,11486.0,17043608.9221438,187.86143,8487948.6948855,-0.003972840064689898,16771.0,59551333.7508,671.057,30339693.96,0.018942550874183395,0.0006320448718988711,1.526177995359035e-05
2024-01-03 06:30:00+00:00,9085.0,11763072.8687375,148.74008,6733209.4111487,0.14480450580960436,17694.0,65088569.67833,886.448,40152952.95233,0.2337942944749687,0.0007057034795419691,7.36586076417467e-05
2024-01-03 06:45:00+00:00,9273.0,11527282.4208659,111.20526,5031801.5457563,-0.12697522936575656,13209.0,37392916.1691,384.524,17409118.7697,-0.06885471617288885,0.0006871729862215335,-1.8530493321122776e-05
2024-01-03 07:00:00+00:00,11135.0,16893730.2087446,206.62322,9363431.0929893,0.10850960413024269,21781.0,93774017.2878,1305.436,59208144.79,0.2627835833946506,0.0007888443663270883,0.00010167138010608312
2024-01-03 07:15:00+00:00,12556.0,14650466.7816299,163.36686,7405008.064641,0.01089039346187648,20613.0,81544689.3893,929.333,42163252.1247,0.03411399173794649,0.0005651737618858301,-0.00022367060444139497
2024-01-03 07:30:00+00:00,9921.0,8949118.342217,93.50751,4238781.1703637,-0.05269301214456612,15417.0,48155707.7991,587.522,26655399.0691,0.10705045309699202,0.0006809985155596031,0.00011582475367433176
2024-01-03 07:45:00+00:00,15579.0,17779560.7304736,118.12839,5342206.0334919,-0.39906208994966574,28223.0,130106280.98958,932.116,42164758.9002,-0.3518413011347714,0.0005453629505586962,-0.00013563556499995855
2024-01-03 08:00:00+00:00,28480.0,39021476.1191802,407.4294,18341588.2074127,-0.059923404671138436,61949.0,295096473.57627,2860.532,128881721.8168,-0.1265112710098888,0.0004138061147538117,-0.00013155683580556854
2024-01-03 08:15:00+00:00,17223.0,22286554.5753074,232.68143,10485079.371353,-0.059066816638400965,32277.0,150979264.9582,1778.493,80209204.75,0.0625194760645662,0.0005495027936743627,0.0001356966789192171
2024-01-03 08:30:00+00:00,14104.0,16137152.2376508,190.42247,8594352.8144888,0.06516350443006558,21698.0,86553597.33998,1180.801,53328918.51778,0.2322750331983443,0.0005673180055821516,1.781521191013269e-05
2024-01-03 08:45:00+00:00,12105.0,13524076.9089684,107.77943,4862147.6546225,-0.2809642111103051,20357.0,80569831.66437,613.292,27674599.9911,-0.3130282285711067,0.0007477598064760736,0.00018044180089127337
2024-01-03 09:00:00+00:00,12263.0,14034041.2416345,158.24493,7140516.393783,0.017599459890338398,23430.0,91678007.74418,1350.173,60991211.10238,0.33055271603569314,0.0005330437476432258,-0.0002147160588314989
2024-01-03 09:15:00+00:00,18812.0,17046679.7092581,223.06975,10095280.0706652,0.1844277293697758,29907.0,139559397.72163,1934.336,87598022.67213,0.2553511136076416,0.0006613497800380813,0.00012830603239599725
2024-01-03 09:30:00+00:00,23927.0,19669324.7038381,241.44894,10935978.7857491,0.11198314638785223,30749.0,153222001.001,1871.268,84848053.1796,0.10751788418487296,0.0008775895458783968,0.00021623976584095317
2024-01-03 09:45:00+00:00,37062.0,32894502.6936409,358.84137,16296226.0584835,-0.009182402892270791,54161.0,254291245.70727,3064.775,139366632.92746,0.09611821311295432,0.0007155868474938479,-0.00016200269838506642
2024-01-03 10:00:00+00:00,19030.0,21370513.889717,218.45142,9911966.4698657,-0.07236985305860055,28716.0,116685900.5526,1005.501,45657982.1124,-0.2174207527015114,0.0007501926261331106,3.4605778637342155e-05
2024-01-03 10:15:00+00:00,17426.0,15900158.4932599,147.16648,6675624.7714202,-0.1603071410577438,20380.0,63383335.5088,690.222,31327488.0502,-0.011491339206957218,0.0005657117777816906,-0.00018448084835043232
2024-01-03 10:30:00+00:00,16298.0,18552328.2980505,145.55477,6593696.9911765,-0.2891784917508846,24199.0,92162140.82483,743.905,33712233.9423,-0.2684146952190293,0.0006971316560885266,0.00013141987830778135
2024-01-03 10:45:00+00:00,20549.0,27567713.3791893,232.44646,10493180.4070521,-0.2387340754222047,45135.0,211598149.95593,1890.268,85376854.3566,-0.19302834760718257,0.0006106374652456444,-8.649419084250098e-05
2024-01-03 11:00:00+00:00,18912.0,24722473.8069823,260.87303,11767089.8581933,-0.048065339248538064,35125.0,133820319.60106,1489.849,67240359.92008,0.0049349772969364825,0.0005267492530813925,-8.388821216520626e-05
2024-01-03 11:15:00+00:00,38935.0,63196607.7505441,496.1425,22268183.6238813,-0.2952728187000012,89801.0,451735023.47419,3800.25,170784902.7393,-0.24387132338850914,0.00045567296297961614,-7.107629010150163e-05
2024-01-03 11:30:00+00:00,64331.0,87887219.7956806,813.19807,36266923.070871,-0.17469404185991977,173176.0,933327963.75982,9502.604,423876577.85098,-0.09168782183824253,0.0004944857280256183,3.881276504635878e-05
2024-01-03 11:45:00+00:00,41946.0,59882889.2622398,608.61062,27049520.9534702,-0.09658597683840386,108849.0,510499624.62776,6376.666,283664601.79052,0.11132149018663506,0.0005937726833913256,9.928695536487453e-05
2024-01-03 12:00:00+00:00,94946.0,137314176.2241247,1359.89392,59760552.4027235,-0.12957927511894907,282965.0,1800121376.43032,16710.709,734329185.21007,-0.18413369806622615,0.0005952069320374501,1.4342486451823788e-06
2024-01-03 12:15:00+00:00,274073.0,381742776.8394323,3893.48969,163898261.3111837,-0.14131571699588608,613380.0,4241286983.19982,45435.058,1915188858.47956,-0.09688315548284154,0.0018215084707593847,0.0012263015387237175
2024-01-03 12:30:00+00:00,145270.0,211529729.2407466,2507.9658,105955457.4743283,0.0018020431892868949,314169.0,1571622202.90889,18402.236,778078018.47516,-0.009840893014837704,0.00016942338080800168,-0.001652085089951072
2024-01-03 12:45:00+00:00,82873.0,138325886.2144686,1654.76044,69849213.9244636,0.009922521893917402,187815.0,724682778.01923,8155.721,344545995.43093,-0.04911222984303565,0.00017952293192786845,1.009955111896943e-05
2024-01-03 13:00:00+00:00,120678.0,119067590.551564,1484.65292,63161181.3064552,0.06092986368280151,168138.0,831124868.63829,10604.918,451365528.78711,0.0861557530497783,0.00015002597440455268,-2.9496957523633682e-05
2024-01-03 13:15:00+00:00,45132.0,66959367.0596385,750.17231,31972702.7783344,-0.04501179798018795,110951.0,427217336.91531,4707.575,200721571.27946,-0.060330403589167525,0.00024068644642511657,9.06604720203319e-05
2024-01-03 13:30:00+00:00,41862.0,71391059.5606274,756.3027,32155348.2999033,-0.09917716594201753,105530.0,430987927.29008,4591.567,195162038.95829,-0.09435032120083231,0.000245329499701131,4.6430532769647925e-06
2024-01-03 13:45:00+00:00,31931.0,50264162.1413662,613.01951,26085620.6325588,0.037941130270664924,74578.0,254541039.9846,3114.345,132573398.55371,0.04166619702450203,0.0001880582986267309,-5.7271201074016176e-05
2024-01-03 14:00:00+00:00,35405.0,49026372.1505013,600.78494,25490005.9756485,0.03984875313226133,89511.0,328916399.98145,3618.332,153556654.76841,-0.06628763553857353,0.0003831908560659315,0.00019513255743852653
2024-01-03 14:15:00+00:00,28091.0,42952915.2473639,503.09523,21324118.3319174,-0.007093315593935112,61240.0,202184918.89075,2063.473,87485563.5944,-0.13459852421858864,0.00024374015245563215,-0.00013945070361032208
2024-01-03 14:30:00+00:00,47167.0,67035712.3140757,721.23587,30441504.2996318,-0.09178247686823193,114984.0,497655341.88496,5838.174,246502559.45685,-0.009344264152066462,0.00047682643471698877,0.00023308628226104133
2024-01-03 14:45:00+00:00,30931.0,48280480.0487771,622.52049,26256429.4944179,0.08766232099976601,73442.0,275016146.21442,3439.987,145223132.75295,0.056106230502734666,0.0004674232082819118,-9.403226435722445e-06
2024-01-03 15:00:00+00:00,26870.0,34641755.3298012,424.42295,17933756.0956482,0.03538379766918798,53739.0,176118661.2135,2086.372,88191419.161,0.0014999949845164728,0.0005714347492771906,0.00010401154099604071
2024-01-03 15:15:00+00:00,37561.0,47256964.1455014,647.63755,27441276.0995005,0.16136432357399988,64496.0,278631154.87276,3549.304,150492984.49446,0.08023084901029298,0.00026142432085730384,-0.0003100104284197158
2024-01-03 15:30:00+00:00,32026.0,38399878.3262879,462.41563,19606704.7798643,0.021185776333144446,49399.0,170525377.15476,2009.986,85263469.09541,9.154274196898626e-06,0.00031513312160191863,5.370880074373474e-05
2024-01-03 15:45:00+00:00,24861.0,31466725.1159043,400.91344,17007338.606793,0.080972903544827,39529.0,119203266.4163,1434.383,60888498.4729,0.021591107415728228,0.00045792286332767355,0.00014278974172654557
2024-01-03 16:00:00+00:00,65420.0,103266774.4455095,1286.80004,55048189.1980877,0.06613554056798465,145706.0,868616871.16909,11383.551,487403587.74418,0.12225217796696275,0.0003252958471151276,-0.0001326270162120835
2024-01-03 16:15:00+00:00,80976.0,140609860.0365641,1671.02874,72352381.1773454,0.029122440752461065,196080.0,1040374096.08759,12076.93,523344891.21261,0.006070591685606752,0.0001668342330154494,-0.00015846161410060233
2024-01-03 16:30:00+00:00,34677.0,49914425.6635528,659.41717,28560047.9629689,0.1443604762870494,72617.0,277399716.56727,3412.182,147788069.82515,0.06552430300923628,0.00029718574984031006,0.00013035151682494472
2024-01-03 16:45:00+00:00,60653.0,73706887.4244314,758.68307,32699465.2072996,-0.11271615584567996,111055.0,573380988.37598,5681.928,244584311.12756,-0.14686982622039768,0.00044901759825639236,0.0001518318484166059
2024-01-03 17:00:00+00:00,34636.0,37110107.4445937,449.79358,19322798.7160609,0.041376597732049714,64613.0,239284522.48356,2757.48,118528345.58296,-0.009310386206834886,0.00038441025069705243,-6.46073475589759e-05
2024-01-03 17:15:00+00:00,26186.0,28915504.3263955,348.75564,14964308.6692428,0.035037016842389246,44061.0,165310341.06192,1851.081,79453761.5038,-0.03873210842824215,0.0002674534348761948,-0.00011695681582146733
2024-01-03 17:30:00+00:00,32418.0,43384000.1980776,479.89485,20502156.6889212,-0.05485171513392739,70239.0,351588785.63189,3550.903,151719475.98758,-0.13694928741880408,0.00021733923117082387,-5.0114203705931004e-05
2024-01-03 17:45:00+00:00,22990.0,23171970.0242839,303.52143,12999922.5031108,0.12203860867134408,37721.0,131604479.20687,1676.235,71841334.01408,0.09177642656299123,9.141591688423481e-05,-0.0001259233142860694
2024-01-03 18:00:00+00:00,19971.0,30541232.1513928,391.77097,16739240.3095148,0.09617321439674953,46973.0,204502861.06815,2567.879,109770744.38479,0.07353749293716927,0.00019808787009608294,0.00010667195321190093
2024-01-03 18:15:00+00:00,24534.0,27045530.0928439,350.44422,15041685.6794483,0.11232322885238966,44632.0,188521833.0736,2185.915,93897427.78188,-0.003856197969156039,0.0001585769124667554,-3.9510957629218524e-05
2024-01-03 18:30:00+00:00,22921.0,23547801.5414796,271.24896,11635568.3269779,-0.011749075047895796,35706.0,135597887.15059,1335.874,57302715.6155,-0.1548140340584846,0.00027552326790525756,0.00011694635543868515
2024-01-03 18:45:00+00:00,23504.0,28078459.0040433,321.6439,13720767.9773661,-0.022683689629099058,51402.0,228387815.43213,2424.216,103385020.77938,-0.09465379679939268,0.0001653362101541822,-0.00011018705775001081
2024-01-03 19:00:00+00:00,52946.0,62483360.1395993,628.30508,26607517.9825449,-0.14833267855317578,102804.0,577272762.36521,5785.744,244856624.20992,-0.15167788895256384,0.00028110585524150617,0.00011576964508641652
2024-01-03 19:15:00+00:00,37435.0,54160692.9456416,642.25706,27204060.95081,0.004568423011624523,84145.0,329877345.24691,3965.655,168031591.91111,0.01875193511903639,0.00010341041187164165,-0.00017769544337120635
2024-01-03 19:30:00+00:00,19725.0,37217554.0790962,454.92117,19369701.5659364,0.04089062514807695,48442.0,173370854.38427,2291.292,97588570.62977,0.12577827428211874,9.958834871407501e-05,-3.822063156633249e-06
2024-01-03 19:45:00+00:00,33094.0,42443153.3619732,546.67748,23413127.7415387,0.10326994518346089,81914.0,443392913.27278,5412.705,231989188.75637,0.04642713860267689,5.856343886181905e-05,-4.1024909853248914e-05
2024-01-03 20:00:00+00:00,15122.0,22093890.8545335,277.84382,11842885.7568293,0.07205071617335612,37518.0,155579270.39265,1644.308,70100765.6079,-0.09884182602245006,8.756169671990007e-05,2.899825785895871e-05
2024-01-03 20:15:00+00:00,13886.0,21384402.0249998,254.82986,10855621.3888942,0.01528407258741682,28785.0,87054009.99207,912.236,38866156.18828,-0.107079474183431,9.55213736841414e-05,7.95967696376465e-06
2024-01-03 20:30:00+00:00,13203.0,21681621.36468,323.45187,13810391.1649226,0.2739260530967611,28154.0,99745001.31538,1330.24,56804035.48978,0.13898510683604948,8.426611243271893e-05,-1.125526125100862e-05
2024-01-03 20:45:00+00:00,18009.0,21818824.7253133,287.10064,12282295.9608919,0.12584395498099288,31690.0,112203288.60987,1147.147,49070116.38819,-0.12533550493682177,1.2889519824365955e-05,-7.137659260969542e-05
2024-01-03 21:00:00+00:00,11060.0,17588927.6422321,234.09234,9998457.4983849,0.1369035909134093,23347.0,75636016.2927,885.387,37823176.3038,0.00013665863707057468,8.145541163360213e-05,6.856589181047923e-05
2024-01-03 21:15:00+00:00,13420.0,14769566.9411218,170.28196,7267589.069796,-0.01586971388289049,25804.0,75812369.2876,831.403,35475746.3207,-0.06411719738978072,4.456944217998682e-06,-7.699846741537897e-05
2024-01-03 21:30:00+00:00,20473.0,26584989.1067219,365.65198,15655697.8660451,0.17778478698617373,42309.0,211455191.37889,2692.484,115267711.21879,0.09023297529026664,0.00013545420384159388,0.0001309972596228448
2024-01-03 21:45:00+00:00,14562.0,14359473.3293322,180.64172,7734662.1700825,0.07729050957361361,22501.0,93184829.8163,1064.53,45578488.8739,-0.02176161154661782,0.00017822700568893656,4.277280184794563e-05
2024-01-03 22:00:00+00:00,15333.0,16748404.3292613,197.85656,8491289.5451104,0.013981914715921473,27154.0,93340148.26028,1012.262,43456114.23088,-0.06886554090953101,0.00022086390493282053,4.2636899244996584e-05
2024-01-03 22:15:00+00:00,15040.0,16959648.4138982,188.65924,8090733.4165435,-0.045884299121053185,24075.0,94014999.2822,992.212,42557130.4715,-0.09467359896991645,7.26872185437275e-05,-0.00014817668638933412
2024-01-03 22:30:00+00:00,17251.0,24029469.7884401,211.08012,9039400.7253534,-0.2476404344383829,34849.0,123236734.15825,1029.558,44064674.4251,-0.28487760202220325,0.00010517425732724688,3.248703878178105e-05
2024-01-03 22:45:00+00:00,9149.0,11199837.885968,134.91316,5758393.1483877,0.028299374869032556,15963.0,48273629.0036,555.337,23713513.759,-0.01753755628226883,6.986316434687426e-05,-3.5311092979384284e-05
2024-01-03 23:00:00+00:00,9007.0,7129186.4284253,73.89414,3157194.8916919,-0.11429027045677542,14246.0,40180126.38056,514.025,21959461.1921,0.09305087714828364,9.169238894102192e-05,2.1829224595038e-05
2024-01-03 23:15:00+00:00,11315.0,16373808.4303362,139.42013,5948322.0261125,-0.27343451568764154,24756.0,81118144.5589,888.404,37910486.0617,-0.0653019427934981,5.957793957318162e-05,-3.2114449370013176e-05
2024-01-03 23:30:00+00:00,9283.0,12510591.20581,145.59958,6217532.4145573,-0.0060369950111011095,18781.0,61159942.6265,829.294,35428555.4297,0.15855424018495268,-1.2392974680052267e-05,-7.197091425226176e-05
2024-01-03 23:45:00+00:00,8315.0,9614591.3792897,87.82082,3752388.7919924,-0.2194387376513517,13184.0,39586384.2536,431.857,18455430.3218,-0.06758696608561021,7.961093671147712e-05,9.200391139074782e-05
2024-01-04 00:00:00+00:00,9627.0,9586799.4052015,122.5887,5245259.5837169,0.09426709833335711,15414.0,50942541.42309,687.688,29435927.61229,0.15565210490060055,9.965606994797926e-05,2.0045133236834545e-05
2024-01-04 00:15:00+00:00,21134.0,33081751.3628024,395.5497,16944504.9651082,0.024401929588337756,35938.0,161303825.75068,1888.384,80952569.23638,0.0037278267845266555,0.00010200609669948632,2.3500267527509777e-06
2024-01-04 00:30:00+00:00,15101.0,18101403.7945949,187.00952,8022061.3567657,-0.11365312350403489,25184.0,94337846.1596,964.843,41389994.282,-0.12251559756883279,0.00013382065208346664,3.1814555383036236e-05
2024-01-04 00:45:00+00:00,10790.0,10148301.4885723,90.98505,3902248.3945231,-0.23095536747360024,17582.0,51264146.0814,565.015,24238585.1535,-0.05436500922057086,0.00023797802781865387,0.00010415737573588046
2024-01-04 01:00:00+00:00,9547.0,8102993.0573007,80.72312,3459280.5803824,-0.14617214752130891,15607.0,45059158.984,547.492,23466295.8436,0.04157717865673516,0.00021898982344563468,-1.8988204374181805e-05
2024-01-04 01:15:00+00:00,11321.0,12193346.5237136,134.24275,5755488.840431,-0.05596239240183409,18701.0,59336178.1112,746.393,32007209.0048,0.07884295968022514,0.0001468707784576638,-7.211904498660715e-05
2024-01-04 01:30:00+00:00,17287.0,21846402.3945029,211.31954,9023202.3339477,-0.1739415789376687,37581.0,139275188.60571,1397.208,59683041.1245,-0.1429479762764706,0.00015685227942034176,9.98150096265249e-06
2024-01-04 01:45:00+00:00,10614.0,13042539.2741348,141.2735,6030874.2225153,-0.07519937709133429,23824.0,77567802.7602,944.375,40316373.5457,0.03951309979316098,0.00019429009822614958,3.743781880594099e-05
2024-01-04 02:00:00+00:00,8789.0,10098759.1686111,113.9505,4865259.444308,-0.03646391342212252,18454.0,61469393.5307,866.637,37015114.0557,0.2043429072458096,0.000201113005466402,6.82290724007828e-06
2024-01-04 02:15:00+00:00,10169.0,11415256.9469074,167.12919,7155353.7426226,0.2536474257044412,21270.0,72696194.96689,1127.057,48243977.67759,0.3272765568971816,0.000157817264020868,-4.329574144534831e-05
2024-01-04 02:30:00+00:00,10689.0,15016151.9962977,196.89316,8450646.8644935,0.12554093306687952,24612.0,104644521.80958,1164.83,50002464.84428,-0.04433669379714489,0.0003098577092454359,0.00015204044522221238
2024-01-04 02:45:00+00:00,8887.0,7616815.5331916,97.80369,4197267.8800669,0.10210569279945769,15649.0,45386507.9059,529.26,22720512.4589,0.0012011722076752385,0.00041742781497143257,0.00010757010572781667
2024-01-04 03:00:00+00:00,23475.0,19909175.1512103,262.5791,11310711.4814372,0.1362310488036076,48467.0,215684973.0373,2775.956,119665355.5944,0.10963090204439419,0.0002899542015521322,-0.00012747361341958197
2024-01-04 03:15:00+00:00,11559.0,15295474.4502028,166.10503,7168827.0704678,-0.06262115715243477,25177.0,87209087.3252,911.48,39342908.3382,-0.09773374438625859,0.0002099177088587645,-8.003649269205937e-05
2024-01-04 03:30:00+00:00,13755.0,18398174.1127178,173.34447,7476933.043565,-0.18720923089900043,24882.0,97073339.91666,903.032,38952150.8876,-0.19746964674252598,0.0002961897819918346,8.627207313338658e-05
2024-01-04 03:45:00+00:00,9328.0,9582727.8571458,84.98723,3657561.9155881,-0.23663450113306272,14917.0,49176564.4199,535.813,23068163.1706,-0.06182290516963651,0.00032066848033940803,2.4478698346541705e-05
2024-01-04 04:00:00+00:00,9852.0,11659426.4051895,113.81233,4905289.3904878,-0.15857106172830204,15663.0,53232544.84792,695.759,29999248.31572,0.1271017908846861,0.00038968992309641525,6.902144275677813e-05
2024-01-04 04:15:00+00:00,14649.0,21675704.0557478,185.5973,7982866.7291529,-0.2634272262970795,24978.0,101182821.12516,868.793,37381468.0579,-0.26111038134308817,0.00016032883711138683,-0.00022936108598514693
2024-01-04 04:30:00+00:00,8779.0,9519639.1615871,119.32022,5142261.373512,0.08034795988101084,16138.0,49075838.1342,655.348,28246931.7839,0.15115433002519674,0.0001669309744298293,6.602137318623136e-06
2024-01-04 04:45:00+00:00,8215.0,6755655.6588551,76.50561,3297175.9758781,-0.02387683967987153,13504.0,32691949.74742,360.726,15552393.57222,-0.048549034708621486,0.00016217568813167515,-4.7552862980637656e-06
2024-01-04 05:00:00+00:00,10078.0,8565294.6872111,103.28129,4456775.5925632,0.04065902115840614,16444.0,50385315.9107,608.843,26279893.1876,0.04315682903236939,0.00025744084708842106,9.526515895608156e-05
2024-01-04 05:15:00+00:00,8999.0,8559068.4418788,100.40018,4332547.8277059,0.012387704836453794,14000.0,39697543.2493,496.188,21419449.2711,0.07913223428392868,0.0002131178688865226,-4.4322978201449814e-05
2024-01-04 05:30:00+00:00,10020.0,9304760.8129323,92.93378,4008817.645257,-0.1383297806676962,18821.0,46661853.8396,456.964,19718148.3051,-0.15484933912479837,0.00018008016400688655,-3.303770487939062e-05
2024-01-04 05:45:00+00:00,17484.0,14453115.4542724,216.95219,9373596.0563931,0.2971038785443627,26057.0,92075784.5276,1179.833,50994044.0981,0.10765375195504046,0.0001424675379948532,-3.761262601287285e-05
2024-01-04 06:00:00+00:00,12343.0,9614350.6051749,91.02598,3930036.7346917,-0.18246444381248839,16451.0,42348216.15282,480.741,20756268.2331,-0.019733527466760825,0.00017505057061180618,3.258303261688411e-05
2024-01-04 06:15:00+00:00,13733.0,12229335.5361374,117.97079,5094621.5158964,-0.16681957072125253,19024.0,64716435.9837,570.702,24648827.8116,-0.23825138276130498,0.0001553978129144765,-1.9652757696775325e-05
2024-01-04 06:30:00+00:00,9939.0,11418675.9878511,89.77472,3870993.9082937,-0.32198900951174314,16391.0,49627034.4101,551.557,23788100.5589,-0.041324921319147334,0.00013701188234383564,-1.8385930570019582e-05
2024-01-04 06:45:00+00:00,10262.0,10949597.551835,114.26078,4932616.3625686,-0.09903239105953043,16212.0,54031318.6732,615.432,26572546.2805,-0.016402081865893314,0.00013818000293491127,1.1681205904778835e-06
2024-01-04 07:00:00+00:00,8963.0,8128079.3620283,67.26214,2903206.5557737,-0.2856352832044132,12716.0,33025420.0829,295.795,12768684.8506,-0.22673596165933962,0.00019091937467953057,5.273937174443688e-05
2024-01-04 07:15:00+00:00,22997.0,28811235.8826698,337.08998,14543451.3944339,0.00956803475285195,41257.0,236847728.9662,2159.964,93190146.09012,-0.21307967362086078,1.345701099845536e-05,-0.0001774623636823236
2024-01-04 07:30:00+00:00,19605.0,18307086.9942112,155.45918,6689845.5099113,-0.2691523766695745,31093.0,133538244.07666,1335.181,57454989.5092,-0.13949760375436804,3.576178287265028e-05,2.230477187659119e-05
2024-01-04 07:45:00+00:00,31293.0,35031902.1768775,340.14688,14622264.0744729,-0.16520296267987422,53541.0,243198567.60362,2665.779,114631466.29268,-0.057301468325147153,0.00013304664746728256,9.7284864592595e-05
2024-01-04 08:00:00+00:00,22238.0,21177061.6426753,204.53431,8763674.6979672,-0.1723427125218412,47027.0,199412214.31015,2099.168,89969079.0879,-0.09765728845506727,0.0002787062809256903,0.00014565963345880562
2024-01-04 08:15:00+00:00,18251.0,20494658.3041558,231.00251,9899051.1965215,-0.03398719318836152,33295.0,113946150.83832,1456.244,62413150.37132,0.09548501484493332,0.0002591867546050281,-1.9519526318845237e-05
2024-01-04 08:30:00+00:00,34570.0,23561442.1167568,273.65364,11726439.8572453,-0.004607629776149924,38369.0,143161452.99351,1874.819,80375390.54572,0.12286357626397781,0.00020631678735029922,-5.28699672557309e-05
2024-01-04 08:45:00+00:00,24908.0,15782664.9254898,118.42585,5074049.7298272,-0.3570097630809669,29295.0,87761205.64949,809.121,34671164.6935,-0.2098749228224287,0.00024511433397814684,3.879754662783341e-05
2024-01-04 09:00:00+00:00,11733.0,10870831.3065547,108.57605,4651520.3492167,-0.14421993717959558,20699.0,62237823.574,788.195,33776728.1254,0.08540839591666916,0.00021094791764817477,-3.416641632902895e-05
2024-01-04 09:15:00+00:00,11685.0,12248329.279711,115.93349,4974067.9189963,-0.18779650588987717,21157.0,57050009.56952,701.127,30087393.22712,0.05477259177164928,0.00014414259786253315,-6.680531978631166e-05
2024-01-04 09:30:00+00:00,12402.0,11689266.3172373,146.54205,6295233.6380527,0.07709645194234005,28050.0,107806365.83796,1539.379,66156485.76986,0.22732058085136653,0.000347713843153764,0.0002035712452919114
2024-01-04 09:45:00+00:00,21032.0,22299830.5251619,169.96821,7304967.5017587,-0.34484098491096804,30228.0,114822351.65376,1114.066,47918649.48976,-0.16534283091055568,0.0002797867586939965,-6.792708446035078e-05
2024-01-04 10:00:00+00:00,17320.0,14429741.3201329,104.23562,4481916.3097488,-0.37879464221642467,20020.0,59072644.7428,675.047,29038719.2877,-0.016847157795847556,0.00029897124821410723,1.9184489520540637e-05
2024-01-04 10:15:00+00:00,16975.0,17192866.5069912,176.1341,7574512.7042784,-0.11887727375788704,24753.0,75532101.8204,768.95,33077577.1872,-0.12414519416256253,0.00024682906281366877,-5.2142185401393704e-05
2024-01-04 10:30:00+00:00,25656.0,31870442.4272249,328.34342,14053653.5711262,-0.11807602902173364,55295.0,222493969.59466,2003.432,85736309.18939,-0.22931565879664428,0.00026383279089859014,1.7003728085995817e-05
2024-01-04 10:45:00+00:00,29623.0,28678439.4469822,349.23186,14998360.6247159,0.045967696564755745,53821.0,210199508.46372,3054.063,131179792.45942,0.24814556816208122,0.00034633886465791836,8.25060737579264e-05
2024-01-04 11:00:00+00:00,13243.0,18872938.994105,264.47066,11386078.7430303,0.20660367170018024,26715.0,87988011.488,1062.395,45753439.215,0.03999257265269507,0.0003769610024634647,3.0622137806801675e-05
2024-01-04 11:15:00+00:00,14152.0,15457957.7621864,187.66377,8085790.9501868,0.04616548635764062,31905.0,108185333.99832,1116.393,48120199.92826,-0.11041176932527186,0.00025579966634609605,-0.00012116133611961288
2024-01-04 11:30:00+00:00,13518.0,16060457.8078231,178.7274,7697107.165427,-0.041483467342043556,29130.0,99069028.7532,1279.97,55120535.6297,0.11277028398079603,0.000300816299878398,4.501663353373431e-05
2024-01-04 11:45:00+00:00,16046.0,18743455.2174293,236.29162,10202477.3423452,0.08864424664434845,40616.0,159053373.83822,1987.203,85848138.93312,0.07948843663561411,0.0003336329882759734,3.281668839605345e-05
2024-01-04 12:00:00+00:00,10567.0,11568331.4743815,159.83653,6900084.9378162,0.19292656042864853,23056.0,68598282.8143,767.115,33126776.6088,-0.034180587334049384,0.00027511297636868603,-5.852001190653766e-05
2024-01-04 12:15:00+00:00,14262.0,17244522.8930702,206.8383,8931153.5776748,0.03582495532698449,31619.0,121054352.084,1557.109,67260366.7945,0.11124244005416362,0.0002610425462147432,-1.4070430152557378e-05
2024-01-04 12:30:00+00:00,39880.0,39304989.7200303,510.67942,22118273.6728609,0.1254689967054825,74948.0,332673397.26933,4027.648,174536559.47887,0.04929676320085452,0.0003170599467874567,5.601740057059601e-05
2024-01-04 12:45:00+00:00,17672.0,19786687.7735555,234.43812,10143824.1313692,0.025318057014697803,36643.0,124288029.44672,1368.223,59206597.3749,-0.047267904423880513,0.00015691982365204877,-0.00016014012313370074
2024-01-04 13:00:00+00:00,15213.0,20574548.7626389,280.73573,12169139.243729,0.1829313375588395,29851.0,98290271.86221,1297.257,56239064.89931,0.14434651230082562,0.00018625167634235266,2.9331852688940785e-05
2024-01-04 13:15:00+00:00,14502.0,19231465.2973677,258.35192,11194632.2065652,0.1641996107387056,27130.0,84899980.4843,912.086,39517687.1625,-0.06907664908573807,-6.928516074114546e-07,-0.00018694452794854044
2024-01-04 13:30:00+00:00,12644.0,14040121.9216975,141.5404,6124242.5443076,-0.12760835290992145,25862.0,76398868.9272,745.46,32258868.5652,-0.15551449862590838,8.510567447232729e-05,8.579852607937255e-05
2024-01-04 13:45:00+00:00,13553.0,17181212.3312031,177.80316,7690047.8501183,-0.10483059031262076,28564.0,100163877.5094,1226.536,53058635.1123,0.05943652405670208,4.411294809298669e-05,-4.0992726379585065e-05
2024-01-04 14:00:00+00:00,18420.0,21414528.7305857,263.34418,11433444.8217627,0.06782128765062834,47343.0,197956838.92521,2462.561,106933181.66431,0.08036865252945757,-5.721478431589331e-05,-0.00010132773240911774
2024-01-04 14:15:00+00:00,15618.0,17262349.1696797,184.09745,7973852.678663,-0.07615671537120772,31098.0,100815014.3765,1008.894,43706341.509,-0.13293983481912863,1.9166960041052487e-05,7.638174435875555e-05
2024-01-04 14:30:00+00:00,15133.0,18543615.7367108,189.06879,8199428.656097,-0.11566020645427966,32355.0,117451397.33621,1449.303,62860030.31571,0.0704007230458108,4.846241452224694e-05,2.9295454480049443e-05
2024-01-04 14:45:00+00:00,19041.0,19067858.172011,207.83334,9005952.5467037,-0.055378693772413,30537.0,127021955.64971,1612.144,69895676.19231,0.1005290516084032,0.00018245809295407134,0.0001339956784303098
2024-01-04 15:00:00+00:00,48658.0,60297435.7033196,767.76471,33460037.0204432,0.10983283551479794,117274.0,568817900.39991,6915.102,301543744.96514,0.06024703073914628,-4.7395497230578695e-05,-0.00022985359018434792
2024-01-04 15:15:00+00:00,28474.0,41527936.3986422,517.00943,22600874.4916892,0.08846605209249758,74206.0,313648321.38467,3881.504,169739205.2685,0.08235366616437578,2.510191949939022e-05,7.24974167312098e-05
2024-01-04 15:30:00+00:00,77600.0,73059280.9229038,927.41087,40765354.0745387,0.11595278682133636,127375.0,666448318.62054,8787.156,386518994.11731,0.15993688728138222,0.0002216993387879637,0.0001965974192881248
2024-01-04 15:45:00+00:00,62386.0,75727429.6031541,824.36216,36414942.3002326,-0.03826281993028602,135807.0,652752405.69494,6664.976,294556457.4125,-0.09749407327298532,-2.719152349734777e-05,-0.0002488908622861885
2024-01-04 16:00:00+00:00,25584.0,31933375.6031474,333.70364,14697472.7473072,-0.07949144306193567,62578.0,228865506.32785,2198.411,96826066.7558,-0.15386055059693815,-1.5890762359573712e-05,1.1300761139310112e-05
2024-01-04 16:15:00+00:00,32181.0,46072105.5004616,477.11991,20971495.3546602,-0.08962288018505749,87084.0,333923227.65851,3277.122,144038277.03439,-0.13729704851983404,6.123468010928046e-05,7.712544246984976e-05
2024-01-04 16:30:00+00:00,25871.0,26560043.5630298,287.82578,12644345.8847954,-0.04786708238719373,59455.0,223375746.99618,2185.178,96023919.20055,-0.14024758290171824,-4.330395995218131e-06,-6.556507610611106e-05
2024-01-04 16:45:00+00:00,22904.0,27253180.1476821,306.23193,13429420.0873262,-0.014469503041216192,51261.0,200925194.6188,2334.254,102386813.2346,0.019153555419972657,-7.214878311234122e-05,-6.781838711766852e-05
2024-01-04 17:00:00+00:00,19360.0,21545747.6002068,232.65704,10224570.999219,-0.05089661413086788,37330.0,129875534.40945,1505.991,66195478.49175,0.019367947823951237,-5.943380083985305e-05,1.2714982272399311e-05
2024-01-04 17:15:00+00:00,20744.0,26162768.9607791,307.53606,13532914.3168452,0.034516976175766656,47110.0,178356763.63493,2495.575,109871609.5411,0.23204309499572418,-0.00011324387079652083,-5.3810069955417816e-05
2024-01-04 17:30:00+00:00,20845.0,29458994.9340926,321.05783,14168413.4748322,-0.03809254141014595,56974.0,233945162.92298,2638.327,116439592.96549,-0.004556525036386261,-0.00010434790508359204,8.895965711630538e-06
2024-01-04 17:45:00+00:00,23520.0,35954539.1150988,293.6192,12909429.0151456,-0.2819026841746166,47857.0,212965122.31216,1961.599,86210080.0946,-0.190383109134321,-2.030579848113311e-05,8.404210660373224e-05
2024-01-04 18:00:00+00:00,15225.0,18943332.0836117,241.28341,10604325.2729759,0.1195839492408981,39564.0,161728981.20815,2080.534,91439261.49325,0.13077150193093656,-0.00015936706075737485,-0.0001390612622760301
2024-01-04 18:15:00+00:00,15285.0,21385398.4358642,227.65774,10026695.9082055,-0.06228579857644223,31820.0,91097843.32224,1049.907,46241574.01229,0.015206778248742614,4.5248863641584176e-05,0.000204615924399576
2024-01-04 18:30:00+00:00,14557.0,17701270.8030154,192.42443,8463379.2402462,-0.043754616894006504,35107.0,106088479.5505,1131.439,49765437.3462,-0.061812601008938706,-0.0001423596639714413,-0.0001876085276144579
2024-01-04 18:45:00+00:00,12400.0,13230825.9620852,163.52047,7201578.9306723,0.0886061008299015,27425.0,77971228.67219,1126.049,49592241.85619,0.2720651630279638,-0.00010844316239050768,3.391650158235393e-05
2024-01-04 19:00:00+00:00,13223.0,14624809.568057,159.86368,7047445.5007572,-0.036234219944991986,26984.0,73233656.25276,765.588,33755846.46666,-0.07813297344722359,-1.7253677644615892e-05,9.118948474373667e-05
2024-01-04 19:15:00+00:00,18203.0,24682608.1525077,300.02461,13250612.3873199,0.07368008319442265,45839.0,160363277.21419,2113.296,93352820.02429,0.16426680279928219,-0.00011580838791373435,-9.855471026831708e-05
2024-01-04 19:30:00+00:00,33200.0,34235280.4884232,436.16882,19339571.0740545,0.12980357094455552,74031.0,310632624.0867,3838.47,170251908.7482,0.09616244751344172,3.807587937430349e-05,0.00015388426728790705
2024-01-04 19:45:00+00:00,27076.0,34912992.4926964,362.0196,16003925.1941638,-0.08321091653706103,73650.0,295233428.81681,2889.675,127703954.4009,-0.13489502247295115,-2.5397539524114076e-05,-6.34734188977859e-05
2024-01-04 20:00:00+00:00,20033.0,21267414.0972171,206.47737,9085274.4692479,-0.14561550099908638,46519.0,174330471.40887,1715.675,75472273.1085,-0.13414708858912727,-0.00014742940478877924,-0.00012203186526527077
2024-01-04 20:15:00+00:00,14692.0,17405200.0508278,207.65184,9129024.4245409,0.04899965503202797,33586.0,112772754.9603,1296.311,56982196.7511,0.01056672369420708,-0.00010208548838636067,4.534391640298452e-05
2024-01-04 20:30:00+00:00,12017.0,14034545.3926937,169.4604,7460090.0687135,0.0631039139461087,27906.0,79658777.3254,1082.843,47670194.9418,0.19685981990586954,-4.969367481087379e-05,5.239181357552525e-05
2024-01-04 20:45:00+00:00,54171.0,73842972.2297871,944.39908,41924616.4047546,0.13550728359882758,141076.0,783749623.34678,9953.683,442258212.78166,0.1285701443609557,0.00020075180490297206,0.00025044547971475595
2024-01-04 21:00:00+00:00,26129.0,29413073.6812041,315.12772,13933010.0955227,-0.05259747780618096,65823.0,231174213.89355,2343.862,103662255.6497,-0.10316765954325768,6.845714596674992e-05,-0.00013229465893616066
2024-01-04 21:15:00+00:00,41514.0,57500694.4437863,649.38671,28798049.4713482,0.0016591886382062437,107530.0,469472111.63765,5494.489,243765385.30102,0.03846588224675651,1.3543314907084954e-05,-5.4913831061043084e-05
2024-01-04 21:30:00+00:00,16561.0,17478233.2049671,213.92244,9481253.6147242,0.0849212850678458,37582.0,99981342.10796,1197.26,53065891.63556,0.06151588919979423,5.403908378040988e-05,4.049576887332762e-05
2024-01-04 21:45:00+00:00,17244.0,20273131.100395,242.92392,10769105.5786032,0.06240180910124682,39046.0,107873651.3076,1148.412,50913659.8818,-0.056050124110094135,1.355690170585324e-05,-4.048218207586274e-05
2024-01-04 22:00:00+00:00,13053.0,17349750.0134708,218.87337,9711218.2347322,0.11946491761462341,29880.0,95312191.4442,1154.554,51226169.645,0.0749132690961174,7.291962999664277e-05,5.936272829210054e-05
2024-01-04 22:15:00+00:00,19029.0,26452399.5563088,335.39486,14929268.4547046,0.12876477787392449,48364.0,154203053.625,2071.482,92235795.4595,0.1962901290373198,7.417425957171659e-05,1.254629575342392e-06
2024-01-04 22:30:00+00:00,26771.0,41298029.6505045,512.15761,22864421.7284448,0.10728874582836112,77538.0,279093581.75802,2941.41,131266221.2403,-0.059339018737374016,-0.0001131180635573259,-0.00018729232312786337
2024-01-04 22:45:00+00:00,18823.0,20579640.4821392,244.64636,10858376.475294,0.05525424360234488,45446.0,136585601.09822,1351.788,59992613.45478,-0.1215382445527513,-0.00023096444658532084,-0.00011784638302891892
2024-01-04 23:00:00+00:00,19333.0,21588125.4471626,253.74075,11232648.2387861,0.040632107338661516,46228.0,156134037.74057,1458.184,64548865.02736,-0.1731608820030206,-0.00014216453425015615,8.879991233357032e-05
2024-01-04 23:15:00+00:00,11781.0,14811872.3997096,168.39455,7454788.9450139,0.006596430733505132,27139.0,83028951.01436,864.171,38254866.3197,-0.07851741224374231,-0.00012887690577596944,1.3287628474856206e-05
2024-01-04 23:30:00+00:00,7722.0,9703888.1552091,110.99678,4917412.0345338,0.01349313922051043,19625.0,69346580.78496,930.633,41224788.07536,0.1889494077060796,-0.00022569287809077893,-9.681597231470107e-05
2024-01-04 23:45:00+00:00,11989.0,19762525.492148,173.27143,7656547.0256771,-0.2251448805245887,27856.0,96644985.11146,845.909,37384882.584,-0.22634614634408046,-2.2874119531446252e-05,0.000202818758559431
2024-01-05 00:00:00+00:00,12273.0,13581690.2874104,125.82328,5553791.3476148,-0.18216492497065584,28868.0,91952175.66209,1006.064,44402521.2757,-0.03422576016314416,-0.0001653549642534018,-0.00014248084472257005
2024-01-05 00:15:00+00:00,15037.0,17900102.4898649,194.08676,8572238.8072427,-0.042213438487703425,28540.0,84001481.0662,1027.861,45398002.0051,0.08088575174817869,-8.326895833082692e-05,8.20860059231876e-05
2024-01-05 00:30:00+00:00,11954.0,16276978.2831637,183.0668,8091851.9953275,-0.0057304427692933535,23203.0,91471639.52976,1166.949,51582583.19046,0.12783773103089002,-0.00015650599051830072,-7.323703218631294e-05
2024-01-05 00:45:00+00:00,22004.0,29467445.5532303,314.08486,13842474.2180667,-0.060490384681528675,50816.0,175932772.92569,1649.421,72670127.43869,-0.1738875454502815,-2.6078649807565805e-05,0.00013042734071078144
2024-01-05 01:00:00+00:00,12237.0,14245567.2343557,162.60555,7177459.1822051,0.007676151342768556,27178.0,91904865.41536,1272.127,56167206.21506,0.22229015757141424,-8.14308302096129e-05,-5.535218040364498e-05
2024-01-05 01:15:00+00:00,11530.0,16237386.5925759,191.76877,8475078.6353673,0.04389688415034687,29014.0,127594050.3544,1498.158,66227122.6608,0.038091078335553474,-0.00018440667205687914,-0.00010297584184648656
2024-01-05 01:30:00+00:00,25024.0,31352933.6545329,248.80235,10933217.7877666,-0.3025713058793199,65370.0,283752915.63593,2669.378,117297015.7197,-0.17324538881427198,-1.1162330006605204e-05,0.00017324434205079342
2024-01-05 01:45:00+00:00,14286.0,16087332.4889438,185.46965,8145921.90949,0.012712569357085979,30899.0,78664257.111,957.623,42060900.962,0.06937769469174637,-2.5042141940600272e-06,8.658115811854827e-06
2024-01-05 02:00:00+00:00,127474.0,166417956.2260491,1775.28999,76625658.5742154,-0.07911789915106138,287249.0,1630504669.59854,17620.821,760450203.82918,-0.06722106595816535,-3.4581933248814965e-05,-3.20777190552235e-05
2024-01-05 02:15:00+00:00,56602.0,70093972.0609051,858.64867,37471313.8092943,0.0691736452525542,129297.0,592735839.81845,7324.962,319754528.97387,0.07891073052646225,-0.00023512141058336622,-0.00020053947733345012
2024-01-05 02:30:00+00:00,28124.0,35130715.548601,363.82404,15809151.2996541,-0.09998125271412739,74293.0,249344772.66639,2641.434,114764767.5425,-0.07946923197745048,9.006106839300227e-05,0.0003251824789742841
2024-01-05 02:45:00+00:00,20974.0,19126077.0320423,273.64141,11892410.578765,0.24358074673038344,46821.0,149771867.67443,2186.889,95084735.67113,0.26972758165535593,-1.926741613905992e-05,-0.00010932848453215627
2024-01-05 03:00:00+00:00,13141.0,11165347.4564013,121.10424,5274158.1894018,-0.05526304308997965,29480.0,79429637.2244,713.468,31064826.5142,-0.21780263388494514,9.19409187667281e-06,2.8461508017940673e-05
2024-01-05 03:15:00+00:00,25350.0,27566372.2403677,318.72063,13900085.1341125,0.00848127660102227,51295.0,190488627.25766,2424.461,105806163.34646,0.11089218154051528,8.369433686587222e-05,7.450024498822927e-05
2024-01-05 03:30:00+00:00,12025.0,15792234.9193679,141.67256,6171066.482044,-0.2184682518272717,21627.0,56371139.7079,611.497,26644161.0231,-0.054687871802385546,4.178520157035448e-05,-4.1909135294559974e-05
2024-01-05 03:45:00+00:00,12334.0,10620890.9902145,105.54735,4594040.8286232,-0.13490481488683126,20989.0,70382366.45823,715.846,31153275.1566,-0.11474203769239244,8.971146378057271e-06,-3.2814055192176284e-05
2024-01-05 04:00:00+00:00,12876.0,13252342.3797236,139.1238,6044648.8799887,-0.08776143767049704,26868.0,72438993.76774,759.26,33002187.4493,-0.08882810948163111,8.949285966830427e-05,8.05217132899827e-05
2024-01-05 04:15:00+00:00,18436.0,19462429.1466559,228.30041,9915675.8524258,0.01895562755377278,35734.0,140815118.69073,1580.974,68673981.24,-0.024622045153723016,-0.00015919474677142238,-0.00024868760644025656
2024-01-05 04:30:00+00:00,25868.0,26959117.435692,272.04861,11785027.5989934,-0.125711171583767,50177.0,202078806.21825,2158.505,93503672.38671,-0.07458209857273435,9.61152498648024e-05,0.0002553099966373651
2024-01-05 04:45:00+00:00,26040.0,18440529.6482289,222.97124,9691675.201857,0.05112763968662115,34122.0,129679128.68951,1884.044,81903555.56971,0.2631725150746689,5.465947949459461e-05,-4.145577037206749e-05
2024-01-05 05:00:00+00:00,13696.0,12872851.3997914,159.37317,6945620.9102727,0.07911148735629014,26281.0,90906781.81727,910.866,39701907.50657,-0.1265358488572602,-1.330592923683508e-05,-6.796540873033052e-05
2024-01-05 05:15:00+00:00,8691.0,8071370.2611616,91.06515,3969799.6518973,-0.016325723279114746,20735.0,70580656.4096,783.025,34139402.9338,-0.0326130509277458,5.463626596000866e-05,6.794219519612454e-05
2024-01-05 05:30:00+00:00,11838.0,10657586.3076588,122.76145,5354123.2727253,0.004753443822021142,21390.0,59146990.726,744.358,32468211.9334,0.09788212502001503,0.00015147246272203852,9.683619676259525e-05
2024-01-05 05:45:00+00:00,11969.0,10030449.2362352,118.37571,5169525.4050696,0.03076647582135905,27060.0,85101555.72352,988.767,43184798.68132,0.01490033441033245,9.394577885139826e-06,-0.0001420778848366666
2024-01-05 06:00:00+00:00,14479.0,12563422.0802664,151.19798,6592865.681537,0.04953342161329388,27264.0,89440048.4418,924.636,40315468.1124,-0.09849180954695269,1.1456282539495853e-06,-8.248949631806113e-06
2024-01-05 06:15:00+00:00,12167.0,10165874.6033812,121.37356,5302267.5255253,0.04315029102596846,24906.0,75302146.5504,866.628,37863523.9651,0.005642619756073053,-6.958508977451927e-05,-7.073071802921049e-05
2024-01-05 06:30:00+00:00,8842.0,8240885.5876198,78.71238,3435855.1840623,-0.16614418498323758,18623.0,46611656.2363,372.321,16252768.268,-0.30263073315370637,-0.00012110358408007786,-5.151849430440336e-05
2024-01-05 06:45:00+00:00,13403.0,12423857.43072,160.5813,7013890.3075914,0.1291002567766788,30931.0,104466545.486,1416.741,61904436.8698,0.1851533250536379,-1.807412427200482e-05,0.00010302945980811273
2024-01-05 07:00:00+00:00,26191.0,17807874.2370676,251.51677,11020764.656011,0.2377406207273145,49894.0,202895631.56253,2829.549,124015002.20833,0.22245118096699934,7.024528378797541e-05,8.831940806075522e-05
2024-01-05 07:15:00+00:00,15607.0,16274275.4401733,191.78073,8406743.3175307,0.033132731277058625,36617.0,125734398.73004,1362.061,59705745.3517,-0.050287813760621636,-7.822885319006337e-05,-0.00014847413697793854
2024-01-05 07:30:00+00:00,16049.0,11455928.4488224,124.75989,5469213.6186779,-0.04517322308518745,21784.0,65373405.70703,679.181,29770263.26333,-0.08922403716443905,-0.0001046208810328204,-2.6392027843158417e-05
2024-01-05 07:45:00+00:00,12545.0,10216582.2562096,116.77412,5117536.4869373,0.001809873125991901,22943.0,49986994.5406,513.677,22507537.104,-0.0994642782246441,-4.682297547146463e-05,5.7797905560263985e-05
2024-01-05 08:00:00+00:00,10435.0,10244920.5919142,96.53945,4225127.3179199,-0.17517617047132994,22790.0,68055304.02394,699.434,30609774.6585,-0.10044411387149732,-0.00017978899856272693,-0.00013296602309154082
2024-01-05 08:15:00+00:00,11725.0,9390218.8964353,123.23188,5399399.2619227,0.15000498315804167,21221.0,55672827.51773,726.557,31835023.89963,0.14364674183259596,-8.274387822535826e-05,9.704512033970047e-05
2024-01-05 08:30:00+00:00,17114.0,11214207.3905865,146.30323,6418280.5473972,0.1446694935898678,27343.0,78496810.2391,959.256,42088650.3133,0.07236587538012462,-4.762279647195969e-05,3.5121081751299243e-05
2024-01-05 08:45:00+00:00,11484.0,12861754.3139993,127.68055,5595622.5234633,-0.1298819139512286,27277.0,97342218.8248,942.78,41319737.3149,-0.1510418025447161,-4.882192023057208e-05,-1.1991237585107228e-06
2024-01-05 09:00:00+00:00,14092.0,9919921.9365253,112.98086,4955300.9844269,-0.000939520263479543,17753.0,44856084.3767,538.943,23640406.9501,0.0540557553605705,3.643690767104042e-06,5.2465610997032286e-05
2024-01-05 09:15:00+00:00,74002.0,58424198.7276151,673.0085,29694315.6326131,0.016507415738938436,123597.0,580178159.76621,6956.605,307041803.97673,0.05843971824260441,6.583449593635527e-06,2.939758829256789e-06
2024-01-05 09:30:00+00:00,16470.0,23159964.5268098,241.55106,10635664.2427649,-0.08154744965579419,39495.0,147976243.31365,1467.307,64599796.0892,-0.12688963251655927,5.093620287166014e-05,4.435275327629995e-05
2024-01-05 09:45:00+00:00,17609.0,17812259.2633263,248.54517,10954900.6829476,0.23004056037997045,38566.0,121763413.00739,1480.984,65299974.16769,0.07257135053740393,-0.00022422980107990467,-0.0002751660039521653
2024-01-05 10:00:00+00:00,16694.0,16532324.3314748,200.20263,8834304.591671,0.06873110090780776,29993.0,83194226.7528,940.615,41502129.0408,-0.0022834357456614773,1.3364288650236986e-05,0.00023759408973056395
2024-01-05 10:15:00+00:00,19191.0,14930734.4070162,146.22452,6443919.8060977,-0.136824803062655,34997.0,100821765.1009,922.347,40632120.1564,-0.19398117825577932,-0.00017816594568704103,-0.00019153023433737815
2024-01-05 10:30:00+00:00,15952.0,14181341.4504123,145.54523,6401908.8021494,-0.09713635701744205,38870.0,119604259.00116,1214.255,53384913.2366,-0.10730748750205898,-5.392750983527724e-05,0.00012423843585374073
2024-01-05 10:45:00+00:00,15384.0,17781309.1280166,213.34283,9366624.1731711,0.053535946733286544,36775.0,120989219.28716,1506.233,66123255.6598,0.09304376124389702,-6.737964654652946e-05,-1.3452136712999163e-05
2024-01-05 11:00:00+00:00,32989.0,35432872.5114791,357.73382,15630818.3378626,-0.11772220370794262,79222.0,331108211.14903,3105.834,135661450.37167,-0.1805612437040438,4.5841920099672506e-07,6.783806574794937e-05
2024-01-05 11:15:00+00:00,22417.0,21332142.7488885,237.74898,10396758.5348781,-0.0252494878490519,55115.0,216003615.01974,2410.052,105384835.36754,-0.024230818008215582,-2.287180695303125e-06,-2.7455998967695905e-06
2024-01-05 11:30:00+00:00,16563.0,17251810.5752329,216.29681,9483451.9154962,0.0994152612724446,33045.0,110792990.64419,1427.011,62556682.29789,0.1292534290150147,-8.208570664433934e-05,-7.979852594885983e-05
2024-01-05 11:45:00+00:00,21320.0,15231670.4041868,188.57413,8269819.6044423,0.08587165885222103,30787.0,95688916.23512,1151.631,50499058.17312,0.05548396115256038,-0.00017461637226934705,-9.253066562564527e-05
2024-01-05 12:00:00+00:00,13383.0,14533523.3671039,148.56788,6503727.156557,-0.10500337842674146,25946.0,64903134.21594,682.347,29871323.2818,-0.07951060784168718,-3.289878005211639e-05,0.000141717592217816
2024-01-05 12:15:00+00:00,18152.0,19624496.7816131,220.46383,9642666.7583789,-0.017282647735103907,43507.0,144473030.6095,1530.673,66954891.90027,-0.07311570031026537,7.952802407224508e-05,0.00011242680412593131
2024-01-05 12:30:00+00:00,42326.0,33960377.8873685,435.09178,19124009.0876078,0.12625419840931396,69945.0,287833260.56334,3669.195,161287213.16449,0.12069892721100217,-0.0001602822428010354,-0.00023981026687458495
2024-01-05 12:45:00+00:00,15301.0,13919853.5037009,164.79496,7239181.8364025,0.040123279239656195,32674.0,90226144.71053,944.317,41480471.4923,-0.08052213412463483,-0.0001594151743848647,8.670684170652976e-07
2024-01-05 13:00:00+00:00,14953.0,14391868.5563174,161.11715,7070078.4130418,-0.01748985750174248,28315.0,92121155.1167,953.252,41823548.4547,-0.0919881887777565,-0.00010984475665271962,4.9570417731459315e-05
2024-01-05 13:15:00+00:00,22276.0,18395179.9712323,243.95475,10724102.8003817,0.1659687828173273,32017.0,95240651.49095,1307.797,57489820.21585,0.20725382104957202,-0.00011523110952698668,-5.386352874836575e-06
2024-01-05 13:30:00+00:00,18686.0,15126401.847705,164.37041,7229659.470809,-0.044100567524471224,41200.0,135883076.03353,1321.122,58107396.8622,-0.1447441644923958,-0.0002741783661298047,-0.00015894725660281495
2024-01-05 13:45:00+00:00,48899.0,37086214.3281933,424.70203,18615157.9562372,0.003885583548805416,91614.0,376906673.9189,4351.215,190709509.89556,0.011972050866870365,-0.00015267123418771008,0.00012150713194181151
2024-01-05 14:00:00+00:00,26891.0,16934288.1995896,209.17775,9181467.9752647,0.08436420439416081,32998.0,123202096.77935,1558.839,68459219.34715,0.11133204931986995,-0.00016847684580266616,-1.580561161418359e-05
2024-01-05 14:15:00+00:00,24925.0,29417266.7782669,310.76678,13642828.2632145,-0.07246119321366407,49771.0,198733589.09337,2092.688,91831196.3414,-0.07583618088580468,-0.00012825103263084571,4.022581317109086e-05
2024-01-05 14:30:00+00:00,21145.0,24486770.1661776,263.40009,11527031.921891,-0.05850940375854585,48879.0,168699382.67569,1676.952,73368432.09113,-0.13018730800960332,-0.00017383269104751057,-4.5581658417503945e-05
2024-01-05 14:45:00+00:00,69246.0,58242490.0833612,575.69747,25070724.8918594,-0.13909158567993152,130904.0,674857418.83038,7060.249,306993560.55662,-0.09019727133271571,-6.717662054373176e-05,0.00010665607050341919
2024-01-05 15:00:00+00:00,49770.0,44317112.9742895,510.97594,22298619.6810442,0.006320952990809925,95037.0,338843047.8331,3788.579,165314258.9726,-0.024242875692542243,8.186200186598118e-05,0.00014903862241055776
2024-01-05 15:15:00+00:00,32035.0,32312082.8731005,411.40045,17972591.3500019,0.11243780975592332,70079.0,259232163.39221,3193.05,139466075.68311,0.07599361019182083,-9.616459731743208e-05,-0.00017802659918331187
2024-01-05 15:30:00+00:00,26536.0,28126929.321441,324.43412,14178262.2023686,0.008162820785459157,55268.0,200204802.73801,2145.496,93716603.16534,-0.06379265748206353,-0.00011971246590717968,-2.354786858838054e-05
2024-01-05 15:45:00+00:00,20446.0,19637540.7779143,218.40008,9542122.9464981,-0.028175365295249888,44322.0,138777485.37027,1416.232,61829814.8499,-0.10893593892506626,-9.579405525949975e-05,2.3918410647638666e-05
2024-01-05 16:00:00+00:00,26593.0,33391960.6292554,366.63919,15940997.8062759,-0.04521941773555771,71907.0,274815788.01613,3066.177,133283019.41813,-0.030019196638679913,-0.00011058080105572894,-1.4786745797579215e-05
2024-01-05 16:15:00+00:00,19331.0,19260422.1856843,214.58522,9335588.8270859,-0.03059354181501117,43524.0,132276308.7727,1553.129,67571655.1137,0.021674338218997224,-0.00010076851495131703,9.812286103638712e-06
2024-01-05 16:30:00+00:00,20421.0,20493654.5018234,205.2328,8911204.5554619,-0.1303449997491627,46990.0,151102984.23011,1675.217,72742023.5242,-0.03718614301589884,-0.00017127505328515412,-7.05065383339587e-05
2024-01-05 16:45:00+00:00,19486.0,30724137.6511396,389.75062,16922285.2421364,0.1015629101966824,42988.0,137643310.02973,1704.884,74043470.24353,0.07587459539496888,-0.000218573723264672,-4.7298669977990926e-05
2024-01-05 17:00:00+00:00,28916.0,33749586.4018732,381.78057,16538268.9427524,-0.019942422652357128,62996.0,235424632.20455,2440.16,105668584.4613,-0.10231496618001068,-0.00012007386292147507,9.849986034282665e-05
2024-01-05 17:15:00+00:00,48663.0,46909536.6551095,525.37897,22725310.2302584,-0.031100631100217657,91216.0,356336303.91324,4143.029,179155944.4354,0.00554415852626966,-0.00019184749775771488,-7.177363483634736e-05
2024-01-05 17:30:00+00:00,19841.0,18443530.2232802,238.01166,10319787.9032558,0.11906861412352931,40930.0,121015575.40935,1548.437,67134854.14415,0.10952419004013558,-0.0001584868562889581,3.336064146886031e-05
2024-01-05 17:45:00+00:00,28294.0,25322332.5208242,324.73176,14117659.7702636,0.11503628337979754,50350.0,177462298.90748,2340.574,101784403.55778,0.14711016575802738,-0.0001716001326014568,-1.3113276311926825e-05
2024-01-05 18:00:00+00:00,16960.0,19537575.5997527,257.332,11207906.188778,0.14731801103509135,38102.0,148996078.7566,1857.866,80918992.8811,0.08618956359635854,-0.00013828208949070558,3.3318043110242e-05
2024-01-05 18:15:00+00:00,14372.0,14595807.1928883,169.65802,7390878.4447897,0.012739939232802477,27451.0,74352835.58777,727.156,31677716.32347,-0.14790831921733616,-0.00022529399411230078,-8.701190462190311e-05
2024-01-05 18:30:00+00:00,12435.0,11882828.0053269,120.83053,5252258.9630538,-0.11599175538023643,24653.0,62088117.99803,653.765,28415906.2088,-0.08465880026508099,-0.0002464959418830937,-2.120194776900064e-05
2024-01-05 18:45:00+00:00,12841.0,13577118.8948487,145.36971,6330701.6256368,-0.06744550524062454,26738.0,67483508.4827,843.533,36735332.8092,0.0887203002676551,-0.0002529402016488783,-6.4442597675906654e-06
2024-01-05 19:00:00+00:00,13793.0,15433340.8639914,182.59937,7960722.3026386,0.0316265768758226,32728.0,130876108.88009,1594.813,69553379.35459,0.06288886412898331,-0.00013002429546348372,0.00012291590618751513
2024-01-05 19:15:00+00:00,10095.0,8455826.6707935,87.37509,3807040.8754825,-0.09954614168427722,18836.0,45095025.3085,505.99,22045426.0683,-0.02226793676309835,-0.0001876323668125033,-5.7608071349690704e-05
2024-01-05 19:30:00+00:00,11694.0,10965178.3591548,112.01089,4884848.880526,-0.10902518490314361,22719.0,63991199.7302,670.365,29230498.9237,-0.0864212877101298,-8.492227895184574e-05,0.00010271008786055802
2024-01-05 19:45:00+00:00,8926.0,9629037.0593545,138.44061,6036029.978079,0.2537141441812325,16064.0,41323193.1537,553.644,24146327.3783,0.1686573827191271,-0.0002606350210653992,-0.00017571274211469756
2024-01-05 20:00:00+00:00,22893.0,25226909.4683303,313.00845,13675042.7458756,0.08416314436321737,57911.0,252346849.11157,2911.309,127203374.4988,0.00816297050382131,-2.293604284551062e-05,0.0002376989782195693
2024-01-05 20:15:00+00:00,9543.0,11120534.4692345,140.6418,6137491.3252233,0.10381229287188809,18659.0,58298166.3491,803.684,35067334.0334,0.20303385953549347,-0.00028664736343340583,-0.00026371132058677915
2024-01-05 20:30:00+00:00,9038.0,8683253.068528,96.16319,4199404.8682942,-0.032757692272099126,17816.0,50310143.3122,652.031,28471413.5187,0.13183591396352878,-0.00011507265317963024,0.00017157471025264215
2024-01-05 20:45:00+00:00,12484.0,12343875.295134,161.35431,7060503.6683054,0.14396872934850125,24699.0,68456119.14614,821.428,35941458.50634,0.05005831340255318,-0.00017707496200595362,-6.200230882669189e-05
2024-01-05 21:00:00+00:00,64251.0,77700224.4490283,1016.28535,44751777.6185465,0.1519085803388862,167883.0,934620318.75842,11666.705,514142805.0742,0.10021747816739945,-7.894736546842992e-05,9.812759653726744e-05
2024-01-05 21:15:00+00:00,28861.0,33250931.8104809,367.40929,16075317.0505584,-0.03309073308487798,87802.0,301393518.05649,2993.59,130941940.25134,-0.13108987150282614,-0.0001298231116218052,-5.087574615103563e-05
2024-01-05 21:30:00+00:00,14862.0,16273353.3593569,160.04324,7010960.7239348,-0.1383508279928528,34284.0,120223905.05457,1431.994,62720230.64693,0.04339034102179751,-0.00010893797249335195,2.088513912745782e-05
2024-01-05 21:45:00+00:00,11122.0,9429208.1104462,101.95152,4461591.5792444,-0.05366568921061321,22137.0,59676116.393,634.469,27763052.4919,-0.06954225006650727,-5.6703807675793775e-05,5.2234164817477335e-05
2024-01-05 22:00:00+00:00,12437.0,11502122.4156693,139.19462,6104003.103465,0.06136987294615093,24803.0,73906586.33435,980.804,43018327.38905,0.16412702906983312,-0.0002289421585136852,-0.00017223835083868266
2024-01-05 22:15:00+00:00,11881.0,14296403.1750993,158.26884,6954831.9637744,-0.027051506789071422,25515.0,73966534.82265,792.604,34824561.57265,-0.058369797743018315,-0.00024061452656124502,-1.1672368046333759e-05
2024-01-05 22:30:00+00:00,9126.0,10913511.7149852,114.41814,5023870.7882403,-0.07933011491762298,18163.0,51218373.87633,485.644,21317297.4016,-0.16759179223175025,-0.00026893361148493344,-2.8319084924177673e-05
2024-01-05 22:45:00+00:00,10786.0,12009903.8571167,108.26227,4748305.0150803,-0.2092684385201634,22037.0,71959976.5278,714.17,31320331.7369,-0.12950689402184146,-0.0001823033693021331,8.66302421833609e-05
2024-01-05 23:00:00+00:00,10466.0,7765131.6056275,104.52176,4589047.660171,0.18196262297608778,21231.0,61344119.34695,859.462,37742334.22795,0.23051189355207624,-7.369361020611775e-05,0.00010860975909565695
2024-01-05 23:15:00+00:00,33728.0,40158179.9438323,555.05907,24523511.9201646,0.22134578581323616,79236.0,409551601.16916,4800.237,212119942.76846,0.03586430702707277,-0.00020205373091490683,-0.00012836012071026914
2024-01-05 23:30:00+00:00,14187.0,14970231.0297385,147.27931,6498999.626806,-0.13174357644906376,34717.0,115966273.27399,1090.785,48138996.3938,-0.1697759178642665,-3.311834386807512e-05,0.00016893538704820799
2024-01-05 23:45:00+00:00,9809.0,8464602.1864204,93.92573,4142120.4515694,-0.021307709365355643,20776.0,59696945.1569,615.745,27148088.2226,-0.09046976687844399,-8.831666957897771e-05,-5.519832571110328e-05
2024-01-06 00:00:00+00:00,11506.0,11882937.7032688,125.67534,5536937.8408199,-0.06808602736396074,22886.0,74362759.79774,854.162,37645005.45259,0.012469293904126877,6.569222445369252e-06,9.488589202355513e-05
2024-01-06 00:15:00+00:00,14636.0,12546372.7614657,138.94545,6134160.2073325,-0.022161970801210074,30064.0,91573027.3093,1029.807,45466279.0927,-0.006994080492028987,-6.641134942934455e-05,-7.298057187377083e-05
2024-01-06 00:30:00+00:00,14038.0,11155817.2310824,104.48749,4604797.1185952,-0.17445812830900664,25026.0,76034292.7972,777.778,34278356.3352,-0.09834483693751628,-2.770176821478603e-05,3.870958121510171e-05
2024-01-06 00:45:00+00:00,10832.0,7674336.5619968,79.25211,3491283.7341719,-0.09014057281233012,19560.0,42303131.5847,473.311,20849840.3265,-0.014264923401516194,2.998055352498048e-05,5.768232174041543e-05
2024-01-06 01:00:00+00:00,9405.0,7402905.4603203,73.78302,3250099.5436624,-0.12193947063541766,19236.0,61203847.83044,675.423,29749878.57549,-0.027842868379469143,-6.353903341125464e-05,-9.351958693848417e-05
2024-01-06 01:15:00+00:00,10154.0,9167218.8931526,86.27724,3799831.4646045,-0.17099580387618718,17309.0,43116154.2913,475.482,20939569.0029,-0.028690320503598432,-4.768554245880044e-06,5.8770479165914935e-05
2024-01-06 01:30:00+00:00,13381.0,11932016.0867948,120.73237,5310350.8488407,-0.10989881169910876,29950.0,114734237.02067,1171.147,51507001.1561,-0.10215115394333896,-7.38629229485202e-05,-6.909436870117247e-05
2024-01-06 01:45:00+00:00,8891.0,7117123.2427831,88.30258,3887201.2200052,0.09235180771863027,15230.0,44495179.4001,566.767,24950262.6946,0.12148160906365191,-0.00012127772227135627,-4.7414799324130286e-05
2024-01-06 02:00:00+00:00,7853.0,9518494.8548948,42.04166,1849113.1486836,-0.6114694230815894,16813.0,45178059.19,496.572,21837460.5737,-0.03327141691232083,-0.00020788758315026129,-8.660986087782874e-05
2024-01-06 02:15:00+00:00,12040.0,11573101.8798937,109.3145,4802515.3810422,-0.1700556288395325,26596.0,96167925.94456,806.406,35420162.3955,-0.2633684869959778,0.0001428491202455557,0.0003507367033943609
2024-01-06 02:30:00+00:00,10060.0,9367656.279212,115.44632,5065005.0227502,0.08138148364603826,21608.0,76635570.13629,827.542,36307019.7896,-0.05247603103804199,-4.556535211413467e-05,-0.00018841447235828923
2024-01-06 02:45:00+00:00,6784.0,5694625.7913798,62.00232,2723351.6315904,-0.04353622824071979,14608.0,45141349.0062,527.417,23163192.5428,0.026251676245591105,-4.530965908208213e-05,2.556930311925498e-07
2024-01-06 03:00:00+00:00,6003.0,4895250.1959169,47.16355,2070877.4162055,-0.1539237696439676,11116.0,29297024.7036,361.919,15890492.2422,0.0847853939412071,-0.00020977250692778002,-0.00016446284784699117
2024-01-06 03:15:00+00:00,8799.0,7876269.2720306,88.39986,3877772.8349849,-0.01532751076572525,18838.0,74298711.5749,644.348,28257910.7005,-0.23934318371016694,-0.00023153539518454213,-2.1762888254173163e-05
2024-01-06 03:30:00+00:00,6158.0,5441474.2717191,65.70136,2885013.8427079,0.060379484913543724,13543.0,33339985.6636,425.872,18699529.1507,0.12174788192040586,-0.00015007596627603675,8.145942890713798e-05
2024-01-06 03:45:00+00:00,8425.0,10483727.4162148,160.4582,7055758.6057828,0.34604007251655844,18984.0,75491385.91975,1092.751,48046077.09395,0.27288899279249357,-0.000143699199624411,6.376766650717514e-06
2024-01-06 04:00:00+00:00,6718.0,5554636.5601423,52.82899,2321864.2241797,-0.1639905873084817,12270.0,33644392.6994,365.534,16064001.7866,-0.0450710803356853,-0.00012065074015642121,2.3048459469876548e-05
2024-01-06 04:15:00+00:00,6492.0,4319891.2277118,57.66348,2533623.2629117,0.17300326760946416,12050.0,34834699.9068,397.54,17467884.9648,0.002901417927251071,-0.0001632506788375381,-4.259993868060974e-05
2024-01-06 04:30:00+00:00,6995.0,4986540.3315525,46.88683,2057682.690462,-0.17470528516857897,11351.0,31259332.72073,330.45,14501499.0603,-0.07218115051552854,2.6652321492738604e-05,0.00018990300032939444
2024-01-06 04:45:00+00:00,7299.0,4094339.8022765,42.31626,1857927.8464384,-0.09244081529072368,10753.0,27355669.0989,373.42,16395676.7343,0.19870412783720126,-0.00010838434922392671,-0.00013503667071645964
2024-01-06 05:00:00+00:00,7890.0,5139535.3501763,48.71481,2136722.7363789,-0.16851520972392786,13067.0,36162160.8156,316.816,13894049.0719,-0.23156975365773802,2.508520417782885e-05,0.00013346955340232114
2024-01-06 05:15:00+00:00,10234.0,7986590.8219346,98.586,4321470.425019,0.08218150181185946,16863.0,50905668.3442,580.129,25428133.7344,-0.0009704395798514343,1.5514714337840477e-05,-9.570489842403163e-06
2024-01-06 05:30:00+00:00,19119.0,16727395.3842306,160.91115,7040774.3719631,-0.15817445451183143,39952.0,143913629.19252,1499.953,65615959.8961,-0.08812028069527089,-0.00010739233670959439,-0.00012290705104689437
2024-01-06 05:45:00+00:00,9414.0,7610660.2142321,85.15216,3724603.6952627,-0.021214036517460122,21711.0,71536459.02,913.45,39952457.2081,0.11698168333800774,-1.372693017810893e-05,9.366540653132915e-05
2024-01-06 06:00:00+00:00,17705.0,19040796.2999445,200.436,8750940.1389014,-0.08082204115308922,40267.0,145790178.64397,1597.739,69759946.0958,-0.04300897708399487,-6.453486498321929e-05,-5.080793480516377e-05
2024-01-06 06:15:00+00:00,16455.0,18768765.7895568,190.61309,8311672.8342364,-0.11430800219574067,37847.0,130809259.89857,1366.722,59581952.0416,-0.08902546979013459,8.048290665503282e-05,0.00014501777163999918
2024-01-06 06:30:00+00:00,14043.0,16920216.9886104,189.80099,8270753.8064909,-0.02238206376924856,31751.0,98900087.69147,1259.689,54891866.81047,0.11004687845599048,-5.025103144750087e-05,-0.0001307339381035888
2024-01-06 06:45:00+00:00,13816.0,17717458.6712268,225.62342,9836364.1797461,0.11035836033532087,30003.0,111274199.2954,1292.479,56357709.0198,0.012951957896133681,-6.585856451117535e-05,-1.560753306328877e-05
2024-01-06 07:00:00+00:00,19502.0,18900261.7158478,165.47149,7198974.812211,-0.2382142723267492,42097.0,140257442.29382,1439.665,62623829.2242,-0.10701595295012267,1.6108599576265223e-05,8.19671640872599e-05
2024-01-06 07:15:00+00:00,14676.0,11797541.4872694,150.2768,6530848.9263351,0.10715422079803139,30655.0,106193497.05676,1374.43,59738675.3575,0.12509102747732137,-4.648699826222586e-05,-6.25955978392767e-05
2024-01-06 07:30:00+00:00,15508.0,12907580.6201706,174.64543,7602968.1955189,0.1780624765012564,33255.0,135518701.40017,1867.106,81292538.18527,0.1997242793114311,2.0868474832975176e-05,6.735547309588696e-05
2024-01-06 07:45:00+00:00,12324.0,10930811.7475029,148.93242,6493583.7250564,0.18812470199934284,23962.0,81351528.1306,931.371,40612959.0159,-0.0015440410486002865,-0.00011113294318395217,-0.00013200141801661402
2024-01-06 08:00:00+00:00,9273.0,7309599.8832873,96.41634,4206535.4436745,0.15096188870538318,18597.0,60000044.45262,622.774,27169741.26152,-0.09434262893004952,-0.00018098821907730015,-6.985527589264962e-05
2024-01-06 08:15:00+00:00,9833.0,7744510.9708659,80.90575,3526303.4428128,-0.0893412234604839,19253.0,61253537.6645,498.832,21744855.2801,-0.2900049169665375,6.838232883971662e-05,0.0002493705479160724
2024-01-06 08:30:00+00:00,19787.0,10847473.2293022,148.93923,6501584.7599854,0.19872796596035247,25084.0,93736501.2542,1448.155,63239018.1012,0.34929333301452803,-3.432396098851152e-05,-0.00010270628982844698
2024-01-06 08:45:00+00:00,12580.0,10279999.1585092,100.42483,4385423.7000883,-0.14680465776919938,15869.0,52717186.0804,583.739,25493213.2842,-0.032831029891473684,0.00012171795626508413,0.00015604191725415717
2024-01-06 09:00:00+00:00,7770.0,6643082.8798252,87.45546,3818799.4789772,0.14970701045285906,13598.0,34231205.4588,472.802,20647622.3926,0.2063625639740363,8.628144486250943e-05,-3.543651140169857e-05
2024-01-06 09:15:00+00:00,7920.0,6351399.1936731,74.81496,3268808.0691572,0.029319042775141302,14508.0,52205357.8291,674.815,29494252.6922,0.1299320191905473,-9.378062887926751e-05,-0.00018006207374199334
2024-01-06 09:30:00+00:00,14519.0,6224884.4752222,65.60408,2868883.714509,-0.07825318656806268,15855.0,46144097.2956,534.368,23370285.9472,0.012926346678297174,2.2875652528976044e-05,0.0001166562814081118
2024-01-06 09:45:00+00:00,9862.0,6069672.5800873,61.83306,2702154.7157154,-0.10962092928032874,13028.0,32655941.6603,354.725,15503534.4054,-0.050492276923208235,0.00011410329287283827,9.122764034330544e-05
2024-01-06 10:00:00+00:00,8952.0,5917741.0234393,60.8371,2657396.065295,-0.10188835409679275,17366.0,54373683.1955,423.565,18502934.7709,-0.31941580251707824,3.8943709164120835e-05,-7.515958370873932e-05
2024-01-06 10:15:00+00:00,10289.0,8784990.9476739,94.32176,4114125.9648058,-0.06337388636805752,22637.0,79606673.48837,810.987,35371092.8465,-0.11135357636398457,4.631329015715751e-05,7.369580991678504e-06
2024-01-06 10:30:00+00:00,6241.0,4908701.8687253,68.58861,2993795.8767416,0.21979128364503198,13408.0,37530843.2449,622.893,27193573.0997,0.44913200709367396,2.0594753601686523e-05,-2.571853655375378e-05
2024-01-06 10:45:00+00:00,16674.0,9723501.6204481,152.76662,6674755.5856924,0.3729119089476327,18352.0,69481151.08004,1037.928,45375890.50424,0.3061352553577723,-5.3977797755591196e-05,-7.457255135889795e-05
2024-01-06 11:00:00+00:00,7929.0,6174635.1252058,75.13477,3283463.0518,0.06353265746712844,14127.0,43558580.0147,486.889,21279076.7344,-0.022967381984499546,2.746338558360319e-06,5.672413631430118e-05
2024-01-06 11:15:00+00:00,8509.0,5889353.0170173,65.43833,2856710.8921837,-0.029872760580244795,17259.0,51738679.9918,499.602,21808852.5518,-0.15696138535979431,2.2905073358214165e-06,-4.5583122165737677e-07
2024-01-06 11:30:00+00:00,6613.0,4413814.4757928,50.88972,2222823.7139174,0.00721211827470003,11070.0,25424721.0092,328.804,14362105.1997,0.1297748513742225,4.2341871711599185e-05,4.005136437434942e-05
2024-01-06 11:45:00+00:00,7069.0,3940283.2741038,44.29696,1933994.5917425,-0.018347434838994592,13529.0,44620598.79017,353.286,15425600.5294,-0.30858836736192397,4.119143950946548e-05,-1.1504322010580381e-06
2024-01-06 12:00:00+00:00,6429.0,3053497.9874409,35.12741,1533802.4191739,0.004619898544201417,12562.0,31742261.6561,316.95,13839897.2052,-0.12798291721344013,-6.320044297380787e-05,-0.00010439188248412279
2024-01-06 12:15:00+00:00,9394.0,6138828.611417,88.7657,3879160.2758196,0.2638112321966877,16526.0,45135855.42954,556.037,24296233.34824,0.07658238077122514,7.186336443109953e-05,0.0001350638074057997
2024-01-06 12:30:00+00:00,6653.0,5085797.6411333,60.86903,2658715.0325137,0.04554495484064991,10358.0,27643733.3981,309.954,13539572.6376,-0.020423729124041112,8.8852126761577e-05,1.698876233113822e-05
2024-01-06 12:45:00+00:00,6980.0,4095861.0095293,49.46631,2160338.5510859,0.054888603914891254,11521.0,25767577.7111,242.828,10603585.0653,-0.1769823935967212,-6.599867455053612e-05,-0.00015485080131227846
2024-01-06 13:00:00+00:00,10527.0,7892921.9165883,97.61069,4255053.260828,0.07819469286406888,26735.0,86157078.77037,797.435,34759068.1945,-0.19312333494635903,-1.2841774659958894e-05,5.315689988982797e-05
2024-01-06 13:15:00+00:00,9337.0,7132600.0869939,75.45255,3289092.3159936,-0.07772978272224473,19816.0,62921939.3929,751.829,32777935.2984,0.041860299115275,4.5847374099769246e-05,5.868914876039355e-05
2024-01-06 13:30:00+00:00,6443.0,4158470.283847,61.93456,2704633.6280698,0.30078295308521175,13808.0,46789049.5613,705.02,30783296.3644,0.31583336926174166,-1.76320459922066e-05,-6.347942009199414e-05
2024-01-06 13:45:00+00:00,8075.0,5035770.7759739,66.15114,2889906.2342835,0.14775130276838389,16412.0,42665059.1886,563.428,24617813.2757,0.1540034746876815,-3.9813863329729076e-05,-2.21818173375965e-05
2024-01-06 14:00:00+00:00,7257.0,4326291.7804249,51.12257,2234812.5080625,0.03313073712425907,18482.0,48851702.42864,576.205,25191989.24024,0.03136586803864749,-6.56710974300085e-05,-2.5857234101422932e-05
2024-01-06 14:15:00+00:00,16725.0,12128881.5121757,154.33825,6758724.8295375,0.11448443498317395,35794.0,125916300.65872,1694.615,74210374.16892,0.17872545144187013,-9.76762189308298e-05,-3.2005121500588984e-05
2024-01-06 14:30:00+00:00,10982.0,12578243.9518516,157.17314,6891628.4690247,0.09580136868154909,31100.0,107518172.91483,1174.163,51480788.42423,-0.04237977583547181,-0.00018905426061804166,-9.137804168624086e-05
2024-01-06 14:45:00+00:00,13390.0,12856761.0413662,173.23738,7602722.9284798,0.18268091069255954,29657.0,97809039.15832,1223.796,53705080.48882,0.09816190714008566,-0.00014160557717040253,4.74486834480814e-05
2024-01-06 15:00:00+00:00,8872.0,6203863.1705782,75.44979,3305752.5380204,0.06570775245267169,18927.0,46090163.781,488.288,21388707.7132,-0.07187538691206896,-8.693409134986739e-05,5.467148582027903e-05
2024-01-06 15:15:00+00:00,9605.0,6535577.9716261,87.63078,3842376.2702604,0.17583365601080536,17875.0,52526618.9129,703.734,30862851.5649,0.1751318551866814,-4.101806846495312e-05,4.591602288428476e-05
2024-01-06 15:30:00+00:00,6718.0,4546704.3278952,53.10049,2328979.9968047,0.024469518510719324,14046.0,36585736.0547,352.454,15457649.9327,-0.15499035418672535,-7.139653100302191e-05,-3.0378462538394047e-05
2024-01-06 15:45:00+00:00,8255.0,8956185.7589367,101.73355,4459904.0213023,-0.00406174205306109,17608.0,52317596.9613,560.133,24553915.107,-0.06135157067084529,-9.200763053412044e-05,-2.0611099529332932e-05
2024-01-06 16:00:00+00:00,8955.0,6573666.7889486,78.89149,3459904.2782628,0.05265581275870579,15539.0,44056022.1474,577.98,25347625.5883,0.1506996933810063,-8.138535663076047e-05,1.0622273901361723e-05
2024-01-06 16:15:00+00:00,15320.0,11904562.324773,180.54232,7930833.5337388,0.33240237101955405,25626.0,86271974.14556,1245.284,54689736.18686,0.2678447833959674,-7.944141535537984e-05,1.943941276394412e-06
2024-01-06 16:30:00+00:00,9031.0,6922160.2648661,67.71997,2972741.94716,-0.14109415748480825,22042.0,62421072.8999,549.639,24122427.6032,-0.22710628053819804,-7.138513274233345e-05,8.056282613466692e-06
2024-01-06 16:45:00+00:00,8507.0,9763045.01167,128.85709,5651064.3850718,0.15764382491670337,16886.0,38018198.6812,416.735,18277710.3963,-0.03847572844957914,-0.00015835989312465928,-8.697476038221907e-05
2024-01-06 17:00:00+00:00,6948.0,4878248.2198615,52.84247,2318698.7468317,-0.04937238027730739,13458.0,32069100.9004,296.538,13011563.7406,-0.18852955803087668,-0.00015819874125930542,1.6115186518561586e-07
2024-01-06 17:15:00+00:00,8505.0,5695973.2171377,78.81614,3458192.0324472,0.2142585298829709,14594.0,39962465.5189,492.859,21624530.444,0.08224205705089993,-0.00016990909904096222,-1.1710357782135361e-05
2024-01-06 17:30:00+00:00,5752.0,3887862.4460714,50.61058,2220698.591217,0.14237508246258423,11492.0,24473756.1764,224.252,9838462.8821,-0.19599894587597366,-2.302172441710083e-05,0.00014688737462442703
2024-01-06 17:45:00+00:00,8656.0,7745537.2137505,104.67488,4599705.6450843,0.18770474355698208,24460.0,83835502.42105,1072.271,47126032.05025,0.12425000600741365,-0.00014013319045701368,-0.0001171114660412087
2024-01-06 18:00:00+00:00,10151.0,9848805.3442471,132.77552,5838129.9156085,0.185550878821801,25923.0,74180267.3939,913.985,40188935.9279,0.08354788516723022,-3.6849244060138194e-05,0.0001032839463981361
2024-01-06 18:15:00+00:00,7709.0,4702927.8554241,44.93551,1973501.7101005,-0.16073485676614363,15152.0,42533664.3633,371.11,16295368.1483,-0.23376608189157622,-0.00018040731099450673,-0.00014355806693444606
2024-01-06 18:30:00+00:00,7307.0,5960104.2152523,78.37271,3446012.5958276,0.1563598458594151,14155.0,43561883.0643,559.24,24587792.1851,0.1288672782490563,-8.183082844634132e-05,9.857648254829598e-05
2024-01-06 18:45:00+00:00,14380.0,10275869.0389645,160.59653,7068946.8950588,0.375834368510235,28122.0,101002536.3702,1406.021,61902340.8539,0.22575814585511345,-0.0002145736378976464,-0.00013274280945196892
2024-01-06 19:00:00+00:00,21703.0,17942998.2726235,222.09335,9788285.0311039,0.09104229765639094,44667.0,184530159.7459,2035.849,89740489.19905,-0.027362363717415072,-7.250940153492162e-05,0.0001420642363623159
2024-01-06 19:15:00+00:00,10964.0,7509251.2487791,87.07174,3828055.4286856,0.01955715739515007,22711.0,64251820.5847,750.42,32986117.6102,0.02677612276265484,-6.434945713910946e-05,8.159944396624041e-06
2024-01-06 19:30:00+00:00,12522.0,11928333.3614609,137.19145,6020801.1006003,0.009495780869577253,24853.0,77507649.32523,708.097,31075201.4025,-0.1981384631572225,-5.241375004208688e-06,5.910808213549501e-05
2024-01-06 19:45:00+00:00,8883.0,7679517.9772352,78.39979,3439288.5311142,-0.10429572759398065,15750.0,42132059.43092,352.87,15479581.8267,-0.2651875063415581,-3.1684237174463896e-05,-2.6442862171904835e-05
2024-01-06 20:00:00+00:00,6174.0,3912524.9142231,48.26968,2118930.7764628,0.08315260498912402,11679.0,32403229.9452,473.169,20772969.6389,0.2821542589446193,-6.286302831508808e-05,-3.1178791140007434e-05
2024-01-06 20:15:00+00:00,15426.0,14283896.662547,137.36336,6016194.0518762,-0.1576256543985055,40865.0,169242927.39862,1405.14,61518132.6699,-0.2730197519568358,-0.00021452072349018023,-0.00015165769517544447
2024-01-06 20:30:00+00:00,9851.0,6853496.2154708,91.72784,4019829.8966604,0.1730742296424419,21245.0,75759235.31473,969.477,42482707.36923,0.12151890638130602,-9.599203615499954e-05,0.0001185286873361946
2024-01-06 20:45:00+00:00,8727.0,6817050.1046809,75.3465,3305364.0704116,-0.030265578320457065,14953.0,43711197.9517,376.903,16532335.5324,-0.24356520493133593,-0.00012292354159800713,-2.693150544352818e-05
2024-01-06 21:00:00+00:00,6533.0,3920944.1465663,36.1849,1585581.3922518,-0.19122469844904788,11914.0,33122776.3203,330.412,14475431.539,-0.12595300593033787,-0.0002291117002580092,-0.00010618815866081377
2024-01-06 21:15:00+00:00,8368.0,6059621.3774416,55.43701,2427072.171633,-0.19893603231767554,18767.0,49615707.36214,537.687,23534303.5325,-0.051336571270645726,-0.00014418998789784084,8.492171236085255e-05
2024-01-06 21:30:00+00:00,6406.0,5233460.0927439,60.12296,2637313.6956916,0.00786617226648545,13573.0,42652923.91293,510.814,22402377.99873,0.050449814153952666,-0.00020058168756453945,-5.639169966720203e-05
2024-01-06 21:45:00+00:00,8320.0,8405393.5655491,95.46188,4188750.2754147,-0.0033184662326846137,18591.0,60430041.39732,773.718,33947146.24812,0.12351888111152332,-0.0002607554812173326,-6.017379365097497e-05
2024-01-06 22:00:00+00:00,7741.0,5876792.3608627,73.72625,3235454.8244028,0.10109550439445569,16176.0,46473259.0681,577.805,25355342.3344,0.09117986742635487,-0.0001852553812244729,7.550009999235385e-05
2024-01-06 22:15:00+00:00,6797.0,4235623.9986746,44.00215,1930506.1758432,-0.08844308349972119,9413.0,15657544.4613,160.717,7049929.7096,-0.09948463157489706,-0.0001618327678416136,2.342261338306173e-05
2024-01-06 22:30:00+00:00,8062.0,7080127.668968,80.23975,3518718.6294534,-0.006029610207215708,16830.0,54234500.9365,577.322,25321279.4057,-0.06622983641548752,-0.00033535803205898016,-0.0001735252642198759
2024-01-06 22:45:00+00:00,7685.0,5983017.3061121,70.31604,3082484.4663506,0.03041134886961183,17706.0,55396749.66167,666.744,29229715.22673,0.05528629045016209,-0.0003342540571981392,1.1039748617491796e-06
2024-01-06 23:00:00+00:00,4756.0,3776802.1597767,52.16347,2287386.6718545,0.21128223035634974,7263.0,19575765.6128,306.075,13419073.0851,0.3709883281730424,-0.0002919844145286617,4.2269642671399765e-05
2024-01-06 23:15:00+00:00,11104.0,11228559.4112602,112.14046,4910826.4005468,-0.12529716044924954,23020.0,69564016.50294,623.54,27298221.6783,-0.21516257828079,-0.0002959358169697074,-3.951402442581298e-06
2024-01-06 23:30:00+00:00,7494.0,5985476.8742892,63.57828,2784930.8498933,-0.06943727011758871,16189.0,37703492.3923,420.021,18395492.1764,-0.02420221527505928,-0.00017885284200122318,0.00011708297496859643
2024-01-06 23:45:00+00:00,6052.0,5498315.2639156,63.26168,2775741.1728208,0.009669704113717481,16463.0,58759830.78213,818.001,35889022.07853,0.22154953820747014,-0.00012211686872900173,5.6735973274157914e-05
2024-01-07 00:00:00+00:00,6742.0,5643603.8052586,65.83871,2892771.235967,0.025150359871673578,17500.0,58125327.09865,742.84,32639491.87415,0.12307297019608776,-0.0002643161199770551,-0.0001421992512504744
2024-01-07 00:15:00+00:00,7433.0,6094971.2838159,47.75651,2099600.7236702,-0.31103835411158964,16598.0,44538475.6766,465.393,20458903.0964,-0.08129307141291009,-7.029366032553028e-05,0.00019402245965238762
2024-01-07 00:30:00+00:00,10309.0,11612196.9487058,160.92871,7078964.175693,0.2192290928172662,25584.0,84511333.6881,1025.948,45133339.5509,0.06810146240196424,-0.00020675986553058914,-0.00013646620520546549
2024-01-07 00:45:00+00:00,19566.0,23475029.5893505,375.46007,16558812.8342148,0.4107596986141173,43996.0,171766786.83321,2430.642,107218851.09071,0.24842355227640467,-0.00013089571412218246,7.5864151408922e-05
2024-01-07 01:00:00+00:00,18834.0,18769220.6038637,196.95101,8705606.7625139,-0.07235287535361756,42067.0,157647450.25525,1699.558,75127294.34665,-0.04689490093230231,-2.493253765308586e-06,0.00012840246035672465
2024-01-07 01:15:00+00:00,9129.0,10298083.4919773,110.82624,4888492.672729,-0.05060146841159907,34959.0,78782191.54409,772.77,34075888.7129,-0.13493422701170676,-0.00010287280240256812,-0.00010037954863761911
2024-01-07 01:30:00+00:00,8979.0,7278939.1778446,73.5945,3244315.4451906,-0.10857465190379867,19760.0,44880011.4625,378.994,16703509.0753,-0.2556370405895816,-3.766151059866268e-05,6.521129180470098e-05
2024-01-07 01:45:00+00:00,6539.0,4915269.2436819,47.94641,2112397.3771558,-0.1404754155141833,16068.0,48956535.1673,573.099,25246657.7809,0.03139070992766002,-3.1773770754829984e-05,5.887739842336259e-06
2024-01-07 02:00:00+00:00,8910.0,6954576.1501807,59.0532,2599391.7919216,-0.2524657906423068,20298.0,54155038.76255,418.846,18434851.3679,-0.31918241444789397,-0.00013920271440480344,-0.00010742894364845768
2024-01-07 02:15:00+00:00,6564.0,5832376.670961,74.01039,3258774.9715704,0.11747754146113887,16215.0,56877005.5143,646.393,28455467.7687,0.0005965507992762298,-9.87913952362768e-05,4.041131916743268e-05
2024-01-07 02:30:00+00:00,5686.0,3767970.0360858,35.20181,1550943.6346885,-0.17677496379475788,12573.0,31294198.8414,361.73,15938369.5948,0.01861496282912789,-4.564094361286205e-05,5.315045162390675e-05
2024-01-07 02:45:00+00:00,12055.0,11823505.1640665,101.89998,4476567.6745188,-0.242768094164868,36378.0,126437179.36071,1270.407,55790120.6541,-0.1175045040361502,-0.00014134193608039718,-9.570099246758446e-05
2024-01-07 03:00:00+00:00,9658.0,11192964.5197216,113.09859,4966138.1975753,-0.11263219161909366,24232.0,78614611.4129,838.475,36817399.4009,-0.06334461904219069,-6.100761823139712e-05,8.033431784859602e-05
2024-01-07 03:15:00+00:00,7614.0,7215287.0279132,91.61274,4028818.918453,0.11674529450236215,16318.0,46563388.55575,710.611,31248125.10195,0.34217573381872124,-0.0001641274278119914,-0.00010311980958022104
2024-01-07 03:30:00+00:00,7970.0,7155298.6271578,73.40345,3230182.7740309,-0.0971214641494339,16981.0,38865166.0852,356.251,15673816.6968,-0.19342597623589475,-4.2084837351178696e-05,0.00012204259046022514
2024-01-07 03:45:00+00:00,8587.0,7294922.2307817,87.84308,3860039.5687791,0.058281211687563284,12447.0,31607744.0742,348.551,15314117.6791,-0.030989516800078443,-7.601815972809424e-05,-3.3933322376000774e-05
2024-01-07 04:00:00+00:00,7068.0,5941211.1059058,72.67247,3194012.8179523,0.07520596761065246,10482.0,27619583.88,283.967,12479329.5546,-0.09634195729961148,-7.305615165081089e-05,2.962008077034284e-06
2024-01-07 04:15:00+00:00,9471.0,9321614.9107805,104.93713,4610432.3695416,-0.010808231477228425,12257.0,43531684.0242,408.193,17932119.9704,-0.17613479136569898,-0.00010000957958862461,-2.6953427937570495e-05
2024-01-07 04:30:00+00:00,7753.0,6186584.5229465,77.87913,3421485.6058984,0.10609839507012508,15767.0,46486585.7069,619.954,27234060.9185,0.1716954688912613,-0.00019783675803257622,-9.782717844508682e-05
2024-01-07 04:45:00+00:00,6124.0,4397516.8675724,48.00725,2112623.5989504,-0.039174305604585236,20973.0,40162122.0531,480.749,21154748.0523,0.0534676441812727,-8.702188946825638e-05,0.0001108148685649013
2024-01-07 05:00:00+00:00,6565.0,4067271.7541265,52.11706,2293539.9062839,0.12780263770521927,9686.0,24330881.6222,256.11,11268044.5543,-0.0737660287641363,-0.0001181888022031311,-3.116691273419292e-05
2024-01-07 05:15:00+00:00,6696.0,4944235.5082865,68.20906,3003642.4523629,0.21500783986880023,13362.0,34752840.5759,400.072,17616298.589,0.013804816934380293,-0.00013831872813344496,-2.012992593058982e-05
2024-01-07 05:30:00+00:00,6090.0,6206184.6125444,57.80152,2543368.8757527,-0.180376016977692,13767.0,39398337.3367,295.194,12986573.5439,-0.34075524898849685,-0.00014691290751823018,-8.594179384147083e-06
2024-01-07 05:45:00+00:00,6751.0,4779868.4213849,58.15204,2556042.103891,0.06950312374934486,11095.0,30444816.2305,337.652,14838000.6626,-0.02525273594950439,-2.979842503027618e-05,0.00011711448248696854
2024-01-07 06:00:00+00:00,8918.0,6925391.2478631,58.92124,2588189.0062396,-0.25255081955457404,19832.0,72487598.63443,637.902,27994839.0091,-0.2275964568702633,-0.00011553466069756848,-8.573623566654476e-05
2024-01-07 06:15:00+00:00,17380.0,14718283.5765973,187.78242,8251133.7771001,0.12120869721789518,31249.0,124143134.57145,1761.435,77422764.72145,0.24731448080022012,-0.0002887891110903714,-0.00017325445039340082
2024-01-07 06:30:00+00:00,9544.0,7311499.3625833,74.56388,3283239.066441,-0.10189718862781505,20493.0,82078722.6552,799.807,35213870.384,-0.14194886945480334,-0.00018760606193155534,0.00010118304915884835
2024-01-07 06:45:00+00:00,5331.0,3395957.9857448,42.36752,1863087.9274545,0.0972385025228093,8294.0,19097666.9406,229.062,10070499.3576,0.054631373447086684,-0.000139614722712985,4.7991339217290374e-05
2024-01-07 07:00:00+00:00,5623.0,5606313.0839842,75.43211,3320023.2227266,0.18438737651347203,9436.0,28574705.6213,412.224,18141799.3468,0.2697803146064146,-0.0001499362773631079,-1.0321554649195264e-05
2024-01-07 07:15:00+00:00,6153.0,7030013.6705851,89.06889,3921213.9166772,0.11556366755993563,12449.0,40968988.208,444.873,19583457.1038,-0.04398629498123918,-0.00014872783798138386,1.2084393823386108e-06
2024-01-07 07:30:00+00:00,5404.0,5214957.0380077,51.88519,2285088.3050795,-0.12364060205087113,9209.0,31499468.2392,341.999,15059206.7458,-0.0438437479995718,-0.00012510201449845017,2.3625823482475994e-05
2024-01-07 07:45:00+00:00,7624.0,6027423.1366922,67.07234,2955519.680004,-0.019309043689949013,15710.0,55892210.38199,725.343,31961035.73029,0.14366690856759234,-0.00021775027758471512,-9.264826308630347e-05
2024-01-07 08:00:00+00:00,7494.0,7119629.0464866,81.41042,3587920.328109,0.00789530035404562,10297.0,24959826.3351,266.696,11751864.0084,-0.058337678265507176,-0.00019284981030025515,2.4900467284538763e-05
2024-01-07 08:15:00+00:00,9763.0,11892656.2307979,144.94633,6393175.0922727,0.07514670704372484,20987.0,68962465.65146,888.161,39176074.72936,0.13615643986275017,-0.00015131601289164755,4.153379740756691e-05
2024-01-07 08:30:00+00:00,7257.0,7652632.5271774,81.17086,3579810.4179583,-0.06442380311741458,12132.0,39005664.5806,441.102,19451738.0943,-0.0026198346598822475,-8.428558680659393e-05,6.70304260861343e-05
2024-01-07 08:45:00+00:00,10368.0,9148924.6240884,105.80374,4669707.7246868,0.020821116482220514,22932.0,64674483.8721,602.73,26597210.6157,-0.17750528420764722,-0.00017666764722716662,-9.238206041928265e-05
2024-01-07 09:00:00+00:00,11788.0,9514703.6793441,86.53491,3811734.4482578,-0.19876969862280292,25164.0,79116092.6622,640.087,28187139.0376,-0.28744865705261957,-0.0001838053831069747,-7.1377358814572744e-06
2024-01-07 09:15:00+00:00,10127.0,7784837.1795077,78.34409,3449273.4793823,-0.11384826686884508,17685.0,46646657.21755,481.085,21174667.4619,-0.092124978510426,-9.343891710407424e-05,9.036646600257825e-05
2024-01-07 09:30:00+00:00,8829.0,6817528.0101892,85.66748,3768438.6319079,0.10551467519480529,19528.0,53667272.5635,546.673,24044820.5906,-0.10392984617767675,-0.0002417644586865884,-0.00014832554158239475
2024-01-07 09:45:00+00:00,11812.0,9019756.5775459,107.44025,4721283.4570455,0.04687602519093015,27100.0,88914983.6125,995.049,43712888.1892,-0.0167486645511864,-0.00019138078793298625,5.038367075549388e-05
2024-01-07 10:00:00+00:00,10582.0,9146429.942554,95.85994,4212135.2155136,-0.0789553428017783,25725.0,87135065.0353,885.85,38903986.7609,-0.1070417691169615,-0.0003619316261899743,-0.00017055083825745498
2024-01-07 10:15:00+00:00,8935.0,6695047.4587389,80.56915,3540322.3404452,0.05759439713129866,18282.0,46821882.3893,544.714,23930475.8201,0.02219195807337826,-0.00035257235353561127,9.359272654663187e-06
2024-01-07 10:30:00+00:00,8072.0,7288704.5477279,80.81561,3552387.6238581,-0.025234840952503168,17909.0,52152422.4531,611.238,26862986.045,0.030172129363982503,-0.00036634246148133256,-1.3770107946342591e-05
2024-01-07 10:45:00+00:00,8364.0,8617645.4608388,114.74844,5043059.2858707,0.17040305470627537,12873.0,32102708.4092,344.228,15124021.4096,-0.057772869701812724,-0.00033154865495730484,3.47938065221598e-05
2024-01-07 11:00:00+00:00,7502.0,6989690.0990532,70.67231,3106173.5715148,-0.11121279270005069,10690.0,24535865.0418,288.55,12678520.9099,0.033468425775941446,-0.0001956515315973496,0.00013589712336248283
2024-01-07 11:15:00+00:00,8871.0,6969991.9160621,82.73746,3638906.4694735,0.0441637560834951,11310.0,33949220.544,487.263,21425339.6453,0.26219920822816056,-0.0002692382574717465,-7.358672587542969e-05
2024-01-07 11:30:00+00:00,11498.0,9140492.7437653,104.13662,4584191.26206,0.003051233794121533,23644.0,88802124.7732,1084.298,47723922.4028,0.07483739887275354,-0.0003462782783584987,-7.70400208853772e-05
2024-01-07 11:45:00+00:00,9274.0,10231290.03136,121.6335,5362337.2417106,0.0482230931338008,21951.0,76074026.02719,983.176,43334956.65879,0.13928390337331265,-0.00018601359313952064,0.0001602646852170153
2024-01-07 12:00:00+00:00,7074.0,6195896.9156137,58.50068,2578195.0938283,-0.167773405870833,13950.0,44356385.2833,422.321,18608341.3475,-0.16096222770857904,-0.00016115285610221968,2.486073703877878e-05
2024-01-07 12:15:00+00:00,8647.0,6927938.7809083,75.34722,3316347.1791589,-0.04261648838527865,19433.0,66345746.27585,660.078,29046404.9621,-0.12439284829710462,-0.00022025856628055137,-5.910571017864186e-05
2024-01-07 12:30:00+00:00,6170.0,7009005.2869009,70.50339,3106283.9807708,-0.11363057848561753,12585.0,40461896.4831,555.457,24474662.3458,0.20976347987161237,-0.00020434343390782902,1.5915132372867902e-05
2024-01-07 12:45:00+00:00,8590.0,10119648.9540736,119.53454,5271313.1482664,0.04179762997499359,20819.0,80517133.13589,997.863,44003694.22059,0.0930268504797429,-0.00014730961675147724,5.7033817155272004e-05
2024-01-07 13:00:00+00:00,5814.0,4050897.9934219,34.59816,1525481.9708529,-0.2468425651151559,10016.0,29586163.3021,274.127,12084886.8797,-0.18307171117099696,-0.0001753440223578098,-2.803440560583681e-05
2024-01-07 13:15:00+00:00,18464.0,15042750.8840186,210.00138,9276361.1796777,0.23333308531126384,37082.0,148759461.75779,2178.816,96247265.87009,0.293998576397106,-0.0001155390923055987,5.980493005175447e-05
2024-01-07 13:30:00+00:00,39439.0,40009570.4313768,517.52284,22932884.0533087,0.14636992129882942,74126.0,287570402.01716,3739.528,165684175.02136,0.15230339325027797,-0.00015298617667931487,-3.74470843738095e-05
2024-01-07 13:45:00+00:00,28952.0,26914694.1410028,310.44107,13767660.6199587,0.023059043348707897,67513.0,244139546.39439,2752.161,122082199.97333,0.00010180059984987722,-0.00018416420105121838,-3.117802437202499e-05
2024-01-07 14:00:00+00:00,15322.0,17035803.8825595,203.72462,9038720.1051879,0.06114394923756317,33272.0,109541633.9681,1202.024,53329928.9685,-0.02630758668379185,-7.003281299112946e-05,0.0001141313880612671
2024-01-07 14:15:00+00:00,22182.0,22714453.9943845,292.01906,12973776.2057025,0.1423366116491196,57510.0,168461883.62805,2036.639,90488240.14529,0.07428740788724175,-5.385661230366435e-05,1.617620068650183e-05
2024-01-07 14:30:00+00:00,14925.0,16542830.4067418,199.11811,8828846.7940131,0.06739252920286565,39381.0,129526002.1801,1245.09,55199127.2538,-0.1476749637181246,-0.00016526218274112692,-0.00011140557043809451
2024-01-07 14:45:00+00:00,12086.0,13640175.0511968,168.50069,7474126.0799599,0.09589885055091196,28514.0,105085119.8716,1341.783,59504697.346,0.13250472414566028,3.4910519275122016e-05,0.00020017270201755366
2024-01-07 15:00:00+00:00,10442.0,10470394.5425198,101.82121,4516666.2861871,-0.13725003048450146,21769.0,66841649.627,669.848,29716401.71,-0.1108417618108466,6.756224174094508e-05,3.265172246535997e-05
2024-01-07 15:15:00+00:00,10371.0,12636906.6753295,161.26377,7156595.5739383,0.13264990520343378,19910.0,61536080.0537,619.044,27479638.8748,-0.1068771734949755,-0.00015455278515288416,-0.0002221150268937322
2024-01-07 15:30:00+00:00,20458.0,19969895.26418,183.32927,8114782.869136,-0.18729840474511794,57861.0,197675877.48678,1660.701,73458377.357,-0.256779549523814,-0.00018700335777603407,-3.245057262368789e-05
2024-01-07 15:45:00+00:00,16908.0,19003979.895027,172.4902,7614575.5812107,-0.19863358904065176,52311.0,186891013.14389,1831.953,80848702.9566,-0.13480373832257575,-0.0001658034194460323,2.119993833105127e-05
2024-01-07 16:00:00+00:00,26037.0,22288783.9532609,235.44625,10361878.1516174,-0.07021592803393528,69805.0,245723055.79721,2514.405,110631321.7713,-0.09954463644142797,-0.0002854140174458929,-0.00011961059799858731
2024-01-07 16:15:00+00:00,16406.0,17698749.7178573,220.9724,9737722.6347015,0.1003853707108524,36301.0,117400657.20679,1370.056,60351524.87069,0.028129250833520913,-0.0003087266569837283,-2.3312639539696534e-05
2024-01-07 16:30:00+00:00,12313.0,9701046.8015574,134.57997,5939895.0334404,0.22458847069716503,26622.0,82087282.1661,1076.219,47493958.9695,0.15715754538926174,-0.00029709162913759297,1.1635027847844981e-05
2024-01-07 16:45:00+00:00,10259.0,6285195.5668799,69.44989,3064934.7702202,-0.02471299815362893,19534.0,51146550.8344,607.21,26796656.4145,0.04783825995465496,-0.00021080572064245613,8.628590849468765e-05
2024-01-07 17:00:00+00:00,23165.0,21827418.3577684,214.92248,9447215.1945135,-0.1343717301179389,65254.0,263988173.53352,2519.63,110692671.0049,-0.16138159127916585,-0.0002573073596132191,-4.650163897146342e-05
2024-01-07 17:15:00+00:00,31163.0,29812239.4419938,309.87768,13599055.1322732,-0.08768644108517087,82345.0,315092930.30076,3583.218,157213133.96398,-0.0021157642990075054,-0.0002428179891222329,1.4489370490977649e-05
2024-01-07 17:30:00+00:00,11020.0,8445747.8981867,110.85849,4877875.8626977,0.1551080902485802,22809.0,60332508.439,712.856,31362098.4573,0.03964178744562141,-0.00016364975352674207,7.916823559561692e-05
2024-01-07 17:45:00+00:00,8441.0,7483219.6700303,85.49124,3759613.6081363,0.004811771915036456,19040.0,54635027.1314,553.07,24314973.5609,-0.10991263892223346,-0.0003954976958124393,-0.00023184794228647831
2024-01-07 18:00:00+00:00,10144.0,8014586.8202828,97.88445,4311720.3283257,0.07596821271281895,25279.0,77293994.2874,1063.941,46859419.7848,0.21249833746627167,-0.00019382409321372175,0.0002016736025982624
2024-01-07 18:15:00+00:00,8451.0,6586092.9967987,80.52192,3550684.8404881,0.07823707992400974,20363.0,55453707.72175,708.574,31240466.04995,0.12672235395711495,-0.00035550122645967906,-0.00016167713324399813
2024-01-07 18:30:00+00:00,7887.0,7141431.0033211,83.69235,3693609.8342474,0.034417284863411446,17628.0,45774427.966,476.201,21014110.0794,-0.08184062529372471,-0.0002151813024140638,0.0001403199240428421
2024-01-07 18:45:00+00:00,6694.0,5597897.2413739,67.37013,2974403.7884371,0.06268609807745862,13808.0,36555007.52326,430.683,19011529.24746,0.04016005114281218,-0.0001948046070654048,2.037669534971087e-05
2024-01-07 19:00:00+00:00,6885.0,4802314.4668969,52.87578,2334093.1332287,-0.02792990783174787,14863.0,39893953.394,327.493,14454495.3678,-0.2753540755891124,-0.000410685027708577,-0.0002158804206437992
2024-01-07 19:15:00+00:00,6691.0,5041042.3502757,45.71918,2014820.6274983,-0.2006333264039699,15781.0,40126810.944,387.652,17078109.6029,-0.14879307868577984,-0.00027955994904921516,0.0001311250786617535
2024-01-07 19:30:00+00:00,6320.0,5761960.6627519,81.90978,3611652.922295,0.2536194304978412,16153.0,53881422.036,769.53,33936231.7541,0.2596635527334843,-0.0003145875921932755,-3.502764314511353e-05
2024-01-07 19:45:00+00:00,10448.0,8855510.6421583,122.11409,5395283.6148962,0.21851439920606097,26321.0,82598695.71383,1255.159,55459176.03903,0.3428583964854093,-0.000292097607928598,2.2489984264240093e-05
2024-01-07 20:00:00+00:00,8817.0,5071308.7189857,56.66224,2505638.3038589,-0.01183759747127111,15341.0,39168279.9515,466.772,20641138.2106,0.05397215482317974,-0.00013494030607159863,0.00015715730185661414
2024-01-07 20:15:00+00:00,8512.0,5567246.2917012,65.8329,2912460.6554912,0.04628410632116298,14860.0,32999750.5257,310.669,13742301.809,-0.16712692732040013,-0.00018405808328102158,-4.9117777209062297e-05
2024-01-07 20:30:00+00:00,6606.0,4829661.5943915,54.06589,2389084.0111252,-0.010661942070826935,13579.0,39577841.3318,387.903,17136021.1278,-0.13405983999276128,-0.00016877472980122253,1.5283353480555206e-05
2024-01-07 20:45:00+00:00,7267.0,6794196.6218244,87.09451,3846577.9038666,0.13231280104864096,12363.0,35739280.9817,305.555,13491475.3819,-0.24500577452533556,-0.00031681548842800954,-0.00014804075862784316
2024-01-07 21:00:00+00:00,6506.0,6132710.0951619,52.25597,2307379.0783177,-0.247517315342203,12536.0,37261592.9366,252.979,11164527.5471,-0.40074877818045707,-0.000267714828863521,4.910065956487131e-05
2024-01-07 21:15:00+00:00,7162.0,6244209.4047689,67.72631,2991260.5503893,-0.04190895708757625,13632.0,43803266.04279,572.274,25268447.0729,0.15372433864708013,-0.00024370438936723005,2.401043949795678e-05
2024-01-07 21:30:00+00:00,6195.0,5956246.7997643,82.34526,3640605.2071078,0.22244941470587354,10811.0,28386207.62576,368.163,16274786.82066,0.14666862408847514,-0.0003232657555212367,-7.95613661566108e-05
2024-01-07 21:45:00+00:00,7773.0,6670891.7867778,71.58429,3162281.0295558,-0.051916556097139965,14982.0,42561070.0676,327.455,14457992.617,-0.3206001355681948,-0.00024701166389697206,7.625409162415053e-05
2024-01-07 22:00:00+00:00,6339.0,5492961.633836,74.50966,3292926.6788034,0.19896219865049036,12851.0,34636761.4481,374.73,16555152.5504,-0.04407041199816719,-0.00028784516887370864,-4.083350497552374e-05
2024-01-07 22:15:00+00:00,9718.0,8587555.0620992,80.85869,3571168.505353,-0.16829214379906643,19590.0,45911616.60639,490.729,21665888.6537,-0.056191428001926,-0.0003859594564118694,-9.811428753714324e-05
2024-01-07 22:30:00+00:00,19185.0,19507016.9045478,198.27393,8727216.9592832,-0.1052228024420725,49760.0,171237994.23447,1706.607,75096624.9815,-0.12289763358623673,-0.00035024437863302043,3.571507777877514e-05
2024-01-07 22:45:00+00:00,24149.0,22001540.638933,232.03498,10180260.9540692,-0.07458653726688214,58013.0,215298710.14499,2415.435,105931452.8913,-0.015958313731077256,-0.0003172511296698893,3.299324896310907e-05
2024-01-07 23:00:00+00:00,14442.0,11440515.1383763,131.78459,5785375.0546104,0.011383663171568026,26693.0,82450476.2187,959.361,42107053.8217,0.021390190882851323,-0.00026335545785375903,5.3895671815240576e-05
2024-01-07 23:15:00+00:00,17028.0,15081209.0187293,198.08948,8705622.0211498,0.15449921957030344,30976.0,90252337.62185,1088.882,47843878.61485,0.060224696125035226,-0.0003929587397248149,-0.00012960328187183734
2024-01-07 23:30:00+00:00,18684.0,24133310.414584,273.78439,12008221.247513,-0.004842597950730165,45701.0,139241020.66743,1335.884,58536187.6556,-0.15921059218014988,-0.0005051930985144104,-0.00011223435878804366
2024-01-07 23:45:00+00:00,37950.0,39619811.5595504,398.82233,17439925.9169108,-0.11963609969735511,81515.0,346783601.29395,3654.381,159726629.64373,-0.07881094118785481,-0.0004813172086771975,2.3875889835878183e-05
2024-01-08 00:00:00+00:00,33894.0,18091726.1025164,236.44871,10355380.505119,0.14476423603148136,48545.0,201264425.48959,2646.822,115877098.86349,0.1514911150503695,-0.00027593768901044676,0.00020537951966659307
2024-01-08 00:15:00+00:00,14669.0,16734752.6557356,166.02495,7289908.836564,-0.12877005277212916,32751.0,108968643.4649,1062.123,46623790.7332,-0.14427142982250607,-0.00040872630067757197,-0.00013278861166554634
2024-01-08 00:30:00+00:00,15537.0,16394469.0437998,188.67731,8264903.8738317,0.00825514406730865,36998.0,147836605.14364,1487.685,65144244.6752,-0.1186993963787929,-0.0003081119041155176,0.00010061439656006144
2024-01-08 00:45:00+00:00,19245.0,24554199.6919308,271.56185,11880515.3178858,-0.03230278592300684,44047.0,132620210.31022,1535.912,67175010.865,0.013043346981079784,-0.0003226842601419212,-1.4572356025865929e-05
2024-01-08 01:00:00+00:00,16018.0,17296273.247025,179.6318,7849538.2437136,-0.09234340466218782,32430.0,106123884.71927,1207.519,52752815.8713,-0.005825766539789612,-0.00023380070659294758,8.888355355018973e-05
2024-01-08 01:15:00+00:00,13494.0,14096529.8613122,194.65753,8513277.3805942,0.20785433923831342,32986.0,95187735.12874,1287.857,56307536.99024,0.18308386924187015,-0.00030639262650817103,-7.259191991693115e-05
2024-01-08 01:30:00+00:00,14063.0,14118249.9817348,151.35402,6623863.5997268,-0.06165939712127355,26066.0,90178865.0221,992.561,43422392.7146,-0.036971851354338225,-0.0002592325930410442,4.716003346949549e-05
2024-01-08 01:45:00+00:00,11066.0,11771902.4709163,115.36078,5043431.9256069,-0.1431407220596298,23570.0,74820616.4963,784.791,34293366.7058,-0.08331771878688377,-0.00036657122716483447,-0.00010733863412504263
2024-01-08 02:00:00+00:00,9537.0,8624063.0222779,109.25901,4774256.514642,0.1071942545663267,16954.0,44323100.0361,549.846,24017329.6641,0.08373871162163815,-0.00031482962166110105,5.1741605503252686e-05
2024-01-08 02:15:00+00:00,10332.0,12003305.3265436,141.73597,6200092.7172771,0.033064234993086306,21089.0,60864683.4693,751.528,32867969.5648,0.08003419031591696,-0.0003938414243852613,-7.901180272362751e-05
2024-01-08 02:30:00+00:00,17543.0,17917615.0821273,180.11552,7861827.9443613,-0.12244705466371797,41817.0,127150810.98507,1288.17,56217448.5502,-0.11573590267071077,-0.0003951561789301048,-1.3147545452341092e-06
2024-01-08 02:45:00+00:00,25192.0,30584148.1769504,273.3648,11898012.2437139,-0.22194908454695617,63543.0,238749570.79273,2202.829,95874898.2445,-0.19685804731574896,-0.00038024763452846006,1.4908544400782375e-05
2024-01-08 03:00:00+00:00,35243.0,44960022.0318465,409.34527,17743011.9845102,-0.21072049422296535,93747.0,375558966.38183,3634.112,157433736.2856,-0.16160310162565805,-0.00037566637117403425,4.581263354452858e-06
2024-01-08 03:15:00+00:00,15230.0,17449985.8847401,222.48817,9656033.9011907,0.10670965179803837,35151.0,123739029.93995,1607.918,69763660.88655,0.1275934669991512,-0.0003166900522869159,5.897631888807098e-05
2024-01-08 03:30:00+00:00,22647.0,31873236.887748,327.56015,14186262.350849,-0.10983233985236263,47759.0,163298322.4752,1820.301,78840243.2485,-0.034402288358186706,-3.512253374317326e-05,0.0002815675185434685
2024-01-08 03:45:00+00:00,23133.0,24863506.8476644,329.40674,14282713.3870752,0.14888969400685115,44295.0,153057197.83281,2102.311,91201046.92881,0.19172503116687456,-0.00024216380027132227,-0.00020704126652937305
2024-01-08 04:00:00+00:00,15180.0,17905707.1902061,228.79286,9957732.1533667,0.11224114720398082,32199.0,100302334.72171,1134.126,49341292.64201,-0.016148671336355225,-0.0003746260965140233,-0.00013246229624108707
2024-01-08 04:15:00+00:00,20119.0,16949374.7917935,174.0488,7576997.4285492,-0.10592602716911903,34702.0,129664634.4892,1492.694,64978690.7279,0.0022577240722054803,-0.00010320974263157332,0.0002714163538826142
2024-01-08 04:30:00+00:00,8888.0,8792888.3485442,111.78348,4861273.4881435,0.10572846951897419,21803.0,62113930.515,667.619,29031751.5086,-0.06520964724365419,-0.0002924825458975268,-0.00018927280326508367
2024-01-08 04:45:00+00:00,9937.0,11984843.2988928,140.74471,6131072.2706088,0.0231376610781735,19053.0,54473938.6613,659.544,28721016.617,0.05448650576112324,-0.00019541765188773653,9.706489400862495e-05
2024-01-08 05:00:00+00:00,9005.0,10821046.659374,115.89824,5049336.8156763,-0.06675629916036141,18593.0,56541214.949,726.456,31644803.7111,0.1193535101657619,-0.00033400639602434865,-0.0001385887441358591
2024-01-08 05:15:00+00:00,9614.0,10211966.03895,113.70875,4955496.54518,-0.029472576332710276,21685.0,58847071.77067,675.221,29426887.79787,0.00011391943334282395,-0.0002592554793713295,7.475091665298805e-05
2024-01-08 05:30:00+00:00,9308.0,13112810.2846459,129.7017,5647430.1686871,-0.13863923200356076,20598.0,74148607.99763,776.025,33772850.4977,-0.08904964207070554,-5.5185226928796495e-05,0.0002040702524421789
2024-01-08 05:45:00+00:00,6847.0,6780261.6319803,102.79191,4473173.6024305,0.3194693199837564,12226.0,35303907.6369,458.176,19933499.5221,0.12925173763287923,-0.00021123736959440017,-0.0001560521426657857
2024-01-08 06:00:00+00:00,13318.0,19312850.5979733,249.19528,10861970.6426876,0.12484385332815262,26423.0,104414884.88017,1308.203,57021645.94687,0.0922129735106243,-0.0002575847729392067,-4.634740334452658e-05
2024-01-08 06:15:00+00:00,15254.0,11907647.7828979,124.58545,5436073.625497,-0.08696096414533816,17667.0,72358724.10652,769.407,33567439.02862,-0.07219372803740887,-0.0002203067086342271,3.727806430475766e-05
2024-01-08 06:30:00+00:00,89121.0,86051526.1386954,1145.11325,50414757.468799,0.17173418603969748,166244.0,807970812.03425,10576.068,466031177.66959,0.15358419073642193,-9.740704713713187e-05,0.00012289966149658937
2024-01-08 06:45:00+00:00,27378.0,33396829.5466005,347.1239,15277333.2653067,-0.08510277935279054,59753.0,226573043.58467,2358.936,103811982.6644,-0.08363341885721176,-7.95187977177091e-05,1.7888249420394686e-05
2024-01-08 07:00:00+00:00,15679.0,17349565.6531225,188.51006,8274446.7479859,-0.046149406455405884,42392.0,168050468.72725,1583.003,69474027.4541,-0.17317662985090476,-0.0002931233221771102,-0.0002136045244593987
2024-01-08 07:15:00+00:00,14631.0,21561222.9248529,242.52376,10664901.3921141,-0.01073316395045254,33781.0,131929578.90715,1735.266,76284205.64455,0.15643824950336027,-9.972400991007097e-05,0.0001933993122662514
2024-01-08 07:30:00+00:00,13035.0,14419586.2137732,169.47929,7456491.1396258,0.03421707517564698,29822.0,110830319.4727,1209.203,53184340.772,-0.04025647449116121,-0.00013473880493404286,-3.501479502432403e-05
2024-01-08 07:45:00+00:00,14656.0,15406487.9832476,190.01736,8330145.0889961,0.08138144112454015,30983.0,120714540.25033,1434.549,62887352.367,0.04191843396144779,-0.00013018620179161441,4.552603142471412e-06
2024-01-08 08:00:00+00:00,12458.0,15710833.595075,198.12018,8702669.1321163,0.10785580910797687,23058.0,97780431.64755,1223.249,53734722.22685,0.09908948695454822,-0.00010347429156358737,2.671191022862729e-05
2024-01-08 08:15:00+00:00,11824.0,11528713.7823878,125.77472,5530389.3806165,-0.04058865802268907,23975.0,65687638.9875,732.804,32226300.7631,-0.018801672283198068,-0.0001256930593060787,-2.221876774299858e-05
2024-01-08 08:30:00+00:00,9680.0,9774371.9659226,120.28776,5295934.3760653,0.08363675835727591,21877.0,66910263.5524,821.075,36146915.6199,0.08045951998356604,-0.00011477918372782697,1.0913875577500676e-05
2024-01-08 08:45:00+00:00,8980.0,7054165.7472197,68.33364,3004477.9279032,-0.14816917107813277,17174.0,47067444.466,398.04,17493654.3885,-0.25665586534502194,-0.0001961136923594766,-8.133450863034852e-05
2024-01-08 09:00:00+00:00,8554.0,8102727.1537559,90.96369,3992764.5265205,-0.014464031490999285,17694.0,52179109.58233,529.543,23239496.8616,-0.10924134016001485,-0.00026286532703513697,-6.675163467484424e-05
2024-01-08 09:15:00+00:00,10186.0,14195979.4587655,148.02546,6494009.6186129,-0.08509171382280545,18404.0,43919968.6943,501.262,21988178.3324,0.001283880024880668,-0.00015045204027665056,0.0001124132867573735
2024-01-08 09:30:00+00:00,8881.0,8229003.430939,81.99354,3596433.2837403,-0.12591280003150607,14178.0,36178411.429,397.457,17429957.4933,-0.03644428791428678,-6.842152678185399e-06,0.00014360988759776205
2024-01-08 09:45:00+00:00,11631.0,9744557.7786055,116.80985,5120031.9104524,0.05084951555084416,21757.0,59240152.2071,702.376,30786963.5349,0.039395153046556386,-0.0001420547989606013,-0.0001352126462812464
2024-01-08 10:00:00+00:00,17413.0,17115976.6735652,163.38701,7148614.9056938,-0.164685131087554,44037.0,164083399.64852,1390.016,60781654.934,-0.25913706000486025,-9.515448658286649e-05,4.690031237863934e-05
2024-01-08 10:15:00+00:00,10914.0,12633355.9274985,187.98085,8222766.0280011,0.30175482669698983,25893.0,83127995.9263,1145.075,50092352.7357,0.20518610312971108,-0.0002025362245929406,-0.00010738173800994844
2024-01-08 10:30:00+00:00,16581.0,13965278.3744103,200.28321,8801624.8312232,0.26050116513984034,40627.0,145461990.5307,1944.597,85413382.6503,0.17437390123261598,-2.750593565763315e-05,0.0001750302889345079
2024-01-08 10:45:00+00:00,10660.0,11457062.0248358,118.13744,5196853.5208707,-0.09281218699779548,21883.0,81653319.1803,778.02,34222045.82,-0.16177208315478875,-1.4555471356409208e-05,1.2950464300942599e-05
2024-01-08 11:00:00+00:00,14787.0,17142131.2086851,251.52943,11082389.577147,0.29300020426072604,37207.0,133621528.01529,1909.003,84121372.17069,0.2590990900966823,-0.00016445419108871665,-0.00014989871973192237
2024-01-08 11:15:00+00:00,19684.0,26967925.169997,366.84739,16196238.7915841,0.20114830410484275,37840.0,133761430.50692,1590.799,70227003.95132,0.05003368587160706,-0.00019579914691865666,-3.134495583090313e-05
2024-01-08 11:30:00+00:00,18537.0,24501035.7965977,254.0888,11202161.1759217,-0.08557652264829785,58515.0,197436906.98584,2123.483,93600764.33419,-0.05184126146280277,6.583986728514427e-05,0.00026163901420517277
2024-01-08 11:45:00+00:00,19226.0,21370170.8830547,264.58384,11701417.2760426,0.09511686547355991,49464.0,162881580.55203,1995.308,88253302.26043,0.08364987571125448,-3.0059509921561886e-05,-9.589937720733133e-05
2024-01-08 12:00:00+00:00,74616.0,79054029.133135,1131.93401,50365513.7675814,0.27420485255117777,148918.0,669997862.53559,8628.769,384037590.67585,0.1463845249370479,2.710780246724951e-05,5.7167312387917946e-05
2024-01-08 12:15:00+00:00,108600.0,152268087.5200032,2096.80251,94222159.6810119,0.23758249303070933,220569.0,996365361.44701,12082.824,542909083.00107,0.08977911920303883,0.0001552788326949862,0.0001281710302283301
2024-01-08 12:30:00+00:00,71704.0,97686945.0083604,1047.09094,46964522.9528208,-0.038468795419870916,191242.0,981993738.26736,9656.94,432506043.18128,-0.11912667804909183,-0.00029790034397974527,-0.0004531791766755333
2024-01-08 12:45:00+00:00,52797.0,48778612.8058656,582.21576,26060088.096079,0.06850468256634334,98107.0,412833292.13257,5101.48,228373661.41997,0.10637230946303666,-0.00012007852124918894,0.00017782182273151648
2024-01-08 13:00:00+00:00,39770.0,38673114.576078,497.45795,22370920.6029763,0.15692365862946378,83336.0,291885009.93111,3520.838,158406651.44267,0.08540449871034306,-0.00018156829162518963,-6.148977037589987e-05
2024-01-08 13:15:00+00:00,32182.0,50725661.2562156,539.25908,24288723.8533559,-0.04234964111464534,80358.0,285687563.32254,2778.984,125169834.36425,-0.12372920326998049,-6.834080943028278e-05,0.00011322748219377843
2024-01-08 13:30:00+00:00,26675.0,39174513.2117839,435.86137,19632181.0985749,0.002293557162539761,67452.0,237700469.78936,2585.587,116502702.42777,-0.019752022105722133,-2.2173956908931717e-06,6.612341374001574e-05
2024-01-08 13:45:00+00:00,22899.0,28151411.8223667,310.06948,13954213.5215622,-0.008631353225746374,56016.0,194418638.30689,1802.47,81125396.4535,-0.16545659243386446,1.8001122070403227e-05,2.0218517761350085e-05
2024-01-08 14:00:00+00:00,22106.0,31518705.591912,317.38283,14251067.9852139,-0.09570728127421202,55914.0,210997076.16733,1925.752,86461822.55779,-0.18044530162852157,9.618437483345129e-05,7.818325276254257e-05
2024-01-08 14:15:00+00:00,16499.0,20382930.8229551,223.06117,10016263.3561185,-0.01719105626966455,39133.0,131684513.696,1435.868,64476642.2343,-0.020740701778381943,5.5360576902534253e-05,-4.082379793146629e-05
2024-01-08 14:30:00+00:00,16428.0,19540262.3162257,235.7902,10607451.7134726,0.08570207930775431,33538.0,98069462.1722,1230.13,55338495.0624,0.12855712342403258,2.42282227466301e-05,-3.11323541559716e-05
2024-01-08 14:45:00+00:00,17759.0,27186320.54933,314.83688,14176634.7867646,0.04292412509746413,40531.0,137139769.68337,1561.374,70318710.84107,0.02550428666203408,2.0200026882293646e-05,-4.028195862204598e-06
2024-01-08 15:00:00+00:00,25966.0,35748861.4748717,352.38149,15821395.0178877,-0.11485880304139218,60860.0,259070061.92199,2374.717,106605245.6361,-0.17701609483383318,8.015950629604777e-05,5.995947941350721e-05
2024-01-08 15:15:00+00:00,20539.0,28091150.0385422,346.03945,15495268.2842519,0.10321352190933886,57473.0,234417815.1546,2756.926,123454973.92054,0.05329003121303466,-6.560644570067864e-05,-0.0001457659519967791
2024-01-08 15:30:00+00:00,13632.0,18623540.1345325,226.64648,10154694.2676074,0.09052244570603052,29156.0,93670320.1207,1046.083,46876023.451,0.0008724938827440187,-5.8294054659458554e-05,7.3123910411254656e-06
2024-01-08 15:45:00+00:00,72124.0,89820286.2596533,1116.31845,50287852.4283847,0.11974375773001023,150774.0,713607047.17034,8677.215,391284650.3992,0.09663897505148733,0.00010603530985749224,0.00016432936451593605
2024-01-08 16:00:00+00:00,32577.0,47037910.9236539,552.42772,24841176.8245807,0.05621939141386667,76458.0,311323914.2749,3595.376,161674480.1676,0.038625513521206134,0.000145886966325847,3.985165646902544e-05
2024-01-08 16:15:00+00:00,31788.0,45305413.8431429,579.41473,26106287.147895,0.15245772782390166,61456.0,228160723.08457,2458.612,110784092.74187,-0.028894270283261636,-1.088943457060879e-05,-0.0001567764008960637
2024-01-08 16:30:00+00:00,16452.0,23308178.8453838,256.05349,11522442.8298099,-0.011296171507459762,31703.0,104037423.28319,1168.843,52594992.4555,0.011078336923750376,6.662595083253724e-05,7.751538540290426e-05
2024-01-08 16:45:00+00:00,21370.0,29625357.5503474,284.96911,12800748.0221209,-0.13582490942994252,50683.0,185618434.46079,1736.316,77980366.88706,-0.1597777762366318,-0.00012823001632913342,-0.00019485596716073417
2024-01-08 17:00:00+00:00,14592.0,15637402.2675752,162.83614,7311263.4288294,-0.06490051176983447,29540.0,97236990.89163,1066.249,47858971.85489,-0.015622112201548632,-2.447721671930602e-05,0.00010375279960861405
2024-01-08 17:15:00+00:00,17653.0,18730724.8392041,237.68651,10701972.0813941,0.14271841301031518,33561.0,119248010.47047,1565.769,70517748.56777,0.1827073389242444,-1.13003726576633e-05,1.3176844062101623e-05
2024-01-08 17:30:00+00:00,32879.0,50143453.3380203,656.56693,29693565.7236268,0.18434466503375946,82638.0,352944882.85747,4248.886,192152572.42612,0.08885314256683619,-0.00018060309560402718,-0.00016930272294679583
2024-01-08 17:45:00+00:00,35296.0,53417383.2028459,688.30509,31213775.0344614,0.1686748081960867,77414.0,322273431.12266,3589.071,162769778.91393,0.010134644651972335,-0.0002929815519681799,-0.00011237845636458133
2024-01-08 18:00:00+00:00,46959.0,72411356.4844951,948.81368,43164486.9829715,0.1922021373046363,114063.0,505662661.66863,6111.208,278046755.77022,0.09973220032777141,-0.00010953982331227362,0.00018344172865525366
2024-01-08 18:15:00+00:00,92100.0,159157557.4520388,2087.35666,95831329.1852623,0.2042322176770086,242873.0,1160958240.1341,13474.824,618572352.05989,0.06562377642186323,8.280129872048161e-05,0.00019234112203214693
2024-01-08 18:30:00+00:00,35478.0,59453276.564363,717.93359,32993290.7370433,0.10988973673554825,105324.0,428995763.82199,4447.494,204487876.22128,-0.04666715400886157,1.9565704407146527e-06,-8.08447282789615e-05
2024-01-08 18:45:00+00:00,100809.0,159838486.6143553,2017.45053,93753034.2190952,0.173097120786617,299273.0,1603815937.85955,19779.571,920727644.52319,0.14817121190601412,0.0009039395054910757,0.000901982935051393
2024-01-08 19:00:00+00:00,63548.0,117099875.6829187,1217.56519,56990433.3701191,-0.026635459042895104,180371.0,788584408.35361,8063.774,377565409.80846,-0.04242233092908054,4.045126149742586e-06,-0.0008998943793425696
2024-01-08 19:15:00+00:00,66194.0,128512358.7583975,1630.55223,76632915.7538466,0.19261550397524085,190451.0,808834992.26146,8892.399,418361890.27147,0.0344801950315039,0.0005246142232197666,0.0005205690970715438
2024-01-08 19:30:00+00:00,52258.0,95751874.9266369,975.38845,45718960.7416014,-0.04505346184332537,140707.0,570183814.62286,5473.536,256697389.37084,-0.09959776904355355,0.0006476134023737707,0.0001229991791547036
2024-01-08 19:45:00+00:00,31885.0,54481731.3801416,595.66569,27861790.9582153,0.022793888975812804,66893.0,240238523.00451,2633.413,123225603.3024,0.025860480336758362,0.000501689876696899,-0.00014592352567888156
2024-01-08 20:00:00+00:00,29148.0,46550964.5541321,575.06193,26985819.732619,0.15940969176861453,65880.0,265793143.41409,3291.799,154589151.53829,0.16322904009189765,0.000582001281509457,8.031140481357113e-05
2024-01-08 20:15:00+00:00,27452.0,44472958.3066782,475.67901,22326527.3575544,0.00404957113913329,64836.0,236638658.10543,2442.048,114686407.5405,-0.03070437891510036,0.0006533367757730713,7.133549426363572e-05
2024-01-08 20:30:00+00:00,23125.0,39683835.7279649,377.17346,17691734.0103683,-0.10836572696015534,37620.0,132482827.5884,1384.598,65003200.7429,-0.01869243091862305,0.0007156424601541122,6.23056843807035e-05
2024-01-08 20:45:00+00:00,24183.0,41548377.5195733,479.75093,22558123.2868853,0.08587264454590282,64474.0,243490554.38891,2492.519,117253871.10038,-0.03689183020135711,0.0005077636660145771,-0.00020787879413930455
2024-01-08 21:00:00+00:00,17144.0,36015131.5495563,352.94185,16524424.9843817,-0.08236209207541945,50307.0,207950230.6911,2158.787,101076134.7192,-0.02788148507184196,0.0004721593340091445,-3.560433200533453e-05
2024-01-08 21:15:00+00:00,18716.0,41157745.5981874,455.02005,21294099.0020232,0.034755363421119956,59232.0,265121224.74649,2981.183,139646068.54148,0.05345068977416001,0.0004697721350239232,-2.387198986042449e-06
2024-01-08 21:30:00+00:00,10841.0,19137264.6688623,211.55995,9919179.7164105,0.036635056058948345,26003.0,90702247.6778,932.872,43767360.0722,-0.03492226063296633,0.0004013014509348664,-6.847068408788459e-05
2024-01-08 21:45:00+00:00,20807.0,41957174.4947123,546.73576,25730444.3675518,0.22650987238401887,63782.0,280762284.179,3320.829,156451709.1088,0.11447810425316374,0.00047107354036521115,6.977208943048652e-05
2024-01-08 22:00:00+00:00,15747.0,28720310.540018,298.15281,14042843.8307561,-0.022096657959931765,45402.0,158553681.31416,1314.078,61902606.7138,-0.21915901036513308,0.00033539153027021905,-0.00013568201009661607
2024-01-08 22:15:00+00:00,17361.0,32286343.8779278,327.55542,15377394.7348645,-0.047436600873406065,54290.0,253603072.75737,2423.203,113780766.0761,-0.10268621875131911,0.0003897308214127926,5.433929114317948e-05
2024-01-08 22:30:00+00:00,9555.0,17307543.4269901,191.5946,8997401.9990761,0.03970873013037535,22434.0,67304752.6624,686.835,32265555.7553,-0.04121018267034671,0.00022149715125956496,-0.00016823367015383894
2024-01-08 22:45:00+00:00,9812.0,20266586.7465447,198.26313,9295496.7093529,-0.0826776283936701,22806.0,68771325.6072,695.234,32617450.1604,-0.051422962334606415,0.0004031747723464827,0.00018167762108944885
2024-01-08 23:00:00+00:00,7268.0,14502782.0269537,196.44296,9225834.7499366,0.27228482546179156,13119.0,37801950.8914,484.245,22753879.1418,0.20384681770360902,0.0002384822498923345,-0.00016469252245521204
2024-01-08 23:15:00+00:00,11398.0,23505352.9462016,223.93721,10523721.7751789,-0.10456807015276026,32878.0,121854456.01186,1321.244,62128602.34466,0.019718184759908608,0.00038083952622440303,0.00014235727633149509
2024-01-08 23:30:00+00:00,11807.0,29415542.440702,267.96021,12595964.2911782,-0.14358442877128197,33340.0,117655716.88003,1302.955,61287349.1526,0.041808265298198144,0.00038979968600664334,8.96015978213427e-06
2024-01-08 23:45:00+00:00,10316.0,20180281.9934053,163.69752,7677890.2143453,-0.23907007673586012,24319.0,82259346.014,815.503,38259595.2728,-0.069781195044063,0.0005481748793761868,0.00015837519336869832
2024-01-09 00:00:00+00:00,8735.0,18027014.798528,213.43523,10013824.1234557,0.11097974183428083,20710.0,65316690.2035,787.531,36967767.0178,0.131954693436658,0.00046122525325267795,-8.694962612310064e-05
2024-01-09 00:15:00+00:00,19871.0,30207606.8561086,325.78881,15316847.8713156,0.014105350634104896,40662.0,160185458.97346,1797.6,84569923.34956,0.05590012840768277,0.0003950388186028831,-6.618643464761931e-05
2024-01-09 00:30:00+00:00,25260.0,53396287.7100713,438.28423,20589015.458428,-0.22882221437485373,46449.0,183845659.04443,1769.289,83154662.1689,-0.09538617771982305,0.00011513196481145366,-0.00027990685379286617
2024-01-09 00:45:00+00:00,61747.0,87667375.7748834,825.98649,38461231.3888136,-0.12256455611090178,169680.0,754163912.04814,7375.082,343389072.76501,-0.08935161898043542,0.0002785127437582336,0.0001633807789467312
2024-01-09 01:00:00+00:00,29786.0,36977870.279513,394.77665,18412496.6291779,-0.00413428410023664,68435.0,268314150.29295,2818.536,131510800.70662,-0.019725194790999767,0.00028965859053094477,1.1145846773530366e-05
2024-01-09 01:15:00+00:00,17657.0,27937553.3574188,321.41994,15012756.4898449,0.07473666700726112,38417.0,164400457.3503,1624.046,75870992.9097,-0.07699778780984579,0.00017731802997566302,-0.00011234056055720032
2024-01-09 01:30:00+00:00,20244.0,27397288.2789977,256.16775,11944256.0351627,-0.12807020070530373,43774.0,178869031.41052,1565.794,72999288.7977,-0.18376827758226877,0.00031748684726219103,0.00014016881728728947
2024-01-09 01:45:00+00:00,21123.0,28108319.7431517,317.28217,14742571.9500945,0.04898279831802288,51972.0,199159746.18434,2040.827,94844126.92442,-0.04755726253403281,0.0003311392244172805,1.365237715411638e-05
2024-01-09 02:00:00+00:00,22528.0,36639309.8718959,431.27618,20037101.8602855,0.09374886865185794,47383.0,218303289.11337,2823.326,131210304.3831,0.20209186875750107,0.0003925631243804993,6.142389996455222e-05
2024-01-09 02:15:00+00:00,13668.0,16880257.0411357,193.17654,8992673.3379079,0.06546639852622471,24336.0,88401749.01746,932.136,43418763.98266,-0.017694458192575535,0.00029969177087034807,-9.287135351065956e-05
2024-01-09 02:30:00+00:00,13662.0,19591300.5194915,224.03926,10449646.2517173,0.06676391812997662,27501.0,107723416.50071,1158.704,54075983.72361,0.003978252458296083,0.0002726415956804912,-2.705017518955799e-05
2024-01-09 02:45:00+00:00,13052.0,16587814.1695701,191.73968,8957990.7635403,0.08006885921998008,29327.0,102287693.44665,964.567,45073320.47735,-0.11869514389120905,0.00015789233872000777,-0.00011474925696042249
2024-01-09 03:00:00+00:00,10292.0,13235724.4545182,143.42763,6703342.1641312,0.012916548265391015,19082.0,67563964.609,670.7,31354440.1747,-0.07185907884027976,0.00016437364753378882,6.481308814088038e-06
2024-01-09 03:15:00+00:00,24378.0,26527265.0111609,373.74264,17522247.9803106,0.32107459799858074,46986.0,169826415.80392,2058.725,96524089.70932,0.13673823065035773,0.00013371845120203722,-3.065519633160818e-05
2024-01-09 03:30:00+00:00,14710.0,24879441.5004241,301.92625,14161838.7730695,0.13843703226441773,31239.0,102846695.0559,994.485,46655431.69915,-0.09271889244877529,0.0001665524018809959,3.283395067832373e-05
2024-01-09 03:45:00+00:00,10356.0,13023164.4829236,107.1458,5022623.1521665,-0.22866317802369351,19395.0,63508463.7011,456.621,21410306.6767,-0.3257495008077431,0.00013946603752287005,-2.7086364358552828e-05
2024-01-09 04:00:00+00:00,12128.0,12826532.1944944,144.27771,6767287.6875339,0.055201450387137196,23313.0,77895011.1654,784.793,36821841.1925,-0.054577677270921,0.00012444097465281,-1.5025062868545547e-05
2024-01-09 04:15:00+00:00,16507.0,18039633.5967126,161.06733,7543146.1299763,-0.16371404224630126,34666.0,136770598.92965,1045.486,48946375.5602,-0.2842558862321529,0.00011284303332360381,-1.1597941330876438e-05
2024-01-09 04:30:00+00:00,15572.0,14608867.4313631,136.64644,6385848.8924155,-0.1257571577785671,27844.0,94628387.23581,942.079,44032249.3926,-0.0693648982334768,0.0001155606726916967,2.7176393686545453e-06
2024-01-09 04:45:00+00:00,12735.0,13344266.9486724,144.03696,6738462.1084253,0.009941143165709487,22648.0,71349875.45425,860.574,40272211.29075,0.1288656366771881,0.00016395347221024085,4.8392799518737206e-05
2024-01-09 05:00:00+00:00,11557.0,14186209.2375019,168.0352,7864152.0401166,0.10870379936697261,17241.0,47928699.8752,532.358,24921442.9345,0.03993819984235514,6.110462202807945e-05,-0.00010284885018307932
2024-01-09 05:15:00+00:00,13819.0,16569012.6426641,161.68108,7559840.876521,-0.0874723751426304,23945.0,88005256.3908,765.204,35783176.5486,-0.18679456168618702,0.00010193217150913037,4.082754948164791e-05
2024-01-09 05:30:00+00:00,10985.0,12877729.3014027,138.20012,6453101.3495311,0.002211057321759302,21188.0,78966203.20461,764.494,35704034.1195,-0.09571354147578892,0.00012103561514535159,1.9103443635870576e-05
2024-01-09 05:45:00+00:00,12555.0,13711532.0241958,137.8341,6431217.9069622,-0.06192569938742498,24216.0,80353422.49716,852.09,39762100.1262,-0.010319687935996913,6.862888077563807e-05,-5.2406734369014885e-05
2024-01-09 06:00:00+00:00,11446.0,17267175.5725799,186.83057,8721737.0811739,0.010210042112959172,21562.0,64226137.8647,735.984,34368434.2738,0.07023200884976766,0.00014405571663364005,7.5426835858039e-05
2024-01-09 06:15:00+00:00,13487.0,13858403.1012819,173.35773,8104003.0039897,0.16954355343294658,27440.0,111337050.30705,1580.099,73913005.51175,0.3277342144040929,0.00018303434038005435,3.8978623745578034e-05
2024-01-09 06:30:00+00:00,10244.0,9812016.3214865,96.01669,4493424.9774251,-0.08409753302482148,17170.0,55967850.0728,608.443,28479512.6926,0.017709726407405757,0.0002629432773821431,7.99089370033812e-05
2024-01-09 06:45:00+00:00,10834.0,10719437.6305333,95.03521,4441647.0999883,-0.17129102233186366,18013.0,54817886.1642,587.358,27460731.4942,0.0018894713285686482,0.0002850237988487816,2.208052146457362e-05
2024-01-09 07:00:00+00:00,9920.0,8231674.5285808,87.88449,4109437.2344881,-0.001554976397591723,20352.0,53945807.23846,598.209,27988098.21095,0.03763757161821579,0.0001387011314485511,-0.00014632266739944555
2024-01-09 07:15:00+00:00,10783.0,8863431.7509573,108.00946,5051821.4710712,0.13992449268322615,18697.0,41529090.2083,436.918,20441900.9877,-0.015538222235627841,0.00020080021087402858,6.209907942711368e-05
2024-01-09 07:30:00+00:00,18567.0,16672252.7353506,238.60961,11186807.7655128,0.3419671526203689,31768.0,113215961.94463,1364.72,63985563.34783,0.13032760131690835,0.00015688942866016293,-4.391078221566147e-05
2024-01-09 07:45:00+00:00,11929.0,16218965.5295102,94.23589,4413849.6425843,-0.45571748894177533,17545.0,52895287.80825,447.28,20958814.9098,-0.20753565097225601,0.00030544688932632576,0.0001485574606672202
2024-01-09 08:00:00+00:00,9800.0,15201157.9148355,98.46793,4612188.663348,-0.3931792973682938,14654.0,50032310.871,511.147,23951073.09,-0.04257578060890044,0.0003307478871842446,2.530099785857942e-05
2024-01-09 08:15:00+00:00,14366.0,15996131.4468879,143.35107,6700821.8252897,-0.16219470344582998,26760.0,92675387.3486,981.534,45892462.6425,-0.009608398616673841,0.000242273471480874,-8.847441570480896e-05
2024-01-09 08:30:00+00:00,11333.0,8313073.7771797,104.01025,4868930.5698275,0.1713911605580234,18578.0,56843074.9413,669.665,31366663.1202,0.10362302365209275,0.00019721769439604914,-4.505577708258102e-05
2024-01-09 08:45:00+00:00,14493.0,13017460.5310534,107.1408,5007457.0028202,-0.2306553200795476,25973.0,89429963.10761,699.003,32673157.3863,-0.2693017809481866,0.00018850787504638906,-8.709819352858972e-06
2024-01-09 09:00:00+00:00,21876.0,24842588.4477223,251.92895,11744641.2752338,-0.0544752371558439,51519.0,205193313.47522,1772.477,82622563.7682,-0.1946856126169253,0.00016219668047942224,-2.6311194565309393e-05
2024-01-09 09:15:00+00:00,15128.0,15728139.7344065,160.82949,7496743.0777218,-0.04670950229134785,30824.0,108593251.1264,1179.487,54986049.0782,0.012697354722302823,0.00013500416569526977,-2.7192514783891397e-05
2024-01-09 09:30:00+00:00,21114.0,25330955.9863371,259.70343,12089926.2685192,-0.04544255850113099,52613.0,216418225.69039,2025.02,94232854.50131,-0.12915971655621616,0.00016739690651354941,3.239274081856536e-05
2024-01-09 09:45:00+00:00,13092.0,11960778.4034148,138.05411,6434196.1167468,0.0758825052573231,26035.0,90774780.49202,1159.407,54048294.02182,0.19082180598765275,8.517427960749483e-05,-8.222262690615878e-05
2024-01-09 10:00:00+00:00,20734.0,20163056.3116844,216.11485,10056106.3556481,-0.002521621702694765,38830.0,163694694.6468,1566.798,72927698.2892,-0.10897908516150412,0.00012495995544375494,3.978567583473591e-05
2024-01-09 10:15:00+00:00,17480.0,18907322.094077,247.94583,11546479.1385661,0.22137646792225607,29852.0,103379515.0147,1124.824,52368164.3389,0.01312458916940229,0.0001683198803064342,4.335992486304008e-05
2024-01-09 10:30:00+00:00,12038.0,13191178.5191382,145.56227,6787440.6560803,0.029087832634947075,20842.0,70522693.2025,867.706,40471477.7006,0.14775757597315642,0.0002125380514916332,4.421817118682725e-05
2024-01-09 10:45:00+00:00,11589.0,12258597.9238765,98.96138,4609815.6939432,-0.2479049035510822,18848.0,62043435.9213,623.568,29051036.2721,-0.06352587213415262,0.00017243421210504326,-4.0103839387128914e-05
2024-01-09 11:00:00+00:00,19780.0,34078213.188991,330.84894,15363198.9473206,-0.09835654456885112,40334.0,153055482.74848,1545.82,71821541.9532,-0.061496646007432654,0.00017245872901905124,2.451691472060702e-08
2024-01-09 11:15:00+00:00,13736.0,13862684.502627,153.18628,7121692.1167383,0.027462193976747873,27205.0,100906941.08322,1183.86,55059069.22132,0.09128408076331773,0.00017428100266223695,1.8222736422046637e-06
2024-01-09 11:30:00+00:00,12389.0,17356821.4346167,181.9183,8471144.807463,-0.02388293393765939,20991.0,71289604.1137,789.825,36784502.7323,0.03197382534576243,-2.5785158064423896e-05,-0.00020006616072798522
2024-01-09 11:45:00+00:00,15534.0,16331291.849058,172.66816,8033570.3842784,-0.01617453676920466,25267.0,75831810.8192,741.116,34481394.6048,-0.0905823233731986,1.3124405703941188e-05,3.890956376828569e-05
2024-01-09 12:00:00+00:00,19408.0,19007136.1036997,233.82648,10884979.1592684,0.14535710165716775,27377.0,89333424.9126,1136.357,52925442.6673,0.18489675547713502,0.00018039392634040143,0.0001672695206380581
2024-01-09 12:15:00+00:00,25689.0,25694208.8771,379.97411,17743461.5703195,0.38112534658604624,42758.0,156308805.02936,1985.373,92732559.55396,0.18653020905049766,2.397027343770485e-05,-0.0001564236529016938
2024-01-09 12:30:00+00:00,17534.0,29762584.4936872,262.34254,12248219.5167036,-0.17693844637037415,24250.0,85133815.4508,854.564,39917273.7482,-0.06224633450690953,0.00021062833208910242,0.00018665805864870322
2024-01-09 12:45:00+00:00,17381.0,17362923.4073801,226.61712,10578046.9845062,0.21846381929093872,27967.0,101587608.3502,1158.603,54092217.5312,0.06493731685717963,6.593205233464568e-05,-0.0001446962797526652
2024-01-09 13:00:00+00:00,138563.0,132339098.218262,1277.80985,59281521.772213,-0.1040966340205498,288000.0,1620220299.47722,16858.911,781225667.27994,-0.03565500625808715,0.00019817666702476048,0.0001322446146900802
2024-01-09 13:15:00+00:00,85009.0,91174742.8201061,1003.72878,46664851.2847692,0.023635490298932638,187633.0,843530027.71043,9188.886,427390408.21035,0.013337745356626574,0.00021131896614796537,1.3142299122748113e-05
2024-01-09 13:30:00+00:00,51895.0,54130178.7284942,593.14915,27686277.8939036,0.022951652636221676,90101.0,341395541.45515,3751.575,175160325.36524,0.026143016505980166,-3.81641009216231e-05,-0.00024948306706917833
2024-01-09 13:45:00+00:00,23048.0,33369455.4748583,398.80643,18608009.5804408,0.11527199444178637,48534.0,169083284.179,1932.534,90206730.4156,0.06700944275606413,4.720220717564991e-06,4.2884321638680944e-05
2024-01-09 14:00:00+00:00,60570.0,56507998.4929841,687.89201,32239048.5842511,0.1410437263409292,108817.0,441803436.66968,5267.349,246943655.9956,0.11788924892510777,2.9892366132428372e-05,2.5172145415197633e-05
2024-01-09 14:15:00+00:00,27248.0,42790288.4121808,468.99926,21980815.2348907,0.027374016419743352,77652.0,281989006.23848,2930.864,137367762.70143,-0.025722566040342953,9.843004092803987e-05,6.85376747959765e-05
2024-01-09 14:30:00+00:00,22420.0,34895700.0118266,343.28946,16041503.1769095,-0.08060287247581621,56848.0,223727750.58529,2292.039,107120254.33295,-0.04240529793273573,6.888055622269815e-05,-2.9549484706237195e-05
2024-01-09 14:45:00+00:00,20930.0,27907251.665133,304.19636,14194291.7514125,0.01724755427254676,50652.0,167447538.38666,1660.71,77506417.8052,-0.0742602900948387,0.00014013466470619732,7.125410848374258e-05
2024-01-09 15:00:00+00:00,27520.0,34593590.1552733,384.8885,17940754.6087516,0.03722999134952665,79655.0,307557747.94897,3040.352,141728655.59181,-0.07836068811815067,-2.5772919106597593e-05,-0.00016590758381163084
2024-01-09 15:15:00+00:00,26720.0,34881753.0625276,431.14058,20060185.4604415,0.15018218404805728,67586.0,273562440.90146,3075.849,143106821.01562,0.04624611875844864,6.484124953522186e-05,9.061416863964666e-05
2024-01-09 15:30:00+00:00,26194.0,32498559.0595238,412.01794,19245258.8481426,0.18437613267057884,49582.0,198862009.19713,2214.862,103448390.17433,0.04040375124423701,2.0120625289718025e-05,-4.472062424554224e-05
2024-01-09 15:45:00+00:00,43334.0,54323419.5037994,675.57606,31685720.2388095,0.16655838414565882,95819.0,382848751.4546,4407.062,206678879.19033,0.0796894512784585,-5.686363813598673e-05,-7.69842634245066e-05
2024-01-09 16:00:00+00:00,32697.0,35121098.4126748,386.31781,18094784.1920113,0.03042245315887393,74479.0,335178250.10631,3506.943,164249173.45195,-0.019929405324752736,1.5148785073150965e-05,7.201242321031032e-05
2024-01-09 16:15:00+00:00,25053.0,25315293.2743116,304.24466,14255227.3328377,0.12621467018934585,47675.0,184796562.57673,2054.137,96266586.35433,0.04186555217290722,-6.605955098220319e-06,-2.1754740172852394e-05
2024-01-09 16:30:00+00:00,21227.0,25068318.9318357,229.73206,10766915.9929497,-0.14099417498026368,47611.0,159185339.84225,1464.849,68651432.4056,-0.13746539130258584,4.0600936605132045e-05,4.720689170412129e-05
2024-01-09 16:45:00+00:00,28642.0,21230482.5704897,209.61963,9814968.3651811,-0.07538904661320578,39664.0,118951000.6219,1310.122,61333875.8492,0.031246068188313325,-8.7517169964011e-05,-0.00012811810656998546
2024-01-09 17:00:00+00:00,18754.0,19763078.5483006,204.34342,9574211.0734971,-0.03110124770309408,34710.0,142797416.32893,1870.199,87621922.20523,0.2272199940003854,-3.581933749959261e-05,5.169783246472548e-05
2024-01-09 17:15:00+00:00,16108.0,15768181.1345832,128.13028,5998594.3913875,-0.2391520188423989,34318.0,100194281.80305,826.687,38701960.1546,-0.22746169824989193,-0.00014469341211784597,-0.00010887407461801502
2024-01-09 17:30:00+00:00,19860.0,21067591.0424951,217.90807,10199851.3880298,-0.03170216590441277,40250.0,131484975.3993,1448.032,67785195.2267,0.031071345160868846,-9.854785152822996e-05,4.614556058868402e-05
2024-01-09 17:45:00+00:00,20690.0,27671036.960609,289.22499,13504107.5513255,-0.023953632778618172,52531.0,175311136.46911,1558.507,72759213.067,-0.16994191547186455,-0.00011652585044927501,-1.7977998920670757e-05
2024-01-09 18:00:00+00:00,15484.0,17072101.0270048,175.06145,8186868.0186179,-0.040906798094992536,32725.0,104909541.14175,1125.116,52625026.69295,0.003245770026673922,6.0148901728180054e-05,0.00017667475217741924
2024-01-09 18:15:00+00:00,25302.0,35187644.9310815,291.96316,13609887.1832214,-0.22643943862240767,54668.0,190153945.28613,1686.903,78634146.6535,-0.17294225439102007,2.6169761528469898e-05,-3.397914019842574e-05
2024-01-09 18:30:00+00:00,20246.0,30789674.5372082,268.95358,12531869.2223978,-0.18596936078336956,38720.0,112090685.591,1320.076,61525021.9092,0.09777224726226441,1.909770633389667e-05,-7.072055195678217e-06
2024-01-09 18:45:00+00:00,17031.0,19779678.5041964,178.1798,8299204.6946784,-0.1608352286496807,38447.0,111279970.5966,1176.36,54794840.0119,-0.015189531087561603,-4.1186638545429865e-05,-6.028434487781453e-05
2024-01-09 19:00:00+00:00,12825.0,15946430.8043301,147.81764,6891867.5117498,-0.13562256077035373,25384.0,76094714.1807,887.404,41384408.0898,0.08770782663104804,6.646363101837442e-05,0.00010765026956249812
2024-01-09 19:15:00+00:00,16339.0,18528509.8023152,162.63162,7586085.1666029,-0.18114459850894293,30366.0,85265979.13231,829.884,38714354.81351,-0.0919155516073844,-5.615712507868711e-05,-0.0001226207560982573
2024-01-09 19:30:00+00:00,16633.0,16414088.7603929,164.7187,7693344.2142853,-0.06259259023269148,29810.0,88138661.1064,953.143,44521773.8367,0.010266624834561977,-0.00020302181677131197,-0.0001468646916915617
2024-01-09 19:45:00+00:00,20437.0,18555037.197353,204.764,9585089.9623426,0.033152330593007484,42105.0,125490885.18655,1405.967,65813841.20265,0.048902334298043026,-2.800697951206215e-05,0.00017501483725901323
2024-01-09 20:00:00+00:00,17083.0,13498982.5273005,130.17723,6095791.3365995,-0.09685173319229057,26372.0,69526332.8933,690.952,32354203.469,-0.06929641985711976,-5.35469465514997e-05,-2.553996703902328e-05
2024-01-09 20:15:00+00:00,21568.0,20422579.9296505,185.08553,8675826.4968018,-0.15036919657679393,39244.0,111692021.3563,1065.854,49959163.7212,-0.10541213034672958,-9.375995472213306e-05,-4.021300817136364e-05
2024-01-09 20:30:00+00:00,17395.0,14160757.0191324,153.15345,7161221.04357,0.011417826588589142,33023.0,87005132.36261,863.126,40350113.2851,-0.07246590656437535,-0.0001165378425888367,-2.277788786564372e-05
2024-01-09 20:45:00+00:00,16107.0,15016840.7020272,152.32292,7116019.9056674,-0.05226138481887577,30090.0,78863178.6502,858.114,40090253.589,0.01670397453345185,-0.00013771624573070867,-2.117840314141972e-05
2024-01-09 21:00:00+00:00,21712.0,17160830.8166481,167.24379,7807885.8051203,-0.090034056212978,35950.0,122843921.4218,1388.255,64788890.3715,0.05481638198505934,-0.0001380809156358665,-3.6466990671613075e-07
2024-01-09 21:15:00+00:00,113909.0,156146886.4878274,2153.73211,102318623.3914291,0.31054324159586066,289624.0,1579299936.59645,20593.698,979911283.2076,0.24094386443072646,0.0013647244265756206,0.0015028053422128096
2024-01-09 21:30:00+00:00,322247.0,376526545.7010555,3761.11101,173476077.6843523,-0.07854529958116574,826929.0,4146611035.24323,41890.981,1933175130.18259,-0.06758791034317746,0.00025777023227772694,-0.0011069541942969607
2024-01-09 21:45:00+00:00,90561.0,141386628.7250862,1579.09894,72654748.8436046,0.027745685695290456,328064.0,1145822963.79816,12235.431,562938055.18801,-0.01740832052799901,0.00012921237246023737,-0.00012855785981891188
2024-01-09 22:00:00+00:00,73765.0,114159565.7229414,1217.32492,55640365.5063454,-0.025217638942647724,238386.0,822397976.77477,8364.08,382107428.32165,-0.07074813140913716,0.00023677066055624257,0.0001075582880964987
2024-01-09 22:15:00+00:00,53997.0,79327453.1529384,886.07675,40369220.1390769,0.017786870359938423,163759.0,594907154.4609,6707.498,305638690.73594,0.02751728044994617,0.00015357781488946397,-8.319284566660201e-05
2024-01-09 22:30:00+00:00,36040.0,58889717.1766836,675.38619,30868775.3648933,0.04835875751548957,98593.0,332132519.94908,3725.652,170360067.92578,0.025855992372552317,0.0001272445542737314,-2.633326061740604e-05
2024-01-09 22:45:00+00:00,27193.0,40320285.6496078,436.72979,20069004.5808798,-0.004520714199106157,72759.0,224937196.27928,2555.933,117455341.27858,0.04433898191518759,-0.00010279689049557564,-0.00023004144476956867
2024-01-09 23:00:00+00:00,30625.0,39150714.6647849,416.28866,19172348.0839899,-0.02058758067908517,85148.0,316020403.24407,3914.504,180353399.47658,0.14140351461604084,-7.134772614589776e-05,3.144916435182665e-05
2024-01-09 23:15:00+00:00,22452.0,30706749.2286734,332.67623,15345069.1577387,-0.0005409531654522182,56273.0,196466433.8364,1914.269,88323845.4546,-0.10087597428323714,0.0002906932620852822,0.00036204098823056086
2024-01-09 23:30:00+00:00,22690.0,44438032.8475225,409.30126,18845209.9008962,-0.1518431985700801,52960.0,156429908.08638,1814.761,83592449.0415,0.06875277322723439,0.0002432806197609786,-4.741264232421827e-05
2024-01-09 23:45:00+00:00,13566.0,24853597.767153,253.44384,11669302.5854802,-0.060956671560639886,37309.0,102810359.6604,1077.053,49608704.4608,-0.03494736085612504,0.00013204886869824483,-0.00011123175106320105
2024-01-10 00:00:00+00:00,10160.0,27355598.0988875,339.80552,15653136.3097487,0.14441923391068423,33248.0,87237972.0067,1118.243,51521745.3124,0.18117705231485792,8.67453158072828e-05,-4.530355289134036e-05
2024-01-10 00:15:00+00:00,17064.0,29878778.8668901,334.36665,15424008.8967135,0.03243904079396476,45702.0,116650605.26331,1315.926,60699090.36561,0.040699107023007164,0.0002469392584178598,0.0001601939426123522
2024-01-10 00:30:00+00:00,24111.0,34273333.0091519,368.56156,16994810.4147808,-0.008277927901396143,60513.0,211322326.62052,2039.935,94120426.31262,-0.10922401983926822,0.00015456674656586972,-9.237251185290063e-05
2024-01-10 00:45:00+00:00,24835.0,31034125.5065991,332.17356,15253008.6715026,-0.017017014495272376,61884.0,196343837.25409,2154.839,98944968.6742,0.00787445185921043,0.00026086685899836745,0.00010630011243328852
2024-01-10 01:00:00+00:00,22630.0,35484392.1280959,385.29008,17688321.6104999,-0.0030365155110206876,58028.0,187707796.39822,2234.403,102669210.2051,0.0939259015889613,0.00016310453379558203,-9.776232520408712e-05
2024-01-10 01:15:00+00:00,19799.0,26379035.1495886,234.69218,10739526.2658349,-0.1857529128769222,59617.0,161414353.23468,1786.642,81790349.1017,0.013421018176557942,0.00030075175049576876,0.00013764721670028734
2024-01-10 01:30:00+00:00,16269.0,23167526.198668,207.23141,9468216.467651,-0.1826303433125831,44097.0,98107083.34979,1160.671,53053635.837,0.0815454710409258,0.0004171383972907688,0.00011638664679658461
2024-01-10 01:45:00+00:00,15112.0,28990001.3819814,280.14659,12802783.9389206,-0.11674485487412833,37445.0,96964511.9083,1256.643,57452462.6296,0.18502040589722535,0.00023355218670242833,-0.00018358621059100244
2024-01-10 02:00:00+00:00,13736.0,13551701.1934016,156.54206,7180198.8201,0.059674902453734635,34077.0,89180480.06287,1173.356,53840619.03617,0.20745299864306,0.000328712137117772,9.515995041731173e-05
2024-01-10 02:15:00+00:00,9860.0,11268725.4486572,122.05826,5605764.8425904,-0.005075619575345636,22225.0,54312372.4014,631.869,29037261.4964,0.06926875820476996,0.0002827900520255237,-4.5922085092797715e-05
2024-01-10 02:30:00+00:00,13161.0,17919407.4569645,237.22807,10917312.7662147,0.2184903761392638,30408.0,78880967.93949,1051.685,48425337.54419,0.22780789356787112,0.0003046750720372055,2.1885020011325196e-05
2024-01-10 02:45:00+00:00,12064.0,13903368.6011888,119.93794,5517014.0462138,-0.20637736012521868,25749.0,71597660.70612,557.03,25626472.6642,-0.2841533532949768,0.00033283263530820624,2.8157563271236086e-05
2024-01-10 03:00:00+00:00,6711.0,7881230.1054588,77.9093,3580890.2672988,-0.09128645671224411,15441.0,39705231.3269,438.429,20159194.401,0.015442737760467118,0.0004112608988548499,7.842826354576005e-05
2024-01-10 03:15:00+00:00,9239.0,13432458.1153266,177.99363,8199181.4947171,0.22080134913828364,35044.0,85993116.47768,1103.942,50892674.27678,0.18364530467946194,0.00042022541162563113,8.964512771214572e-06
2024-01-10 03:30:00+00:00,7927.0,14048806.6122906,171.26864,7909828.3814522,0.12604986312962496,30008.0,86545664.34513,892.184,41215406.88893,-0.047545427011347896,0.0003053134304242601,-0.00011491198119983892
2024-01-10 03:45:00+00:00,7703.0,11278855.1606821,92.35444,4260531.7608719,-0.2445098903789381,25938.0,77916645.5987,640.818,29565750.8691,-0.2410928206182097,0.0003106753003847769,5.361869959585874e-06
2024-01-10 04:00:00+00:00,5699.0,7485310.8996306,77.09772,3553619.4139462,-0.050508532886303636,14061.0,33535542.5958,399.851,18435423.2112,0.09945578834969293,0.00035772086663735596,4.704556625156897e-05
2024-01-10 04:15:00+00:00,6957.0,9271919.495431,121.99857,5627173.2925918,0.2138097824004508,19206.0,45218350.22831,570.298,26316765.88031,0.16398611393096685,0.0002794829345802331,-7.823793205652407e-05
2024-01-10 04:30:00+00:00,7060.0,7417558.5928682,78.72944,3632654.2038657,-0.020525646441564294,16713.0,35281629.4744,307.505,14190394.9482,-0.19559299501762462,0.00030601968719653913,2.6536752615768933e-05
2024-01-10 04:45:00+00:00,13423.0,19777393.8869224,199.14086,9171121.8895804,-0.0725651779990375,25980.0,78121699.6584,725.529,33421155.9844,-0.14438226176492552,0.0004362909432642872,0.0001302712560686814
2024-01-10 05:00:00+00:00,17009.0,15678102.42401,145.57847,6706267.5630496,-0.144505198182736,37010.0,119204239.15346,1101.421,50718430.2933,-0.14904988860326351,0.0002049354645382138,-0.0002313554787267691
2024-01-10 05:15:00+00:00,14314.0,18589426.5465676,188.13302,8646131.984377,-0.069779590810084,28197.0,74704692.44672,761.499,35009962.9845,-0.06271047138118158,0.000294852349821926,8.991688528503516e-05
2024-01-10 05:30:00+00:00,9915.0,10483641.2090272,101.88762,4680879.8575333,-0.10701258003703662,19947.0,42506032.2154,424.458,19502139.2173,-0.08238251368781746,7.57612701783748e-05,-0.00021909107964468433
2024-01-10 05:45:00+00:00,8278.0,8973042.8124172,93.09886,4278165.262275,-0.04644046580169425,15808.0,35036861.6617,439.109,20183165.4793,0.15211035018943564,0.0003065832410018208,0.0002308219708222481
2024-01-10 06:00:00+00:00,9025.0,11699877.3664842,96.19561,4421955.4121372,-0.24410226301953242,15314.0,37925362.994,478.73,22012469.061,0.16083102827427087,0.00026988707423234506,-3.669616676837961e-05
2024-01-10 06:15:00+00:00,9156.0,8642285.96331,83.07328,3814866.3885271,-0.11716265702783935,16791.0,41269789.8493,377.632,17348051.2732,-0.15928569849530005,0.00028082344753616186,1.0936373303849223e-05
2024-01-10 06:30:00+00:00,10135.0,11442583.9612838,139.57104,6420626.7353156,0.12223371172803499,18796.0,54646946.1894,631.442,29060903.8199,0.06358747730122971,0.00018269527783522536,-9.812816970011795e-05
2024-01-10 06:45:00+00:00,11107.0,11185428.5070819,130.88854,6016758.126865,0.07582076503471868,18011.0,45823101.52742,484.039,22259719.0246,-0.02844991794018792,0.00028802125040043683,0.00010532597256407428
2024-01-10 07:00:00+00:00,9760.0,7683266.8940958,92.82286,4270204.7508837,0.11155965548070079,13935.0,34664133.7175,365.099,16801006.5314,-0.030640334570478434,0.00017170199096951832,-0.00011631925942978683
2024-01-10 07:15:00+00:00,11777.0,10328981.3584725,103.54011,4756037.0935781,-0.07908884167422947,21914.0,69505459.84652,668.968,30723494.0083,-0.11594012682909371,0.00027258616784183023,0.0001008841768719293
2024-01-10 07:30:00+00:00,13380.0,17829562.3965363,194.56423,8928753.8252221,0.0015673550077328624,23113.0,82710410.7158,1007.455,46241582.3284,0.11815627387681604,0.0003355580427052733,6.297187486303812e-05
2024-01-10 07:45:00+00:00,18008.0,19600008.2740399,195.08414,8942870.5062192,-0.08746257846595085,36630.0,137399179.27921,1101.876,50493037.6274,-0.26501689613745527,0.00014180606408311175,-0.00019375197862103732
2024-01-10 08:00:00+00:00,11941.0,15525925.634133,187.98482,8609872.9058505,0.10909624440324617,25512.0,65954769.3956,741.038,33942874.7785,0.02927733929017151,0.00018399469133264766,4.2188627247696786e-05
2024-01-10 08:15:00+00:00,11522.0,12275078.8062664,165.88044,7598050.1767,0.23796356774853655,23062.0,63122906.8602,767.837,35179530.6905,0.11463595199799803,0.0001989580588344625,1.496336750328453e-05
2024-01-10 08:30:00+00:00,18052.0,14208645.5829573,127.11824,5818376.5290121,-0.18100898568530566,22264.0,57498756.6766,483.589,22141430.8135,-0.2298466230136489,0.00018976427311652962,-9.193785718508707e-06
2024-01-10 08:45:00+00:00,20476.0,23275055.3843455,206.03864,9412122.0724791,-0.19122666588286008,40713.0,141608718.64336,1335.411,61027753.2204,-0.1380791549410495,0.0002503883716335606,6.062409851637085e-05
2024-01-10 09:00:00+00:00,41836.0,65066362.3147696,510.68334,23244681.4464289,-0.28550849872384765,95892.0,473449989.72793,4172.58,189925206.34979,-0.1976968614618354,-3.838596292002338e-05,-0.0002887743345532101
2024-01-10 09:15:00+00:00,24133.0,25831842.6065756,302.47987,13742015.7779939,0.0639593920795889,53818.0,179510361.50391,2082.481,94612897.18081,0.054121849994148485,0.00016496695749266228,0.00020335292041195885
2024-01-10 09:30:00+00:00,28760.0,40435440.6288058,460.94374,20982323.8230209,0.037818482832275846,58747.0,240143223.30733,2452.164,111645528.28913,-0.07017548318447853,0.00010268886861680404,-6.227808887437902e-05
2024-01-10 09:45:00+00:00,19485.0,26310576.4285284,326.22715,14891059.929507,0.13194478805570475,49642.0,177430343.03427,2009.582,91721131.27507,0.03388326603589342,0.00015936234082715363,5.6673472210277964e-05
2024-01-10 10:00:00+00:00,14779.0,16209658.6306112,199.07521,9086737.9758165,0.12115105973380702,29151.0,80817332.0416,874.166,39903794.84,-0.01249413134648203,0.00012000658736705468,-3.935575346147857e-05
2024-01-10 10:15:00+00:00,12424.0,15923470.5283158,178.46639,8146824.8198148,0.023247388856313167,28321.0,76812035.9683,854.324,39010462.3166,0.015738271348502142,0.00011962019399954913,-3.863933653036611e-07
2024-01-10 10:30:00+00:00,11915.0,11764738.1088138,134.41469,6139901.2083428,0.04378034624382576,22863.0,55118843.3072,569.659,26029047.7724,-0.05552997085481626,0.00024502511630006914,0.00012540492229895506
2024-01-10 10:45:00+00:00,13439.0,10560379.9633546,114.4223,5223973.6836538,-0.010646643059923133,24988.0,69482043.2683,713.071,32568908.6294,-0.06252300314089898,0.00010346262224705028,-0.00014156249405239407
2024-01-10 11:00:00+00:00,11762.0,12047852.6424316,129.58095,5910658.5215615,-0.018802985563648122,22979.0,70080757.57153,754.897,34425706.3749,-0.017541831229139215,0.00015153029152452504,4.8067669276008473e-05
2024-01-10 11:15:00+00:00,12891.0,17831426.0902804,283.28337,12907960.7363554,0.4477766019389,23592.0,62806531.4067,823.787,37554300.8383,0.19587246731137986,0.00021876995966198286,6.723966813915183e-05
2024-01-10 11:30:00+00:00,15009.0,14179414.6106692,131.40442,5984507.1258177,-0.1558879840759152,27711.0,80896665.4337,722.799,32917843.4519,-0.1861755172374,0.00018199458198741306,-3.677537767643457e-05
2024-01-10 11:45:00+00:00,14483.0,15443614.5839025,187.30766,8514300.2683044,0.10263050428352405,28630.0,91041658.09697,893.121,40602347.0522,-0.10804904258325898,0.0002591681289147732,7.717354692715617e-05
2024-01-10 12:00:00+00:00,56812.0,59874018.8250848,597.65336,27086514.1572635,-0.09521643314460992,122793.0,540155009.94019,5035.314,228172487.66533,-0.15515922849407626,0.00031434628588288574,5.5178156969759584e-05
2024-01-10 12:15:00+00:00,41497.0,34849295.589995,391.83926,17847011.9494858,0.02423946581058356,79937.0,328537705.17537,3536.6,161085976.47536,-0.01937601719489701,0.00032458522208344604,1.0238936200224202e-05
2024-01-10 12:30:00+00:00,48127.0,49147647.1045062,475.62402,21518983.0369479,-0.12431278790658984,117030.0,464211156.30653,4642.279,209978428.38441,-0.0953322619167899,0.0002656530317416827,-5.893219034192043e-05
2024-01-10 12:45:00+00:00,52139.0,58096195.0703946,650.64788,29322539.5719689,0.009447848914685641,133268.0,551432393.67066,5790.189,260975268.24302,-0.053464137259640054,0.0002270198501065974,-3.8633181635105984e-05
2024-01-10 13:00:00+00:00,99092.0,107305120.4179787,1040.02332,46510544.4888398,-0.13311602824412705,246100.0,1140513847.9617,11086.777,495729853.63775,-0.13069033835282762,0.00019406885789607575,-3.2950992210345476e-05
2024-01-10 13:15:00+00:00,127174.0,99959045.7236138,1105.97996,49557789.4253985,-0.008438124500998012,213043.0,868165945.33897,10187.014,456349091.26495,0.051294614157599394,0.00021743519740255164,2.3366339506836198e-05
2024-01-10 13:30:00+00:00,54834.0,50148653.9953026,624.59262,28182494.3899399,0.12395815818226108,113091.0,452970673.87277,5391.323,243398679.67438,0.07467742930636434,0.00021644591476590826,-9.892826362545293e-07
2024-01-10 13:45:00+00:00,30012.0,28926666.2517949,336.54528,15181589.8107294,0.049660522825535125,73575.0,242221774.51215,2198.975,99229707.5669,-0.18067062495306274,6.743181071601038e-05,-0.0001490141040498827
2024-01-10 14:00:00+00:00,26939.0,24094351.6801692,306.34463,13831232.766367,0.14808922439284933,48675.0,148604160.82618,1821.368,82279393.40258,0.10736325208041686,5.075449663214802e-05,-1.6677314084390105e-05
2024-01-10 14:15:00+00:00,26251.0,26607015.947225,307.63975,13834011.343241,0.03987695355847154,66138.0,209902060.2462,2119.458,95281625.28849,-0.09213253860651471,0.00011766418588234802,6.69096892504939e-05
2024-01-10 14:30:00+00:00,57408.0,49303053.4562241,627.82705,28357531.1563106,0.15033569600264585,85453.0,313350327.32381,3748.828,169362279.24571,0.08097719694222238,0.00021841744514148755,0.0001007532592574023
2024-01-10 14:45:00+00:00,30739.0,39226510.8947044,395.23737,17866590.3436238,-0.08905533853964065,75488.0,302269089.36798,2675.785,120999221.3315,-0.19939401290089243,0.00011491368951911582,-0.00010350375561962721
2024-01-10 15:00:00+00:00,26549.0,33369233.5711126,390.31228,17538223.8780675,0.051161324439297884,67326.0,240460509.46017,2544.919,114360386.1444,-0.048821892616486284,0.00014035197178570083,2.543828226464484e-05
2024-01-10 15:15:00+00:00,47676.0,51374427.8025353,627.7882,28291639.6276351,0.10138996531028699,95189.0,422119768.10121,4816.937,217124539.1459,0.02873428611303952,0.0001328403482370439,-7.51162354717394e-06
2024-01-10 15:30:00+00:00,35180.0,43113025.232615,528.63173,23838003.7339633,0.1058376722740324,76338.0,323190216.65278,3713.148,167571309.24648,0.03698256080882878,0.00030945600377906506,0.00017661565554050185
2024-01-10 15:45:00+00:00,29241.0,39584212.5630148,460.2343,20837506.0266684,0.0528190244278226,67123.0,226604605.46131,2389.169,108197066.50193,-0.045058539020705446,0.00018830294020398474,-0.00012115306357429745
2024-01-10 16:00:00+00:00,43557.0,54305984.3666347,614.63843,27896288.5997863,0.027374383325813767,112705.0,510626924.02484,6150.306,279362908.76134,0.09419576452944778,0.0004960742193628977,0.00030777127915904146
2024-01-10 16:15:00+00:00,46282.0,68387775.2995977,722.74122,32834498.6935612,-0.03975532031221507,128771.0,566648706.65591,5847.547,265820072.1191,-0.061781774151244084,-1.1038563220716156e-05,-0.0005071127825839739
2024-01-10 16:30:00+00:00,28865.0,40253580.501899,531.35689,24113939.7290368,0.19810160628564244,63272.0,223953553.94301,2724.627,123678313.27931,0.10449967059493703,0.00027260229591883353,0.0002836408591395667
2024-01-10 16:45:00+00:00,22431.0,25232369.970295,288.54763,13119110.5169495,0.039863519153696014,51216.0,164783948.41294,1710.921,77818174.02593,-0.05551269070308096,0.0002326128513227242,-3.998944459659981e-05
2024-01-10 17:00:00+00:00,18150.0,19793225.6588635,225.64944,10247996.9378948,0.03550549208291365,46786.0,130192237.49793,1270.793,57741011.1734,-0.11298841953894445,0.00015006234235762807,-8.255050896366356e-05
2024-01-10 17:15:00+00:00,17819.0,21197883.0769701,239.25383,10847638.6433301,0.02346433405090731,42637.0,135852894.29031,1435.788,65097372.32951,-0.04164909154750018,0.00022219215753088828,7.212981517312755e-05
2024-01-10 17:30:00+00:00,20989.0,34140384.6655214,390.38364,17786426.7243989,0.04195819107811816,59734.0,198448639.51912,2301.767,104929989.93062,0.05750273909547543,9.447373587856136e-05,-0.00012771842165371083
2024-01-10 17:45:00+00:00,55579.0,115005369.8698319,1796.58357,82621692.1791853,0.4368319022442193,148023.0,720207195.84279,8817.089,405406630.71059,0.12580555443126662,0.00042104349629688896,0.00032656976041778307
2024-01-10 18:00:00+00:00,51819.0,85374152.9491459,907.75612,41949357.4451653,-0.01728202281191782,136280.0,606568330.65962,6466.751,299057279.8725,-0.013937046310061874,0.00017260738145211438,-0.00024843611484470784
2024-01-10 18:15:00+00:00,69921.0,98607856.3371883,1043.798,48342190.4145611,-0.019506310952433714,208597.0,1054543923.61517,11693.765,542100061.09289,0.028122298091617814,0.00022562835647663287,5.302097502557501e-05
2024-01-10 18:30:00+00:00,30732.0,33320213.9509703,406.5321,18810876.2214232,0.12909696492962763,71644.0,233955963.79148,2639.192,122139734.84257,0.04412585055049556,0.00020953767270821954,-1.6090683768510416e-05
2024-01-10 18:45:00+00:00,32935.0,41801336.4221902,430.21602,19984865.5151198,-0.043816909905739165,101204.0,360329253.79505,3743.828,173936319.63448,-0.034570089424865724,0.00019008285941867083,-1.945481328924359e-05
2024-01-10 19:00:00+00:00,20203.0,23218160.008448,280.48811,13024954.1758362,0.12196265088164004,58288.0,162565835.08474,1850.379,85973077.13146,0.057701663903060085,0.0003625168767451541,0.0001724340173261396
2024-01-10 19:15:00+00:00,61055.0,115060513.7717939,1495.07481,69521346.2061018,0.20843100603544085,191094.0,801586107.56206,8277.153,384503605.78179,-0.04064303970731886,7.49572317501359e-05,-0.0002875596449953832
2024-01-10 19:30:00+00:00,39279.0,41964435.5813337,414.94696,19219545.0926876,-0.08400793069469081,85145.0,256301398.19168,2551.885,118194837.87793,-0.07768870000829509,0.00027072145488090684,0.00019576422313072328
2024-01-10 19:45:00+00:00,30557.0,28731240.7441614,319.62189,14788163.7394405,0.02941351340322229,66794.0,191030117.44021,2020.677,93451294.3657,-0.021606690945483287,0.00011045724229761161,-0.00016026421258175105
2024-01-10 20:00:00+00:00,25348.0,28147853.8475891,350.53613,16264390.864355,0.155639854634819,59428.0,187316982.99703,2157.717,100156834.10583,0.0693833789477385,0.00020905905435193373,9.860181205390006e-05
2024-01-10 20:15:00+00:00,123696.0,131705122.1569111,1374.68815,62764836.5988864,-0.04688844942401693,309102.0,1565536534.24594,14889.695,678952010.21022,-0.13262706381075218,0.00011503543938449806,-9.402361496846368e-05
2024-01-10 20:30:00+00:00,85068.0,96617266.5799537,1052.82243,48101001.1236678,-0.00429803437126286,234698.0,924480814.5359,10140.898,463335579.34407,0.002369269451351075,0.00016500451067979224,4.996907129495298e-05
2024-01-10 20:45:00+00:00,92240.0,98440275.8493482,1084.36293,49683083.8241744,0.00940561971217524,268245.0,1348629647.00546,14387.109,659944496.31232,-0.02131100591228785,-0.00021396435233231783,-0.000378968863010698
2024-01-10 21:00:00+00:00,102189.0,161347459.5476187,1807.93923,82747785.7373239,0.02570918648895648,338907.0,1460545911.51211,16092.654,736575531.57108,0.008630438475569546,-2.1679511778235605e-05,0.00019228484055311412
2024-01-10 21:15:00+00:00,59681.0,90836397.9772902,957.57945,44124124.0400492,-0.028492432051729466,194249.0,676352426.53097,7099.775,327119729.43277,-0.03269444567360835,8.62724364556953e-05,0.00010795194823565168
2024-01-10 21:30:00+00:00,69769.0,100528203.0942814,1134.97428,51869370.5252211,0.03193668898219304,224170.0,854880724.77553,9229.086,421676147.42595,-0.013485425030090648,1.2012530161254413e-05,-7.425990629528201e-05
2024-01-10 21:45:00+00:00,67559.0,100803557.4055752,1112.4731,50610714.1921942,0.004145399126460614,203337.0,801040318.67422,8371.289,380898828.64185,-0.04898962071655699,0.00022008176973008057,0.0002080692395676209
2024-01-10 22:00:00+00:00,43352.0,80296234.0666997,926.42278,42343766.2079012,0.05468872108566125,126211.0,465076926.08302,5673.53,259478912.71313,0.11585373584760861,0.0003046591105757275,8.457734084643675e-05
2024-01-10 22:15:00+00:00,36925.0,63552942.8798465,706.23956,32450788.9507401,0.021220654158902397,108279.0,434630538.72858,4787.491,219992696.57079,0.012320474370403067,0.00019072192215140388,-0.00011393718842356293
2024-01-10 22:30:00+00:00,67596.0,136120429.3879342,1789.4958,83163840.7158847,0.22191563881822995,195615.0,777598659.70733,8687.884,403542461.74185,0.03791964326104669,0.00010257090977318652,-8.815101237757972e-05
2024-01-10 22:45:00+00:00,25180.0,40114446.4043252,423.2604,19653056.6991146,-0.020150670856792674,72205.0,190557753.99215,2021.558,93864332.55408,-0.01484635930431133,-2.1551721820297634e-07,-0.00010278642699290685
2024-01-10 23:00:00+00:00,42451.0,68157251.6811865,900.26711,42077468.672781,0.2347172937548383,122631.0,448735132.58532,5561.372,260079023.69092,0.15916497196247503,1.3005566062592823e-05,1.3221083280612334e-05
2024-01-10 23:15:00+00:00,78717.0,173712586.7435881,2433.59373,114691133.7657324,0.3204700467102539,205142.0,879000984.02168,10270.091,484887312.42816,0.10326910035905157,0.0002063727056258899,0.00019336713956441542
2024-01-10 23:30:00+00:00,78778.0,144409199.9374389,1557.94202,73738611.1491973,0.02124533867845546,244933.0,977230897.97913,9333.012,441366536.51403,-0.09669958772945819,0.00015569053750125433,-5.0682168126314764e-05
2024-01-10 23:45:00+00:00,53774.0,85527573.4818811,894.04281,41762787.2163384,-0.023407644665944027,184366.0,683674878.74877,7125.49,332822805.88811,-0.026371112253746,0.00019837018775812392,4.267965025661624e-05
2024-01-11 00:00:00+00:00,23291.0,36650105.3022989,445.17484,20745992.5756852,0.13211093963126452,81000.0,254715933.50103,2678.404,124833997.43643,-0.019817914642350276,0.00019096221545907694,-7.407972297812648e-06
2024-01-11 00:15:00+00:00,32038.0,51991668.7220965,569.9219,26486350.0253316,0.018869010221819638,95482.0,285543195.15057,2880.056,133866681.69751,-0.062371760413196475,0.00021930390448854825,2.8341689029431905e-05
2024-01-11 00:30:00+00:00,23543.0,31181245.9259535,326.48409,15149484.9337709,-0.02829508674883774,60691.0,202684432.45635,2104.034,97637187.42168,-0.03655957945653188,0.000179167634223602,-4.013627026466793e-05
2024-01-11 00:45:00+00:00,18062.0,26274052.2623877,329.82311,15344096.6045784,0.16800381238063178,54190.0,136416191.78302,1559.717,72586814.73062,0.06419646791012434,0.00017359004533639184,-5.577588888527885e-06
2024-01-11 01:00:00+00:00,17193.0,23504052.4434653,292.69015,13651065.3172254,0.1615924828333788,51756.0,129797994.21554,1420.663,66270975.59612,0.02114021093533558,0.0001283397117503593,-4.5250333585045155e-05
2024-01-11 01:15:00+00:00,14480.0,20274602.1084231,236.36083,11012241.451723,0.0863090079728821,38812.0,90766221.15582,919.959,42857552.8204,-0.055649727957151174,0.00020153985089962434,7.320013915013135e-05
2024-01-11 01:30:00+00:00,12090.0,15705564.1157618,212.46701,9910178.0605693,0.26199581085070833,33275.0,68518841.52261,814.576,38006172.00551,0.10936411535704793,4.9215599643159375e-05,-0.00015232425125688565
2024-01-11 01:45:00+00:00,25025.0,30333849.5334886,322.32224,15010871.3764092,-0.010289059432619596,51073.0,166699600.3172,1704.793,79410985.16322,-0.04725644198168599,7.104827003125535e-05,2.183267038802228e-05
2024-01-11 02:00:00+00:00,15527.0,16273070.6183822,186.48601,8685462.6701047,0.06746450916196789,31593.0,71614966.3175,827.432,38547632.6756,0.07652449362893621,-5.160533444418268e-06,-7.620880347580794e-05
2024-01-11 02:15:00+00:00,13537.0,17700347.3139032,169.60475,7894378.3059936,-0.1079973555329331,24026.0,64448375.1974,765.141,35621511.3805,0.10542775582454267,0.00021158312538289146,0.00021674365882695668
2024-01-11 02:30:00+00:00,13602.0,15442934.0111667,173.36367,8073714.1319965,0.045619197253377264,20687.0,46954859.1325,363.847,16947259.8859,-0.2781467051971248,3.222289651888039e-05,-0.00017936022886466674
2024-01-11 02:45:00+00:00,17494.0,13353793.0527096,162.23258,7553826.3799411,0.13133794272906818,24554.0,52641847.4172,615.808,28679503.3118,0.08960854221196524,0.00015361964986662408,0.00012139675334843503
2024-01-11 03:00:00+00:00,12606.0,11363865.8962913,107.55278,5008988.357429,-0.1184358556952475,17703.0,32075784.7443,354.763,16524472.6175,0.03033941331312029,0.00018039997299980467,2.678032313241374e-05
2024-01-11 03:15:00+00:00,31459.0,41217800.2756064,405.48278,18829439.3875536,-0.08634428515598036,57660.0,223906746.48366,1966.878,91274991.44884,-0.1847053035938695,9.45580547850784e-05,-8.584191821370268e-05
2024-01-11 03:30:00+00:00,26144.0,25301743.6148895,228.70255,10606984.0455748,-0.16156102069322753,58217.0,163752572.52053,1536.493,71264436.13024,-0.12960834711399205,0.00012703484539836944,3.2476790613245043e-05
2024-01-11 03:45:00+00:00,16027.0,13365403.1676836,154.14945,7168773.8148572,0.07273588756240157,29882.0,82972216.22502,886.226,41223414.74512,-0.0063320802876370985,0.0001205729801718433,-6.461865226015107e-06
2024-01-11 04:00:00+00:00,17643.0,17177316.206347,195.17936,9066242.6249406,0.05560641907385189,26418.0,76714338.15698,805.688,37425848.8507,-0.024280212804136947,5.161037265170855e-06,-0.00011541194290742851
2024-01-11 04:15:00+00:00,24290.0,29820407.7960049,281.34478,13050816.5469545,-0.12470569576161572,38497.0,110680243.61435,1088.48,50507060.65428,-0.08733376427567574,0.00013401998124394428,0.00012885894397918207
2024-01-11 04:30:00+00:00,15017.0,14911712.3625896,156.9726,7291231.0350962,-0.022079978770460973,22305.0,47976786.4949,462.091,21470722.6663,-0.10495369803134413,0.00023616808997092349,0.00010214810872533064
2024-01-11 04:45:00+00:00,14847.0,16166901.5049222,163.15906,7579881.5836105,-0.062296311843958785,19860.0,46522589.424,476.049,22124375.3655,-0.0488760131616186,0.00014577160629631786,-9.039648367270559e-05
2024-01-11 05:00:00+00:00,14454.0,16446921.9605703,118.85261,5518347.8138467,-0.3289506903387349,18484.0,48912293.1715,424.038,19692041.8117,-0.19480193894593045,0.0001053823554060124,-4.038925089133727e-05
2024-01-11 05:15:00+00:00,18239.0,21706196.8412645,144.34044,6685785.6171071,-0.3839744782561718,32278.0,89652597.73677,849.82,39372291.6806,-0.12166980824802354,0.00020049796155555052,9.511560615038661e-05
2024-01-11 05:30:00+00:00,12606.0,13003216.4540194,141.80129,6565617.4777826,0.009845141161687554,24189.0,62579885.0336,652.111,30197197.5369,-0.034923201898287015,0.00012283618622675095,-7.766177532886331e-05
2024-01-11 05:45:00+00:00,29978.0,31689527.7451819,233.47504,10778419.7048057,-0.31974879578668003,68809.0,232110005.60731,1806.961,83381072.42421,-0.2815383188152918,2.042282637655044e-05,-0.0001024133598512833
2024-01-11 06:00:00+00:00,28610.0,32052945.1920116,381.06526,17543473.3353231,0.09465593443783593,54230.0,182389132.9637,1932.178,88964881.8314,-0.024449753274431663,8.46502047847009e-05,6.422737840772186e-05
2024-01-11 06:15:00+00:00,39050.0,36682576.5496325,338.18157,15502050.5100344,-0.15480034565948686,89722.0,349728599.15953,2950.014,135228229.8174,-0.2266675922850956,6.802639995661147e-05,-1.662380482692072e-05
2024-01-11 06:30:00+00:00,22071.0,22621885.3489775,226.29465,10353626.9534164,-0.08463624550335014,52311.0,173617895.3115,1916.426,87685056.0143,0.01009237391085871,5.68112294103519e-05,-1.1215170545142428e-05
2024-01-11 06:45:00+00:00,30512.0,27782003.5049976,350.69509,16074138.1274919,0.1571619105584221,40862.0,137686949.78499,1725.958,79119256.66559,0.1492629735663622,-6.729746976024739e-05,-0.0001241086991718987
2024-01-11 07:00:00+00:00,15751.0,15341427.2487904,176.39536,8098209.2922516,0.055730886171637684,29426.0,83121217.87432,893.057,41001355.60982,-0.013456331407116662,-0.00016338605656178362,-9.608858680110188e-05
2024-01-11 07:15:00+00:00,22025.0,22977326.0539113,299.91404,13796089.070916,0.20084373948008372,45843.0,151364763.91505,2012.443,92586616.42155,0.2233575903241538,-1.952237638464075e-06,0.00016143381892419484
2024-01-11 07:30:00+00:00,22153.0,22265186.9808971,244.68027,11283019.5591709,0.013512221464963448,34850.0,98643269.91858,1121.875,51735463.62518,0.04894056468084185,-0.0001348138000221467,-0.00013286156238478952
2024-01-11 07:45:00+00:00,17509.0,14343452.4456042,149.4679,6881360.3786455,-0.04048758069338976,27796.0,81103759.4531,692.244,31864491.5007,-0.21422898973933924,5.606890478679696e-05,0.00019088270480871472
2024-01-11 08:00:00+00:00,11071.0,10356146.2828409,110.4818,5089254.2673002,-0.017152881331430114,17996.0,45141848.2969,550.0,25337306.8681,0.12256399877361579,-0.00011497057958922058,-0.00017103948437657834
2024-01-11 08:15:00+00:00,14248.0,15683770.1625543,209.44744,9660118.1998297,0.2318617398377416,24923.0,74824337.55561,1027.86,47407057.57061,0.2671560917028293,-2.9441129433176106e-05,8.552945015694036e-05
2024-01-11 08:30:00+00:00,16582.0,16834456.4883218,186.89702,8640516.4387163,0.026527520470921884,43491.0,110473307.15282,1291.732,59720093.69122,0.08116784461984028,-3.974500984650273e-05,-1.0303880413786715e-05
2024-01-11 08:45:00+00:00,16680.0,17755168.5088606,221.54443,10244871.1279046,0.15401564595593276,32197.0,64192327.598,611.011,28247929.4104,-0.1198970198650312,-1.948560387227171e-06,3.77964494600036e-05
2024-01-11 09:00:00+00:00,18431.0,17599557.0866887,226.6846,10486641.3884373,0.19169378374513713,35480.0,73334698.38717,885.087,40953126.31587,0.11688265491072913,-0.00010805087045491671,-0.00010610231006857873
2024-01-11 09:15:00+00:00,20680.0,19001355.1847366,239.58393,11087460.4088328,0.16701785751988152,37047.0,93674023.03656,1058.213,48989125.41556,0.04594900117485201,-1.836808232404725e-05,8.968278813270558e-05
2024-01-11 09:30:00+00:00,12203.0,10571159.7281262,118.50883,5485057.4388479,0.03773996040454475,21528.0,46401802.915,476.18,22041989.6893,-0.04995115255857285,-3.15329801521172e-05,-1.316489782965391e-05
2024-01-11 09:45:00+00:00,13550.0,19322558.9625776,206.41321,9550909.6455917,-0.01142393571274436,23208.0,50968920.4923,532.585,24641453.1659,-0.03307925975702597,-0.00011471691669075201,-8.318393653716782e-05
2024-01-11 10:00:00+00:00,12829.0,13165965.5976451,150.96502,6982921.2809078,0.06075338403691166,26905.0,69657594.0294,629.207,29100329.7967,-0.16447502380235013,-0.0001583851297849833,-4.366821309531588e-05
2024-01-11 10:15:00+00:00,12837.0,15016060.8563443,165.17331,7638337.8111121,0.01735573452805972,27276.0,68335390.0786,792.431,36644005.5936,0.07247520066693758,-3.460013061893972e-05,0.00012378499916643193
2024-01-11 10:30:00+00:00,27857.0,30207371.3489643,406.77116,18887764.0913879,0.250540066740067,77939.0,222979527.47796,2924.625,135776234.31196,0.21783587800795368,-4.2965477245695334e-05,-8.365346626959536e-06
2024-01-11 10:45:00+00:00,39490.0,39057472.3772225,521.1032,24284689.4069082,0.24353614961886372,82397.0,208145727.91743,2430.635,113306719.17103,0.08872490734931637,-0.00013075404765007344,-8.778857040425692e-05
2024-01-11 11:00:00+00:00,32194.0,34899388.9082093,404.26919,18914943.9141826,0.08396992073023268,102278.0,305587486.89114,3134.35,146668658.53314,-0.04008727565871795,0.00022383367864226895,0.00035458772629226587
2024-01-11 11:15:00+00:00,30841.0,34810930.2664101,449.35067,21053046.0493652,0.20956526517648344,85210.0,267331883.99553,3146.226,147467409.31053,0.10325343244875174,7.76829207039852e-05,-0.0001461507579385568
2024-01-11 11:30:00+00:00,45232.0,50223792.1913747,561.63001,26418475.9647294,0.05203031519656687,111747.0,295502579.08103,3350.132,157619020.58673,0.06678609084835885,0.00013382515869227583,5.614223798744433e-05
2024-01-11 11:45:00+00:00,30718.0,41422272.5691481,460.41657,21608856.2631229,0.04334479606594477,83054.0,246815004.44753,2394.394,112358023.0338,-0.08953652728445838,6.832462800050841e-05,-6.550053068998807e-05
2024-01-11 12:00:00+00:00,21948.0,22381365.0289771,249.2904,11721711.3307106,0.04745276398776643,51394.0,146533465.51086,1581.987,74398367.49026,0.015445410110035862,0.00018060417457205766,0.00011227954657044847
2024-01-11 12:15:00+00:00,25290.0,30927988.1091703,341.1777,16070209.0796399,0.03920171094963698,73663.0,212087104.1158,1983.791,93439341.2646,-0.11885881365439432,9.315440604747504e-05,-8.744976852526065e-05
2024-01-11 12:30:00+00:00,21097.0,27961057.5599327,338.84262,15948677.3607226,0.140777835497649,56186.0,149704527.80389,1612.859,75924403.39366,0.014323407681021916,-4.008819828366148e-05,-0.00013324260433122959
2024-01-11 12:45:00+00:00,40965.0,46733611.0380703,548.59283,25912931.2363438,0.10896336323056732,112050.0,333584781.61261,3593.152,169709624.22441,0.017490206861371593,2.4741998581542128e-05,6.483019686776004e-05
2024-01-11 13:00:00+00:00,31010.0,44374592.8214576,543.5136,25736847.3448907,0.15998122837740114,96625.0,306064768.4322,3568.468,169006294.3302,0.10438254749754727,3.097974062206827e-05,6.237742038450733e-06
2024-01-11 13:15:00+00:00,32287.0,45391526.5061481,452.90369,21412890.3360148,-0.05652477525229249,85948.0,295716789.16417,2629.199,124304515.0813,-0.15930025188870045,0.0001322737865809291,0.00010129404595993208
2024-01-11 13:30:00+00:00,26446.0,37404193.4770187,389.99274,18432498.5891245,-0.014415397008920472,70008.0,200593164.28427,2004.791,94728570.54617,-0.05551546699840981,-8.485722776526866e-05,-0.0002171310143470606
2024-01-11 13:45:00+00:00,71930.0,88223275.8362549,878.45319,41311709.7565218,-0.06347368390179486,203608.0,719203094.34196,7101.84,333942715.36877,-0.07135350780348548,1.870805568918362e-05,0.00010356528345489835
2024-01-11 14:00:00+00:00,30302.0,36721829.0182383,436.74608,20631465.2797284,0.12366218302914911,84042.0,264433230.44973,3082.351,145622281.49293,0.10139169154546535,9.085655552153196e-05,7.214849983228078e-05
2024-01-11 14:15:00+00:00,71562.0,115145522.4892768,1502.12246,71519910.5978079,0.2422525696466984,216213.0,910861291.73459,10228.392,487215213.56271,0.0697901381556929,0.00021778336164713822,0.00012692680612502727
2024-01-11 14:30:00+00:00,55618.0,99901661.1216218,1069.88721,51072478.3699057,0.022455038214615586,172830.0,736667937.16703,8015.953,382593513.16271,0.0387136289222314,0.00019129834831703207,-2.6485013330912466e-05
2024-01-11 14:45:00+00:00,136308.0,300940037.1731303,4011.28501,192998300.8681393,0.2826362532620259,423565.0,2153331746.74265,24322.366,1170410714.11217,0.08706957567746176,0.0009413568385813209,0.0007500584902668805
2024-01-11 15:00:00+00:00,135905.0,248402828.1055078,2694.88535,131265257.5704439,0.05687409899125351,462483.0,2258510220.95817,22982.095,1119940997.77323,-0.008248014659772873,0.0001375205459509836,-0.0008038362926310327
2024-01-11 15:15:00+00:00,105303.0,184130692.1803095,1704.50978,82049491.6310303,-0.1087907109947368,319246.0,1338484398.76121,12682.973,610625137.62325,-0.08758721702188843,0.0005050908245888485,0.0003675702786374302
2024-01-11 15:30:00+00:00,73946.0,129199793.1081997,1240.39123,59239874.813557,-0.08297260563032083,267657.0,1068061076.08409,9971.173,476297406.32254,-0.10810829644906861,0.0004154284233282885,-8.966240126184744e-05
2024-01-11 15:45:00+00:00,83211.0,130361169.1055899,1292.64106,61224646.907646,-0.06069196329383508,285599.0,1122488912.45649,11658.947,551859429.65831,-0.01672181607459533,0.0003961629206692396,-1.9265502658072364e-05
2024-01-11 16:00:00+00:00,89206.0,167609052.1693918,1696.79491,79358532.8505506,-0.05305194649811651,332445.0,1235215985.27712,12757.386,597002942.23904,-0.033362667978907856,0.0006329250729307803,0.00023676215226231534
2024-01-11 16:15:00+00:00,88155.0,149276964.1041324,1453.30122,67543457.9663848,-0.09505852598572506,334155.0,1276285584.90805,13241.205,616053523.81959,-0.03461493085190093,0.0004403647506040002,-0.00019256032232739528
2024-01-11 16:30:00+00:00,83950.0,149107167.1991511,1447.54014,66718916.5375544,-0.10508773265817573,324062.0,1155440894.72242,12655.294,583518224.33913,0.010035609790863154,0.0005494881984730445,0.0001091234478689529
2024-01-11 16:45:00+00:00,67872.0,89597975.9618674,1025.72136,47380466.3990626,0.05762358781916155,218631.0,700012619.69436,7960.798,367947141.38212,0.051258594574404404,0.0003961587581746651,-0.00015332944029822215
2024-01-11 17:00:00+00:00,44977.0,70506880.2785284,724.96505,33422656.2036177,-0.05193206474075229,124064.0,378945014.32624,4070.309,187829918.75947,-0.008669270430014864,0.0006672802299716385,0.00027112147179586543
2024-01-11 17:15:00+00:00,38628.0,54573116.6262533,626.86419,28928306.0159713,0.060166902839295044,108513.0,301215403.0601,3619.859,167193282.1276,0.11012438559950244,0.0006933055222333167,2.6025292262588096e-05
2024-01-11 17:30:00+00:00,49918.0,78278587.6215194,708.40201,32549918.1425201,-0.16835704037225452,162861.0,610640131.71899,5679.568,260799847.05129,-0.1458149128943681,0.00037527873613669565,-0.0003180267860969366
2024-01-11 17:45:00+00:00,36698.0,46388975.982195,536.74485,24697396.354829,0.06479592756297725,122387.0,336399086.44766,3950.453,181848460.90336,0.08114717446864184,0.00038534644854016574,1.0067712404193685e-05
2024-01-11 18:00:00+00:00,33100.0,48090626.3081728,563.95035,26132110.4142585,0.08678602964326365,107697.0,307870966.37121,3919.376,181792657.68851,0.18096655771896808,0.0004334810877898318,4.813463925046335e-05
2024-01-11 18:15:00+00:00,24960.0,32060499.1834791,325.79053,15116742.4219951,-0.056986459538046375,81466.0,230170306.085,2294.792,106522559.98508,-0.07440223896003251,0.00032998126230483353,-0.0001034998254851871
2024-01-11 18:30:00+00:00,20522.0,19550538.7960484,223.95811,10385983.677439,0.062475442317552865,46424.0,124875949.28908,1484.557,68869530.44948,0.10300711772851234,0.00027185561642378,-5.812564588225655e-05
2024-01-11 18:45:00+00:00,25247.0,29733057.4552004,298.81082,13912109.0628129,-0.06419922782750143,67730.0,201947461.97682,2236.855,104200016.59682,0.031951732166659585,0.00014670288514424104,-0.00012515273127888804
2024-01-11 19:00:00+00:00,24420.0,31437398.0622166,319.8054,14879719.6529369,-0.053374606671392155,56812.0,165412294.8212,1587.25,73844933.36662,-0.10714093596922047,0.00016754660854397018,2.0843723399721625e-05
2024-01-11 19:15:00+00:00,21401.0,24581742.9313325,213.93911,9946793.6383845,-0.19071697510056773,39881.0,98290529.06548,833.859,38770315.0409,-0.21110781660211286,6.524578012314298e-05,-0.00010230082842177524
2024-01-11 19:30:00+00:00,22104.0,24988341.5987919,217.92116,10109813.1288436,-0.1908376081002211,53924.0,145352794.55867,1362.955,63268110.6346,-0.1294544996303798,0.00027030331505305055,0.00020505753492905399
2024-01-11 19:45:00+00:00,17195.0,17463191.1052761,148.67113,6922133.0531964,-0.20723159799756896,41622.0,105096573.8678,1215.195,56599729.2966,0.07709941844148549,2.1882077485186922e-05,-0.0002484212375666317
2024-01-11 20:00:00+00:00,19364.0,21091126.7272648,201.68417,9412077.387119,-0.10748463002198216,57272.0,156045379.60779,1794.032,83745156.45479,0.07334362177564047,0.0001306339926497424,0.00010875191516390714
2024-01-11 20:15:00+00:00,34053.0,55238506.517692,588.86801,27594903.8994306,-0.0008816081733709069,86046.0,293694952.89369,3452.695,161768055.05479,0.101605958569849,-1.9594120571701473e-05,-0.00015022811322040752
2024-01-11 20:30:00+00:00,29824.0,43183161.4526544,394.87581,18505436.4757668,-0.14293276113857567,64512.0,185244921.48815,1800.597,84363198.8894,-0.08917126351777838,-9.81146700496181e-05,-7.852054947754539e-05
2024-01-11 20:45:00+00:00,50571.0,59491102.808235,524.73503,24393987.703737,-0.17991139675560752,133943.0,457998236.99504,4306.139,200127899.74368,-0.12607567637494055,-0.00012160592278951516,-2.349125274214714e-05
2024-01-11 21:00:00+00:00,46571.0,52873018.851465,501.4768,23238363.4279373,-0.12097459412255929,112272.0,363590778.00496,3636.026,168425413.06002,-0.07354408720607108,-0.00017345074680286763,-5.1844824012547974e-05
2024-01-11 21:15:00+00:00,26222.0,23400632.6054941,233.26937,10802025.4093213,-0.07677492387234397,66367.0,190775492.92215,2128.029,98532121.59694,0.03296414112422852,-0.0001503438470292335,2.31068997749162e-05
2024-01-11 21:30:00+00:00,16844.0,14808697.3629721,144.27576,6689585.7627224,-0.09653285515184529,36902.0,90510785.8881,1036.574,48057328.5912,0.06191385081141787,-0.00014708130970282016,3.2625373247441303e-06
2024-01-11 21:45:00+00:00,17709.0,14584355.9102051,114.41219,5304524.931154,-0.2725733019937797,37826.0,89098205.92675,811.355,37622615.27908,-0.1554798463616528,-5.667204043152787e-05,9.040926927283977e-05
2024-01-11 22:00:00+00:00,18860.0,17016196.9111151,160.16281,7397847.5768021,-0.13049342159765742,45385.0,116358044.44411,1222.932,56492469.2916,-0.02898902157581562,1.0616112594142798e-05,6.728815302636804e-05
2024-01-11 22:15:00+00:00,17897.0,17136377.0927848,176.50259,8165033.5949882,-0.04705253032438772,37048.0,88290247.88087,1078.772,49901980.30717,0.13040752529096378,0.00017299283807452608,0.00016237672547880777
2024-01-11 22:30:00+00:00,13214.0,10971841.6693995,90.65191,4195711.668646,-0.23518552398584947,29989.0,65696216.26041,645.167,29863243.8396,-0.09086868195798203,0.00012099749134348385,-5.199534673039352e-05
2024-01-11 22:45:00+00:00,11829.0,10029824.9207259,104.35732,4826442.1956067,-0.03758196503845046,20712.0,63321212.09817,761.604,35223811.36297,0.11254381259666313,0.00016201826775168215,4.1020776407663107e-05
2024-01-11 23:00:00+00:00,10201.0,6670198.5343186,73.268,3394880.5836939,0.017924898704894998,18809.0,44134981.43758,473.489,21947326.37478,-0.005445310730670561,0.00018985270740981677,2.7834439658036558e-05
2024-01-11 23:15:00+00:00,11613.0,9350193.3472414,97.41057,4521697.3091395,-0.032812019769934975,24580.0,68716801.8228,691.366,32098028.4112,-0.06578805882231886,6.304012398397475e-05,-0.00012681258342439605
2024-01-11 23:30:00+00:00,11289.0,10880585.4483891,91.86724,4262331.6670512,-0.21652530789466862,23060.0,53244630.77373,429.917,19946201.72156,-0.2507713385665501,-6.260572136502088e-06,-6.930069612032241e-05
2024-01-11 23:45:00+00:00,9881.0,9693009.9353024,94.61767,4386198.6867494,-0.09497695431536546,18599.0,44877994.2381,445.695,20668257.9719,-0.07891347094325785,9.535564101634936e-05,0.0001016162131524112
2024-01-12 00:00:00+00:00,12003.0,13075093.0926262,136.61415,6334906.5959139,-0.030996330039666065,22364.0,56803165.36955,585.196,27137459.45668,-0.04450890086391723,-2.9349257897539397e-05,-0.00012470489891391878
2024-01-12 00:15:00+00:00,20143.0,17023723.1239474,183.87363,8518519.164399,0.0007821558629479419,30485.0,74936670.7628,735.846,34091476.1606,-0.09012568042924951,4.8418111149778674e-05,7.776736904752113e-05
2024-01-12 00:30:00+00:00,15380.0,15082039.7992609,147.42168,6814334.13929,-0.09636438704744177,30081.0,93483156.22203,878.363,40599194.6687,-0.13141155456339848,0.00014889746211363815,0.00010047935096402227
2024-01-12 00:45:00+00:00,31712.0,35290001.3858681,413.67493,19154433.3675675,0.08554449506130646,79901.0,374764118.62491,4222.861,195693447.92854,0.04435530619410022,0.000255857148683281,0.00010695968656726507
2024-01-12 01:00:00+00:00,14623.0,14734206.344521,147.70118,6855485.6861578,-0.06944622250291033,32542.0,97442011.19237,908.296,42180640.1862,-0.1342411826265164,0.00011815233521747057,-0.00013770481346497832
2024-01-12 01:15:00+00:00,18203.0,15358072.8655977,122.4514,5658805.1111132,-0.26308396103667364,37956.0,104844913.06671,1039.668,48051026.5722,-0.08338849894173839,0.00021416451211151173,9.601217689514385e-05
2024-01-12 01:30:00+00:00,24770.0,25724829.9509803,226.277,10405622.1462628,-0.191005564189063,67225.0,206680658.26011,1805.142,83048090.8497,-0.19636320545115526,0.00012860982050557284,-8.555469160498319e-05
2024-01-12 01:45:00+00:00,16208.0,11827780.3256185,130.73994,6025726.1995312,0.01891073957126488,36274.0,96947531.47321,1241.95,57234243.94781,0.1807261737989858,0.00012991484100450775,1.3050204969999868e-06
2024-01-12 02:00:00+00:00,11625.0,11669066.5550716,118.28638,5464123.2962036,-0.06348579461503068,21154.0,54985979.85102,581.542,26862392.27222,-0.022936670583976193,0.0002019933193025878,7.207847829882041e-05
2024-01-12 02:15:00+00:00,11051.0,9159442.9861986,118.80483,5488295.7128911,0.19839071462333124,20486.0,61806611.0743,792.311,36615848.3801,0.1848521620472845,0.00011050668841634592,-9.14866308860951e-05
2024-01-12 02:30:00+00:00,13744.0,13534866.2319078,129.20757,5958937.4368265,-0.11946858805614347,27157.0,82157489.0266,762.164,35147296.4198,-0.14439214644399823,0.0001630491010456237,5.2542412628753254e-05
2024-01-12 02:45:00+00:00,13364.0,12864820.9070495,160.38717,7398031.0134991,0.1501179949493463,29381.0,79186631.77401,970.233,44784707.71121,0.131117884620239,0.0001578560982764887,-5.193002769132704e-06
2024-01-12 03:00:00+00:00,11208.0,10537291.0971233,102.37694,4728684.5417942,-0.10248573410197626,26335.0,64631182.0987,617.182,28511958.2918,-0.11770271358309281,0.00017747207651292138,1.961597823552097e-05
2024-01-12 03:15:00+00:00,12435.0,12504360.0786454,119.04465,5484946.625628,-0.12271454258662307,25987.0,65259544.7526,750.554,34586898.9143,0.059979779062802274,0.00022545030542134883,4.797822890978409e-05
2024-01-12 03:30:00+00:00,17097.0,21911788.0675753,206.86633,9516856.80696,-0.13134822428819604,41680.0,152919380.67858,1530.939,70418226.4312,-0.07901501930338706,-3.041838313495037e-05,-0.0002558686885567596
2024-01-12 03:45:00+00:00,10611.0,8943541.9533428,96.94752,4464750.6512325,-0.0015699206143435784,20765.0,52339785.5364,619.917,28556913.455,0.09121247488260842,5.2294792047325294e-05,8.271317518193655e-05
2024-01-12 04:00:00+00:00,12490.0,12102640.8918045,137.95738,6364130.9183995,0.051692928063175714,26805.0,84027214.09721,870.281,40143120.55641,-0.04452096888589119,6.522377191389498e-05,1.2928979867155022e-05
2024-01-12 04:15:00+00:00,14546.0,14123967.8499846,159.57945,7338973.0318496,0.039222562639521064,31561.0,81940023.81222,860.519,39579317.2223,-0.033944209901550115,0.00011086076876981825,4.5636996855336065e-05
2024-01-12 04:30:00+00:00,10606.0,9872755.7297944,110.629,5091576.1009178,0.031439699364228524,21242.0,52365751.1583,608.477,28010039.5316,0.06978469369899964,7.660401597578175e-05,-3.425675279267182e-05
2024-01-12 04:45:00+00:00,11716.0,12136581.3220886,118.65097,5463352.8272967,-0.0996883418309259,21241.0,53674575.3383,495.97,22841383.5459,-0.14889373965474806,2.9800025517091623e-05,-4.680399045930983e-05
2024-01-12 05:00:00+00:00,21650.0,27217108.4782991,270.3289,12416471.4832719,-0.08759804567984342,46201.0,148978880.89982,1439.838,66140751.545,-0.11207882425327154,8.834081806303232e-05,5.854079254596911e-05
2024-01-12 05:15:00+00:00,10819.0,8649701.2098774,103.10656,4740183.1088261,0.09603395396204362,20029.0,52394760.5761,601.725,27673177.1813,0.05633375845306143,0.00019558967088106462,0.000107248852817321
2024-01-12 05:30:00+00:00,15959.0,16672551.4616665,206.78266,9531770.5203082,0.1434087388752261,28281.0,83915621.2925,1180.506,54422969.6635,0.29708792773638404,0.00031986624442350545,0.00012427657354407984
2024-01-12 05:45:00+00:00,13193.0,13170467.7081617,135.45682,6242611.1746343,-0.052028931248087384,26080.0,58417811.1742,642.37,29610224.4584,0.013739606576606667,0.0002666704003307021,-5.3195844094133804e-05
2024-01-12 06:00:00+00:00,13187.0,14123199.1211872,192.76819,8900287.823893,0.26037843799016525,30681.0,85859474.63543,1131.818,52266955.16583,0.21749999956934274,0.00014914241515623456,-0.0001175279851750588
2024-01-12 06:15:00+00:00,12609.0,10816732.262486,134.23683,6204768.3531145,0.14725375511669792,28221.0,80785200.4413,1038.379,48011061.5508,0.1886103219038422,0.00021772596784166908,6.858355268590799e-05
2024-01-12 06:30:00+00:00,14497.0,16192917.1343795,210.55437,9749431.1513478,0.2041599509761698,37256.0,106815068.58407,1316.403,60974732.05867,0.14168783238067495,0.0002522448782471256,3.451891040562316e-05
2024-01-12 06:45:00+00:00,12424.0,11834578.7508176,132.13242,6112367.6459477,0.032967505586191326,31285.0,80538624.9087,648.214,29986937.857,-0.2553402074844531,8.108068667885632e-05,-0.00017116419156870677
2024-01-12 07:00:00+00:00,11621.0,10311801.90609,92.94466,4291377.1439229,-0.16767657427777494,25404.0,88324708.44861,593.991,27424031.5796,-0.3790178974537768,0.00013556314850446098,5.4482461825600126e-05
2024-01-12 07:15:00+00:00,22859.0,26540543.4553026,283.50818,13045959.7507129,-0.0169033446746234,55002.0,215651597.23038,1866.984,85891395.2939,-0.20342444575411645,-6.447596508153974e-05,-0.00020003911358479343
2024-01-12 07:30:00+00:00,15183.0,12929340.1088206,170.35705,7830331.2235115,0.21124994123551977,34249.0,91017792.3671,1037.246,47677966.5332,0.04766255680870701,1.7603837376078614e-05,8.207980245700242e-05
2024-01-12 07:45:00+00:00,18046.0,22800951.8996035,239.35054,10990426.8349808,-0.035967718946688376,41310.0,118152246.1917,1066.889,48992199.5,-0.1706937264567786,5.8749976744890416e-06,-1.172883970212979e-05
2024-01-12 08:00:00+00:00,25053.0,38059810.8988924,378.91469,17391529.6920826,-0.08609479231076689,64012.0,219990984.54973,2213.996,101626310.07682,-0.07608659250445882,-0.00012150748856478258,-0.00012738248623911375
2024-01-12 08:15:00+00:00,16250.0,14008840.8134001,130.55587,5991159.4588245,-0.14466021298583387,35257.0,86810579.97439,824.812,37853480.2395,-0.12790629320372793,0.00017014556211996997,0.00029165305068445946
2024-01-12 08:30:00+00:00,15517.0,14692355.3482496,151.15832,6924579.6586227,-0.05739011962466967,39420.0,98004133.0274,966.917,44304870.139,-0.0958571078504773,0.00012737577410846114,-4.276978800987763e-05
2024-01-12 08:45:00+00:00,23293.0,20514752.6137485,214.50686,9805638.4999926,-0.04404028801974491,63585.0,179552277.7264,1745.054,79772514.3232,-0.11142854511980538,6.564493967388532e-05,-6.173083443705707e-05
2024-01-12 09:00:00+00:00,16004.0,14773938.923228,177.98128,8153410.8085031,0.10375585696839185,42384.0,111633850.38849,1376.335,63061548.31819,0.12979258708238461,4.9933325937316577e-05,-1.571161373448149e-05
2024-01-12 09:15:00+00:00,17210.0,17510462.4446566,183.09928,8386001.0037377,-0.04217252625481305,40208.0,120001336.23929,1133.174,51883017.4757,-0.13529267087089614,-1.7273084959227793e-05,-6.720641089863477e-05
2024-01-12 09:30:00+00:00,26985.0,29548614.0618386,312.585,14273610.5678869,-0.03388967495968209,71982.0,252531639.55983,2373.304,108389910.2451,-0.14157362274266483,-2.5425448859288772e-05,-8.152363898616954e-06
2024-01-12 09:45:00+00:00,33139.0,30636526.9496844,399.39194,18305726.181497,0.1950261993835809,81960.0,310403751.49693,4261.813,195457222.26563,0.25937409791623045,0.00029158325892480005,0.00031700870778372803
2024-01-12 10:00:00+00:00,21146.0,19960912.6511155,242.07948,11139594.7964072,0.11614082893997058,54683.0,155374725.11412,1577.6,72611804.1554,-0.06533312799661728,0.0002629977050758406,-2.858555384932515e-05
2024-01-12 10:15:00+00:00,17874.0,19796470.6326715,225.66695,10367542.0089113,0.04741316786043881,40254.0,105791046.8454,1203.827,55328487.6162,0.045995654000011266,0.00016405966884763904,-9.893803622773589e-05
2024-01-12 10:30:00+00:00,13593.0,12295667.2377044,124.69571,5725330.9974716,-0.06872382168655389,29599.0,66206180.9399,738.568,33919775.2414,0.02467095246564255,0.00015857056510508457,-5.48910374220668e-06
2024-01-12 10:45:00+00:00,15568.0,17076238.9881469,223.04467,10245172.4016103,0.1999331244686564,23941.0,57101589.8643,611.703,28103377.5803,-0.01567092450186669,1.718893280794135e-05,-0.00014138163229659995
2024-01-12 11:00:00+00:00,25444.0,21285816.2735487,251.28362,11569016.884,0.08701651234080221,41022.0,146244392.05268,1829.998,84287311.78128,0.15269119859198588,8.639850861561941e-05,6.920957580724973e-05
2024-01-12 11:15:00+00:00,14474.0,13168271.7675584,132.15995,6089355.3426968,-0.07514737693997942,34553.0,89989964.8559,852.911,39300787.9559,-0.1265517656589389,0.00011907152040586823,3.2673011789441375e-05
2024-01-12 11:30:00+00:00,28513.0,23950131.0081401,266.77454,12307872.5690837,0.027791669690703458,48336.0,132941316.66443,1674.364,77263108.97823,0.16236413053222964,0.00019166590830548772,7.259438790008232e-05
2024-01-12 11:45:00+00:00,24436.0,34397799.255213,366.09244,16900950.8856207,-0.01732370956497442,56867.0,154535487.0418,1623.108,74952723.8551,-0.029961010381697073,0.0001953548953466933,3.688987041172709e-06
2024-01-12 12:00:00+00:00,19729.0,19646033.2321108,196.19425,9030919.2633599,-0.08063687395182062,40865.0,132891591.04966,1153.168,53075879.2033,-0.20121538490022028,7.942349427287865e-05,-0.000115931401074576
2024-01-12 12:15:00+00:00,24179.0,26782770.7338877,301.74107,13872616.4766932,0.035935871947741393,42279.0,91106212.52152,1050.948,48330107.283,0.06096183663839705,0.0001498874217933507,7.04639275213026e-05
2024-01-12 12:30:00+00:00,23214.0,15970569.2314023,152.12885,7003652.7400186,-0.12293010492730672,38906.0,102408753.6996,1146.231,52794241.1982,0.03104938378732003,0.00026423110640579273,0.00011434368461316069
2024-01-12 12:45:00+00:00,22715.0,21315423.7526968,196.27436,9008513.534635,-0.15474225245038786,59316.0,188869224.92893,1773.675,81380613.5819,-0.13823320223267843,0.0002612371797663627,-2.9939266408263165e-06
2024-01-12 13:00:00+00:00,25503.0,20978451.0268798,229.8898,10523364.0935465,0.0032546330577847282,71947.0,186599694.84525,2003.836,91731012.39129,-0.016814979602577274,0.00028862180672696163,2.7384626960724745e-05
2024-01-12 13:15:00+00:00,19433.0,20317148.4460838,205.05951,9406951.1065225,-0.07398903625811493,44712.0,115902709.04532,1177.52,54030745.86632,-0.06765344293733422,0.000261066910183338,-2.7554896542270058e-05
2024-01-12 13:30:00+00:00,21671.0,18662788.9268503,187.74849,8605053.9924683,-0.07783836315180725,43596.0,98604822.77836,981.835,45026838.73598,-0.08672136986261747,5.638825368605119e-05,-0.00020467865649820283
2024-01-12 13:45:00+00:00,35439.0,38327960.7479858,388.36676,17756307.6410498,-0.0734540896761422,86049.0,288512511.79037,2670.921,122099386.9519,-0.15359381682125406,0.0002987585128726987,0.00024237025918694144
2024-01-12 14:00:00+00:00,21816.0,21384672.7091316,228.29962,10448945.1155173,-0.022763148387542786,45556.0,106501789.80779,1240.028,56767820.99949,0.06604445055697572,0.00020487636394722657,-9.38821489242514e-05
2024-01-12 14:15:00+00:00,18304.0,15616155.364126,164.12297,7510414.8907221,-0.03812241674089667,42689.0,100572546.02068,1113.339,50963878.19199,0.013474953323955319,0.0002508575524004055,4.5981188451449384e-05
2024-01-12 14:30:00+00:00,24918.0,22765832.7606062,274.20901,12547640.3269796,0.10232210338397363,59721.0,184343242.63908,2179.36,99800618.42449,0.08276947932272827,0.00020593765174213468,-4.4919900657802714e-05
2024-01-12 14:45:00+00:00,82186.0,132160260.9997963,1357.4352,61729594.6124183,-0.0658372774776308,202153.0,869610987.58446,8450.721,384628427.77153,-0.11540117762329138,0.0005717067145836874,0.00036576906284047084
2024-01-12 15:00:00+00:00,46771.0,89003290.2272331,1282.36853,58274831.3919932,0.30949836221138605,125238.0,442107762.21671,5155.969,234449524.04764,0.0605989945624108,0.0004593810844825238,-0.00011232563010032948
2024-01-12 15:15:00+00:00,44790.0,61058159.6638105,590.21861,26741611.8482647,-0.12406099379655555,111891.0,347951386.62485,3443.086,156057835.2564,-0.10299058285026153,0.00041720547088977387,-4.217561359176614e-05
2024-01-12 15:30:00+00:00,104329.0,153188550.5062129,1412.19267,63464500.1566074,-0.17141979675519603,251637.0,1091006708.46052,11276.291,506918232.2078,-0.07073306098530985,0.00037708544546619305,-4.0120025424528194e-05
2024-01-12 15:45:00+00:00,73827.0,110778679.5429785,1043.40697,46603533.8114714,-0.15861907717737767,186382.0,678802802.59328,7281.052,325456634.54632,-0.04108635585193743,0.0008559877061091835,0.0004789022606441762
2024-01-12 16:00:00+00:00,73973.0,100040147.5497871,1254.245,55826124.8617962,0.11607442070221152,176955.0,638961424.54405,7156.897,318668002.95728,-0.002543844693988939,0.0007439540588982734,-0.00011203364721268372
2024-01-12 16:15:00+00:00,64755.0,125331415.1071118,1537.65843,68428185.1537573,0.0919558371742093,168736.0,626622342.74224,7019.629,312610655.76402,-0.0022358462484256547,0.0008417048907356702,9.77508318378284e-05
2024-01-12 16:30:00+00:00,145494.0,153925344.5026813,1466.6665,64666647.8973739,-0.1597660787272437,262406.0,1194922545.01011,12135.007,535330473.21975,-0.10399134160579304,0.0007725480762984805,-6.915681443686594e-05
2024-01-12 16:45:00+00:00,98380.0,161725979.3283785,1658.20177,72471139.4652147,-0.10377862893549361,265900.0,1327955331.26061,13299.104,581318718.59306,-0.12449055339651827,0.0008313914033458202,5.884332704830797e-05
2024-01-12 17:00:00+00:00,82075.0,115320874.244082,1149.38264,50101593.2564515,-0.13109237881063673,249293.0,1156042549.70143,12839.506,559714836.50519,-0.03167087292808213,0.0008523782325593421,2.098682921314321e-05
2024-01-12 17:15:00+00:00,47549.0,64130551.9270721,790.88793,34495807.6973803,0.07579949527358498,159872.0,490025812.472,5698.718,248815826.827,0.015521307221820324,0.0007732164813422983,-7.916175121813751e-05
2024-01-12 17:30:00+00:00,56196.0,93816323.6073857,1066.47249,46292667.3247349,-0.013121266220871064,167182.0,578485109.26527,6646.077,288866353.17296,-0.001300643538267865,0.000920347883290245,0.0001471314019472203
2024-01-12 17:45:00+00:00,35218.0,60197850.3056888,767.02731,33437094.2293307,0.11090658751217353,125617.0,368881261.1306,4587.964,200138439.33023,0.08511036162052332,0.0008835437859523555,-3.6804097335974006e-05
2024-01-12 18:00:00+00:00,33105.0,60826726.6142312,683.89942,29857116.4640197,-0.01828955375565966,97800.0,261349255.22841,3329.329,145491302.77514,0.11338601403693094,0.000739613355838301,-0.00014393043011473594
2024-01-12 18:15:00+00:00,47354.0,82448724.5947873,960.3276,42085960.6880048,0.020900223620090363,127936.0,437251761.76886,4688.254,205584387.44428,-0.059652102429007425,0.0008284924052283733,8.887904939136604e-05
2024-01-12 18:30:00+00:00,18606.0,31059693.2609151,330.04567,14405955.1886818,-0.07236977083672835,61693.0,145983111.63529,1501.865,65590004.0075,-0.10140285033293872,0.0008610173735055308,3.25249682742168e-05
2024-01-12 18:45:00+00:00,25926.0,48161836.4291005,454.74913,19742869.4079481,-0.18014465926722845,102135.0,292830615.24786,3201.577,139112221.60713,-0.04987925193968179,0.0006977493209833922,-0.00016326805251942744
2024-01-12 19:00:00+00:00,26884.0,33891791.1236097,353.43309,15382176.429077,-0.09227716098123429,70504.0,189982598.30083,2415.377,105255492.22602,0.1080540340789744,0.0008760423681804156,0.00017829304719541028
2024-01-12 19:15:00+00:00,20561.0,37618636.0509758,360.79319,15653182.9861074,-0.16779635684312022,87588.0,244839135.71692,2537.627,110164226.98803,-0.10010932961795349,0.0006484961104682989,-0.00022754625771170822
2024-01-12 19:30:00+00:00,23684.0,43089166.2198164,572.65064,24927970.9914499,0.15704123232654732,87455.0,233060491.86426,3001.562,130722159.04556,0.12178737803141448,0.0005566184213137066,-9.187768915452921e-05
2024-01-12 19:45:00+00:00,15335.0,23643109.8617248,245.29716,10698595.5416178,-0.09499252812444359,61043.0,187250562.73136,2090.745,91240381.88576,-0.025472815089389145,0.0006807349857039454,0.00012411656438970908
2024-01-12 20:00:00+00:00,12542.0,19448248.2489188,238.08867,10361669.6291196,0.06556328328394745,44706.0,101045780.8015,1004.895,43762249.86017,-0.13381341579933914,0.0005737607529135899,-0.00010697423278926976
2024-01-12 20:15:00+00:00,25545.0,70977038.1982629,1047.78524,45647675.0917715,0.2862659882837626,78753.0,217129762.68067,2617.049,114157208.87447,0.05151138623367424,0.0004629472990658969,-0.00011081345384766905
2024-01-12 20:30:00+00:00,21733.0,50208480.3829662,556.18998,24333999.8918939,-0.030681681409760797,74320.0,230951199.02284,2792.16,122229022.91554,0.05848355351861256,0.00037641798809886953,-8.652931096797545e-05
2024-01-12 20:45:00+00:00,23565.0,51792209.0977645,660.24283,28965886.5522138,0.11854223084158999,95838.0,320707918.61523,3975.594,174501391.9549,0.08822627584857612,0.00035380153742240584,-2.2616450674917132e-05
2024-01-12 21:00:00+00:00,20532.0,41235609.6504564,417.34435,18293295.4517405,-0.11274281589102064,77163.0,221450102.86174,2272.62,99561864.52005,-0.1008189814911904,0.0007652835529092034,0.0004114820154850207
2024-01-12 21:15:00+00:00,26584.0,35219260.0080622,417.49628,18264297.0805198,0.037176651430997465,76082.0,204006319.18627,2451.283,107293629.18123,0.0518657422887423,0.00040146247909230223,-0.0003638210738152736
2024-01-12 21:30:00+00:00,13754.0,19694882.054942,203.21731,8876167.6452885,-0.09863205877272885,47500.0,135000219.81891,1359.113,59369059.02714,-0.1204598169280322,0.0004787062328152115,7.724375372220038e-05
2024-01-12 21:45:00+00:00,28954.0,53235630.1250585,507.99552,22054619.2909389,-0.17143389721773628,101862.0,323656495.8892,2738.28,118977482.943,-0.2647916265908622,0.0003396617509984732,-0.00013904448181811802
2024-01-12 22:00:00+00:00,13922.0,22580498.2765523,301.66884,13098138.6623419,0.1601283994643352,58160.0,162584689.16034,2076.404,90170284.96274,0.1092100422053226,0.0003957880836615552,5.612633266416367e-05
2024-01-12 22:15:00+00:00,121702.0,160871220.3901175,1496.7607,63884164.9831119,-0.20577260708048462,325572.0,1524642468.07831,14541.378,620346450.09996,-0.18624010141622638,0.00039554676869685436,-2.413149644553414e-07
2024-01-12 22:30:00+00:00,116146.0,175543831.2635479,1711.001,72026593.0687928,-0.1793890727990588,308397.0,1533330169.31058,16672.343,700920811.88366,-0.08575357621925639,5.94197553679228e-05,-0.00033612701332863537
2024-01-12 22:45:00+00:00,44948.0,85455443.0180734,959.80082,40538482.529348,-0.05123696987272497,152264.0,510537252.42263,6002.13,253517203.14586,-0.006861098018387746,0.0002243246660994417,0.0001649049107310674
2024-01-12 23:00:00+00:00,24536.0,41993725.3429767,534.60659,22685238.1225691,0.08041084411022026,86640.0,261123286.48975,3269.637,138761827.38845,0.06280699246558297,0.00018582136034727293,-3.850330575261296e-05
2024-01-12 23:15:00+00:00,31711.0,55057008.2791885,661.82596,28289520.38877,0.027644664065897384,110758.0,406239786.21018,4968.034,212427686.21579,0.04582413356176951,0.00013753663043628456,-4.828472991036392e-05
2024-01-12 23:30:00+00:00,23468.0,50576729.4207598,625.25922,26801515.6085328,0.05983585397800795,75041.0,246292018.54451,2813.735,120610709.68202,-0.02058775274341118,4.1689078434101634e-05,-9.58475520018709e-05
2024-01-12 23:45:00+00:00,15408.0,31487294.3991586,332.06775,14220178.3366047,-0.09676721306453762,53452.0,145359661.03249,1465.205,62729679.5873,-0.13690388183721736,0.00031272429071203106,0.0002710352122772264
2024-01-13 00:00:00+00:00,12145.0,21583427.9892415,272.43923,11669835.3098179,0.08136995806549918,47720.0,129695423.87011,1583.333,67833025.76192,0.046035761907140094,0.0001442066724845944,-0.00016851761822778144
2024-01-13 00:15:00+00:00,27752.0,51789700.1103809,722.03196,30978297.0685918,0.19631111987776917,66695.0,175345852.26582,2197.72,94282370.64542,0.0753875204585992,0.0001058838245994912,-3.832284788529705e-05
2024-01-13 00:30:00+00:00,14462.0,26077246.9534558,265.894,11388725.4498247,-0.1265392799974655,43868.0,120039213.04619,1229.854,52677951.0022,-0.12232095387146524,0.00022764705829430245,0.00012176323369672559
2024-01-13 00:45:00+00:00,12654.0,24515090.8060167,337.84949,14477603.4157655,0.18111766587560707,38891.0,86623847.76962,954.371,40896824.98892,-0.05576060076003686,1.7948376971850167e-05,-0.00020969868132247882
2024-01-13 01:00:00+00:00,11800.0,16984466.5512292,230.55804,9874848.7038252,0.16280940281995915,31711.0,65585505.36969,834.577,35748267.145,0.0901270621761765,2.8970351650577142e-05,1.1021974676950208e-05
2024-01-13 01:15:00+00:00,24449.0,42458805.1068643,388.67351,16605365.5762758,-0.21781286428189117,66979.0,195760818.87853,2007.323,85723086.52398,-0.12420588537513866,0.00010499730954048382,7.602695789010738e-05
2024-01-13 01:30:00+00:00,23837.0,40788625.7223805,472.48338,20133193.8783132,-0.012803519523030937,66968.0,181624561.86776,2205.447,93993167.87468,0.03502705700252129,0.0003645428839212205,0.00025954557438190307
2024-01-13 01:45:00+00:00,20477.0,18753946.8551125,225.2038,9615474.2114461,0.025434729631307773,52274.0,113734748.42697,1484.191,63402700.67687,0.11492224766437831,0.0001879638904719749,-0.0001765789934502493
2024-01-13 02:00:00+00:00,19065.0,28541931.8375126,301.99703,12893740.4665355,-0.09650541246200561,43099.0,98392131.10698,1222.917,52245137.5138,0.06197796360350827,0.0003343410846715475,0.00014637719420029782
2024-01-13 02:15:00+00:00,18116.0,18643251.5942017,223.9239,9571889.9703626,0.026847695746334832,42826.0,98268279.12169,1252.051,53532361.06009,0.08951457252647077,0.00029004049453273056,-4.4300590140267104e-05
2024-01-13 02:30:00+00:00,13564.0,14038204.7021811,129.91352,5557662.8880089,-0.2082088834129322,27632.0,56509066.3121,605.068,25893959.0738,-0.08354673811853586,0.000395632132830434,0.00010559163829881868
2024-01-13 02:45:00+00:00,16337.0,17703416.1886824,185.86455,7940389.9349363,-0.10295393269774633,30851.0,69897674.43277,827.215,35346472.60569,0.011377642891036821,0.00028049893404651625,-0.00011513319878453387
2024-01-13 03:00:00+00:00,29321.0,46904076.4989734,363.6971,15494799.6130218,-0.3392983821625424,46628.0,106147530.89247,1094.316,46626594.3945,-0.12147566688604627,0.00034087770460953235,6.037877056286334e-05
2024-01-13 03:15:00+00:00,16888.0,26691050.4495141,287.73653,12234878.2079477,-0.08322242834991678,45788.0,113898385.89513,1252.731,53290760.5473,-0.06424028525976533,0.0003275075294834696,-1.3370175125260175e-05
2024-01-13 03:30:00+00:00,10663.0,16510538.8252815,178.07603,7570773.7347726,-0.08291621310626485,32953.0,74018296.43799,956.431,40679092.83759,0.09916317438268951,0.0002995630922992464,-2.7944437183791138e-05
2024-01-13 03:45:00+00:00,10626.0,16973334.2353448,178.76272,7598848.3720937,-0.10461335802012683,24478.0,51481285.5528,664.634,28266762.3007,0.09813739098294949,0.000426745060831001,0.00012718196853001018
2024-01-13 04:00:00+00:00,13876.0,17344674.3280632,168.9962,7202976.8267863,-0.16943072086028343,28375.0,60514933.66338,728.396,31057128.54718,0.02642857447182201,0.0003674523602758942,-5.929270055382574e-05
2024-01-13 04:15:00+00:00,12047.0,14679226.2012082,160.61421,6847048.9159998,-0.06711037460050295,26841.0,58844687.74697,716.663,30575620.57768,0.03919730899598095,0.00039661776699826935,2.916540672259771e-05
2024-01-13 04:30:00+00:00,11355.0,13261922.6123699,169.94876,7262130.259397,0.09518513592038835,29497.0,74172721.88113,1024.108,43787167.70443,0.1806811613197581,0.00045911671658353136,6.249894958365587e-05
2024-01-13 04:45:00+00:00,13536.0,20975779.6440596,305.34495,13069150.5136065,0.24611821208826634,28903.0,78798229.406,938.549,40182710.6187,0.019888668098431372,0.00027960662004975547,-0.00017951009653138783
2024-01-13 05:00:00+00:00,11095.0,12035261.4561595,159.01136,6807254.1008395,0.1312183163840832,21662.0,53337821.3401,575.671,24647498.5857,-0.07579657487173275,0.00027283852947994835,-6.768090571540597e-06
2024-01-13 05:15:00+00:00,12808.0,15277017.5015491,207.38067,8879588.8496056,0.1624767529009119,24378.0,60229273.0855,713.697,30569423.3196,0.015101851759173446,0.000300368513377215,2.7529983897878196e-05
2024-01-13 05:30:00+00:00,19246.0,18609664.0637781,258.71786,11104994.5072335,0.19346533813560796,41479.0,114822049.6177,1521.397,65319340.4534,0.13774907643402523,0.00019858991910617736,-0.00010177859427074054
2024-01-13 05:45:00+00:00,17527.0,18493685.6021382,248.29751,10670551.5462714,0.15396701077666153,37438.0,101921374.51684,1391.705,59841813.68944,0.17427407103016668,0.00031854572538148854,0.00011995580627477409
2024-01-13 06:00:00+00:00,23047.0,23238645.9579078,277.10213,11937212.3113102,0.02735867941119241,51723.0,156992478.52534,1909.968,82305741.53988,0.04853101642821844,0.00022989815102859767,-8.864757435311788e-05
2024-01-13 06:15:00+00:00,18837.0,18745652.7388106,208.89346,8998764.0362898,-0.03990923531204105,34810.0,95619738.45468,897.755,38681593.35002,-0.19092869369531784,0.00018931464091702128,-4.058351011160255e-05
2024-01-13 06:30:00+00:00,16803.0,20793997.2033669,242.38383,10450916.7040513,0.005185929558470859,38296.0,126229974.52832,1274.753,54977025.42812,-0.12893865924395365,0.00011585116782924577,-7.346347308789802e-05
2024-01-13 06:45:00+00:00,17345.0,18787927.9867571,187.62644,8073755.4963674,-0.14053795585566597,35446.0,116249131.62116,938.183,40365307.1866,-0.3055379145859771,0.00019073049838483913,7.487933055649876e-05
2024-01-13 07:00:00+00:00,13120.0,14559061.7797435,156.94052,6757682.5922641,-0.07168707784916672,27438.0,68928466.78472,892.241,38442273.93002,0.11542518565179649,0.00022268672669435363,3.195622830887146e-05
2024-01-13 07:15:00+00:00,13409.0,14191602.0547647,164.98022,7122326.9309727,0.0037382535795449368,35534.0,115123349.8203,1526.108,65918894.1999,0.14518721532677903,9.697254724041118e-05,-0.0001257141794539507
2024-01-13 07:30:00+00:00,14201.0,17403149.3518255,216.96562,9372642.6395156,0.07712029013098798,35846.0,97065167.0998,1145.543,49492329.1231,0.019775282974853647,-2.7800713365137446e-06,-9.975261857597673e-05
2024-01-13 07:45:00+00:00,12810.0,14547948.967324,145.67216,6281513.1634908,-0.13644003321710252,25496.0,69677626.8516,659.372,28434786.2085,-0.183818752350431,-3.8701363022779054e-05,-3.592129168694669e-05
2024-01-13 08:00:00+00:00,10470.0,12535292.2035397,157.43816,6790426.198075,0.08340931951431152,24451.0,67751143.9946,638.112,27521922.8998,-0.18755842995083327,-2.0184427668404307e-05,1.8516935353929398e-05
2024-01-13 08:15:00+00:00,8400.0,9970359.6390313,117.72562,5080016.1003756,0.019023642936347285,17826.0,34894906.3099,440.533,19009959.9122,0.0895550051559646,-6.048848976575962e-05,-4.030406209665216e-05
2024-01-13 08:30:00+00:00,12129.0,15191595.2870703,201.31102,8696712.5030216,0.14493736025517312,27290.0,67596973.2365,823.999,35599644.382,0.053291077322303426,-0.00014730167977128198,-8.681319000558574e-05
2024-01-13 08:45:00+00:00,13140.0,14073602.0255977,133.92741,5780864.3602194,-0.17848119483485403,26426.0,57794444.9898,484.703,20917925.8549,-0.27612676759533716,8.982522732453877e-05,0.0002371269070948756
2024-01-13 09:00:00+00:00,11944.0,11180615.2925714,133.24046,5747693.279698,0.028153304499595855,23258.0,59774016.5693,708.506,30561459.6883,0.022566708491742693,2.2932323817808258e-05,-6.689290350614385e-05
2024-01-13 09:15:00+00:00,13051.0,11398684.6293876,98.46388,4245315.6202117,-0.2551218393626561,23795.0,55751841.98526,496.59,21406364.5702,-0.23208404214305456,4.4842908676470536e-05,2.1910584859341498e-05
2024-01-13 09:30:00+00:00,19353.0,30875116.6921741,319.36555,13718865.2738536,-0.11133192398065239,52946.0,168660000.3712,1755.307,75443654.5229,-0.10537585252154913,0.00013741966580746285,9.257675712959212e-05
2024-01-13 09:45:00+00:00,9736.0,8854717.0187872,99.86207,4296882.6218088,-0.02947036868777786,19511.0,39060084.90996,447.924,19277370.69926,-0.01293759377648318,0.0001417383396448586,4.318673838099585e-06
2024-01-13 10:00:00+00:00,16211.0,20722053.309512,191.65087,8223895.8336579,-0.20626631822408237,40205.0,122571427.15502,1249.292,53602842.2948,-0.12536153753016566,9.76114206603465e-05,-4.4126918984588315e-05
2024-01-13 10:15:00+00:00,24667.0,29731705.4695945,294.59254,12595803.9438202,-0.15270222512452525,90482.0,281394229.63009,2919.887,124848338.1069,-0.1126446461178624,0.0003114269114410923,0.00021381549078114404
2024-01-13 10:30:00+00:00,20315.0,22073701.0124666,250.67299,10727325.1792704,-0.028044715001629195,40883.0,99765163.50819,1373.26,58772303.37439,0.17821294142549493,0.0001464277071863575,-0.00016499920425516734
2024-01-13 10:45:00+00:00,16059.0,20500021.9234675,210.06043,8987827.4985208,-0.12313971837933091,37625.0,98193715.6393,1121.19,48004770.2487,-0.022243532874580696,0.0002752790433556914,0.00012885133616791222
2024-01-13 11:00:00+00:00,13793.0,14929437.6006185,143.39665,6131398.6860051,-0.17861625467377462,34260.0,123846707.83887,1536.552,65717869.72679,0.06127762091652578,0.0002383784097585726,-3.690063359584883e-05
2024-01-13 11:15:00+00:00,28793.0,26773694.8611316,292.75611,12490410.4633684,-0.066964008654539,68970.0,229396357.40336,2483.073,105974840.39717,-0.07605472382607437,0.000173482090753745,-6.489631900485904e-05
2024-01-13 11:30:00+00:00,17421.0,18118858.8181033,213.55972,9112602.3142179,0.005869343726341514,44991.0,121091072.4066,1536.685,65593687.2966,0.0833777584585147,0.00027924373114841333,0.00010576164039477476
2024-01-13 11:45:00+00:00,17341.0,24725084.6216303,297.58458,12693144.1196125,0.026742218589466793,43664.0,117701483.10536,1257.633,53668409.58328,-0.08805890686629769,0.0002013589267254308,-7.788480442272316e-05
2024-01-13 12:00:00+00:00,19078.0,19234719.1039045,231.85387,9871207.6265997,0.026394778449966516,42678.0,159463722.6092,1966.835,83758351.4574,0.05050039077123225,0.00018532441796073148,-1.6034508766082922e-05
2024-01-13 12:15:00+00:00,16452.0,17861035.526597,214.1067,9135543.7513172,0.02295790607587045,45113.0,139660643.81427,1505.568,64244755.64998,-0.07998769165897657,0.00019059013555173203,5.2657175917403265e-06
2024-01-13 12:30:00+00:00,14718.0,16377250.7781515,195.68378,8332187.8489375,0.017531936441160578,40541.0,135359718.6667,1596.453,67964960.0796,0.00421249023059822,0.0003054058978337156,0.00011481576228256074
2024-01-13 12:45:00+00:00,14546.0,13884976.5937652,175.0186,7464039.1206555,0.07512448008116834,36566.0,92856792.68098,1205.587,51440423.02998,0.1079517511811845,0.00028049302334607376,-2.491287448691537e-05
2024-01-13 13:00:00+00:00,12936.0,9174172.9870252,103.44167,4416222.0871754,-0.03724900469586723,22863.0,51551923.3277,608.947,26006229.451,0.008933431472042619,0.00028858514773835297,8.09212439101259e-06
2024-01-13 13:15:00+00:00,14493.0,13440819.5759304,133.97312,5715491.7973712,-0.1495322491187353,34908.0,105715827.3633,1115.537,47603557.7426,-0.09940528433822926,0.0003150917862665163,2.6506638528545068e-05
2024-01-13 13:30:00+00:00,13169.0,9730505.298918,121.09583,5174370.0238279,0.06353572910612848,31628.0,81600883.2018,1130.966,48344767.8949,0.18490795682548655,0.0003740065494742249,5.8914763208406384e-05
2024-01-13 13:45:00+00:00,13768.0,10973526.6764708,131.90295,5640995.1893026,0.02810980564669352,28350.0,64263186.67979,745.53,31891641.81469,-0.00746777549020794,0.00019544816501861518,-0.00017855838445512973
2024-01-13 14:00:00+00:00,18069.0,11814803.5776949,149.05552,6366955.7636917,0.07779290985621445,24640.0,70780174.17098,808.96,34560550.3707,-0.0234398042815247,0.00011838564112972301,-7.706252388928192e-05
2024-01-13 14:15:00+00:00,17468.0,17374518.4256852,218.50018,9331042.2374367,0.07410657479201022,36273.0,85552812.1995,1030.061,43984791.7103,0.0282488811175996,0.00017112991498163075,5.274427385160152e-05
2024-01-13 14:30:00+00:00,15987.0,13031785.811323,145.73508,6223061.7524602,-0.044941062942711385,25782.0,57730325.474,649.408,27735449.6474,-0.039137596413129194,0.0001079971921780569,-6.313272280422666e-05
2024-01-13 14:45:00+00:00,32831.0,26413181.7314569,352.95921,15109273.1818346,0.1440706640684748,70432.0,277182470.22589,3776.637,161753604.65739,0.16712723229263982,0.0002753806350199937,0.0001673834428412846
2024-01-13 15:00:00+00:00,23411.0,21420204.7985104,284.46153,12204401.3114223,0.13952237396637934,57715.0,139517560.322,1687.499,72424945.5051,0.038219781623856086,0.0001978481223481446,-7.753251266962025e-05
2024-01-13 15:15:00+00:00,20661.0,16047364.5940291,209.63489,9009017.1932807,0.12280332891953782,53416.0,118880427.31988,1578.432,67862057.67428,0.1416859646992814,0.00016987153796694574,-2.797658438247197e-05
2024-01-13 15:30:00+00:00,18073.0,16768355.12909,227.53235,9795292.8231648,0.16830693860625323,42878.0,103425981.53266,1205.001,51879863.27576,0.003226897283586494,-3.434086651635102e-05,-0.00020421240448342814
2024-01-13 15:45:00+00:00,29669.0,29932975.2354991,383.93494,16568813.3859765,0.10706090895546327,75793.0,259011654.21384,2633.313,113692705.97112,-0.12210354923060485,9.07530636455229e-05,0.00012509393016202353
2024-01-13 16:00:00+00:00,18445.0,15468061.5186347,161.0288,6937523.5940024,-0.10298732835467217,51526.0,133073805.52718,1513.203,65202162.11612,-0.02006015597408284,0.0001209534749992836,3.0200411353931145e-05
2024-01-13 16:15:00+00:00,19483.0,18593842.7436808,158.34539,6818482.1944608,-0.26658708600963177,50649.0,140170144.95576,1346.787,58004220.5315,-0.1723741093396589,4.641868258998227e-06,-0.00011631160674063779
2024-01-13 16:30:00+00:00,12602.0,10972689.5105265,110.69302,4766072.4506305,-0.13128455041797493,31449.0,74099207.5291,782.376,33686121.503,-0.09078321816678281,9.051254475249296e-05,8.587067649301616e-05
2024-01-13 16:45:00+00:00,25912.0,28461241.9446978,280.2825,12026496.2045729,-0.15488605676862388,73868.0,340261285.19756,3642.806,156252985.97274,-0.08157058842578857,9.204900509112193e-05,1.5364603402900912e-06
2024-01-13 17:00:00+00:00,14022.0,12523736.7768538,136.83432,5866851.410424,-0.06308292565410112,32262.0,72029794.6556,783.416,33597538.2201,-0.067121088412323,8.601949011116827e-05,-6.0295149815203786e-06
2024-01-13 17:15:00+00:00,13591.0,12493955.9355496,147.09245,6308809.5901187,0.009897845432280894,39904.0,107990096.95361,1344.232,57679324.57232,0.06823359177272859,9.612489820318964e-05,1.0105408094318591e-05
2024-01-13 17:30:00+00:00,13094.0,11812225.6155269,130.29573,5594985.3614025,-0.05267888651770747,28809.0,61621967.6293,615.554,26434441.7828,-0.14204486485008117,3.0257432566116158e-05,-6.58674656381919e-05
2024-01-13 17:45:00+00:00,10818.0,9529247.5235189,99.07206,4251105.2884271,-0.10777733961993285,22951.0,47617326.0547,499.29,21423225.6455,-0.10019199226389774,0.00015579244745996193,0.00012553501489342977
2024-01-13 18:00:00+00:00,10483.0,9134883.2849391,121.48319,5208922.8396235,0.14044650098848566,20016.0,48102539.5574,643.804,27610060.6434,0.1479668598558439,2.028030410724289e-05,-0.00013551214335372208
2024-01-13 18:15:00+00:00,11794.0,9379409.6046338,108.63931,4651474.7339317,-0.008151913605801697,31475.0,84117496.76539,900.015,38532604.4417,-0.08383853720301926,6.091598741969158e-05,4.0635683314249604e-05
2024-01-13 18:30:00+00:00,10645.0,8843376.2592533,95.19415,4074334.208572,-0.07855685676411095,24558.0,53714589.4337,587.664,25155367.7365,-0.0633692632967322,0.00010035649904274357,3.944051162108053e-05
2024-01-13 18:45:00+00:00,10439.0,7670158.7555285,93.07615,3988078.4030998,0.0398946176245103,18346.0,46805334.7849,607.286,26020882.1098,0.11187676487658282,0.00015201633586079928,5.165983681898467e-05
2024-01-13 19:00:00+00:00,7317.0,5742360.6617517,67.06751,2870835.6228488,-0.00012005795085145987,13061.0,29221208.5263,302.422,12945991.894,-0.11393179495993788,4.415170386001643e-05,-0.00010786463199963237
2024-01-13 19:15:00+00:00,10036.0,7206152.311133,98.72848,4232806.3625436,0.1747757138033874,22729.0,51684773.08792,700.022,30020524.71152,0.16167772122952528,0.00013497823409042587,9.082653022929321e-05
2024-01-13 19:30:00+00:00,10866.0,8180373.9971755,108.7347,4666607.340368,0.14092762555337313,22458.0,54859076.8561,722.144,30999031.5424,0.13013318192404433,9.267428418650686e-05,-4.2303949904010096e-05
2024-01-13 19:45:00+00:00,10839.0,8725718.3282446,120.15924,5161678.4103048,0.1830953547049008,21870.0,55832977.5527,678.885,29167124.5707,0.04479917959487456,0.00010563856310675752,1.2964278919724848e-05
2024-01-13 20:00:00+00:00,11770.0,10206978.6963624,90.07319,3864390.9912359,-0.2427943456738857,24292.0,71148264.60099,610.244,26167248.6492,-0.26443044546624417,0.00011334774926293109,7.709186157001113e-06
2024-01-13 20:15:00+00:00,21102.0,17522429.8916428,226.34201,9680910.0786059,0.10497346982944888,34023.0,90098091.2432,1167.914,49949787.3795,0.1087868053646448,0.00010974551893209421,-3.602230330912448e-06
2024-01-13 20:30:00+00:00,14052.0,5899230.8371249,60.91773,2607660.3824341,-0.11593207506862313,16287.0,38927709.8521,497.929,21315587.327,0.09513698123960435,8.970499676865483e-05,-2.0040522162645402e-05
2024-01-13 20:45:00+00:00,7553.0,5331924.6206519,83.68311,3586219.2143193,0.34518751462800545,12830.0,29428792.57402,416.546,17853615.54302,0.21334339478007203,5.1730658512463445e-05,-3.797433825702967e-05
2024-01-13 21:00:00+00:00,10827.0,8577472.4787415,106.70938,4573603.9611962,0.06642229923359566,18720.0,45439009.8004,560.611,24030866.2987,0.05771962920232743,1.166309970206865e-05,-4.0067558810363835e-05
2024-01-13 21:15:00+00:00,7440.0,4469251.461562,62.15189,2665808.3065785,0.19295516464262774,13808.0,31617332.5075,407.157,17468436.2784,0.10499114839977608,4.913587806164546e-05,3.7472778359415315e-05
2024-01-13 21:30:00+00:00,7222.0,6235649.6113704,64.61073,2772448.869059,-0.11077464519379787,14607.0,34014147.1784,422.276,18123775.375,0.06566101921903478,0.0001569678022146184,0.00010783192415431131
2024-01-13 21:45:00+00:00,6455.0,6063260.1896906,84.01721,3604710.9012825,0.18903388227066786,11714.0,26554253.8813,329.072,14120230.9015,0.06350048204093817,2.0970002412384644e-05,-0.0001359977998038886
2024-01-13 22:00:00+00:00,10254.0,10715650.8403673,94.78815,4067709.5204902,-0.24079095500824088,21670.0,53225277.0348,534.971,22962375.9339,-0.13716274623101987,0.00013871297654214184,0.00011774297412969759
2024-01-13 22:15:00+00:00,11386.0,11667522.2876824,157.20358,6759004.4059924,0.15860149898800624,28302.0,81883939.83436,982.283,42250743.77546,0.031966558055888994,7.70275376155666e-05,-6.168543892748346e-05
2024-01-13 22:30:00+00:00,8216.0,6238984.3028849,63.56621,2730651.5338913,-0.12464869237492726,16275.0,35016975.34652,289.683,12444619.5862,-0.28922361437269295,-2.3072892044663822e-05,-0.00010010042965724608
2024-01-13 22:45:00+00:00,6295.0,3696201.0442875,54.04109,2319605.0083362,0.25512924245349855,11950.0,26061445.6228,293.872,12615074.3451,-0.031897575623078045,4.958292728145414e-05,7.265581932536236e-05
2024-01-13 23:00:00+00:00,5977.0,4780289.4401463,65.79747,2825819.5735653,0.18227969621806683,11726.0,23969801.6447,263.418,11314901.1399,-0.055903648464120104,7.559497611011443e-05,2.6012048827794843e-05
2024-01-13 23:15:00+00:00,9652.0,7292131.406229,84.63315,3635000.0383087,-0.003034960339948767,18930.0,38879898.3229,394.333,16937020.2222,-0.12875182535010854,8.312878108303834e-05,7.533804973647307e-06
2024-01-13 23:30:00+00:00,9827.0,6463488.1512298,72.65896,3116734.8709029,-0.03558734912823103,20148.0,48693125.4594,482.907,20712485.5236,-0.1492644874122967,3.476211457113966e-05,-4.8366666511867606e-05
2024-01-13 23:45:00+00:00,9649.0,7433973.6822664,77.57953,3322515.5384197,-0.10612663417265078,20035.0,58667256.8792,614.482,26316670.9459,-0.10284978893463947,8.315052679237496e-05,4.838841222110091e-05
2024-01-14 00:00:00+00:00,6955.0,4585097.7035854,56.55811,2422261.0595916,0.05657991004094387,12098.0,24809324.3057,239.716,10267580.5125,-0.17228051953506862,-3.710861353184935e-05,-0.00012025914032420815
2024-01-14 00:15:00+00:00,10996.0,10713810.8557371,124.40306,5329022.7873551,-0.0052049902483614074,21772.0,66438863.65259,671.115,28754006.8531,-0.1344220755052279,0.00012188433192014664,0.00015899294545107523
2024-01-14 00:30:00+00:00,11165.0,8013991.1963885,84.91947,3633292.3816077,-0.09326269705785528,24060.0,61466616.3426,584.568,25005424.8317,-0.18637379704372103,7.838012845480206e-05,-4.350420346455053e-05
2024-01-14 00:45:00+00:00,10539.0,8286466.0196974,99.5357,4254137.3057827,0.02676757393812368,23988.0,66349548.0838,605.447,25875975.5191,-0.2200104969390767,4.5841390667441e-05,-3.2538737787746186e-05
2024-01-14 01:00:00+00:00,11375.0,12647236.2413214,118.10615,5043644.6906168,-0.20241156338361654,28980.0,92397823.11696,890.637,38036726.9146,-0.17667482562977832,8.995232532810153e-05,4.4110934659613577e-05
2024-01-14 01:15:00+00:00,9329.0,9382588.8819691,125.02248,5343853.4718576,0.13909999448597787,20007.0,51861722.46979,623.511,26658056.12929,0.028043607491772038,0.0001230485058295383,3.309618050195695e-05
2024-01-14 01:30:00+00:00,8306.0,6061535.1406984,88.1587,3770072.0180649,0.243933073241416,17659.0,37791728.6934,458.477,19612261.2466,0.03791289388808039,5.468486910775281e-05,-6.836363672135803e-05
2024-01-14 01:45:00+00:00,6845.0,5289850.6818689,63.52029,2718934.6266564,0.027981616182709557,16105.0,30211627.3234,332.139,14219134.8439,-0.05869785220826118,4.672013006756836e-06,-5.001285610006789e-05
2024-01-14 02:00:00+00:00,6816.0,5604900.105798,69.41489,2970639.5197153,0.060015152327983934,14206.0,26808042.8272,261.097,11173963.6101,-0.1663722949022849,6.336136237936024e-05,5.868934937147685e-05
2024-01-14 02:15:00+00:00,6494.0,4611655.7206707,52.60942,2248745.1899562,-0.024755824734830068,13579.0,26600205.3321,250.518,10710303.5445,-0.1947202353678631,5.849150412574499e-05,-4.8698582535422474e-06
2024-01-14 02:30:00+00:00,8332.0,6438998.3599698,64.65742,2760092.6929759,-0.14269501600281653,23409.0,56665837.90028,507.772,21676451.2184,-0.234937591268093,3.491059315433238e-05,-2.3580910971432445e-05
2024-01-14 02:45:00+00:00,6573.0,5276439.8788727,83.41355,3563432.1616973,0.35069563702055095,15127.0,33290870.0439,525.333,22447230.4303,0.34855174410877754,0.0002854131128713628,0.0002505025197176991
2024-01-14 03:00:00+00:00,6380.0,5902555.5699269,80.12604,3429190.9228641,0.1619343120920651,15280.0,34786004.86949,437.411,18722251.23819,0.07642434412529231,8.975951468579811e-05,-0.00019565359818685124
2024-01-14 03:15:00+00:00,7585.0,5836433.546566,77.4401,3310902.1189785,0.13456345988092178,13732.0,33269646.5502,398.068,17028313.3797,0.023654600839012163,0.00023253680817731523,0.0001427772934938787
2024-01-14 03:30:00+00:00,7443.0,6282703.8388566,76.64609,3274582.1771633,0.04241175810676023,14735.0,33506111.9195,371.073,15858170.0986,-0.05341627600958332,0.00017481018104386657,-5.772662713532384e-05
2024-01-14 03:45:00+00:00,10564.0,12678144.3070376,139.62669,5960278.5272473,-0.059755373830416514,25300.0,78479870.41148,840.115,35868270.6745,-0.08592431444042725,0.000236210399716793,6.140021867295786e-05
2024-01-14 04:00:00+00:00,6747.0,5347939.5624702,73.11102,3121935.8187014,0.1675284592256634,15347.0,30368563.3965,344.85,14728050.0956,-0.03004630786733764,0.00021974155389475468,-1.64688458212936e-05
2024-01-14 04:15:00+00:00,8946.0,9775617.3820766,94.18976,4018256.6422006,-0.17790222649916854,20342.0,58499809.6852,588.483,25111621.4889,-0.14148023304585056,0.00025340553377797934,3.366397988280312e-05
2024-01-14 04:30:00+00:00,10596.0,9147585.5791708,96.03343,4091573.9343974,-0.10543084861343532,36570.0,91966687.95263,876.033,37327741.7202,-0.18823342340159743,7.020179261618802e-05,-0.00018320374116242988
2024-01-14 04:45:00+00:00,7065.0,5015341.7841308,61.15199,2604763.0441274,0.03871806000110012,17695.0,38022969.3055,449.337,19142996.5368,0.006917496789551114,0.00014302773294531932,7.282594032886891e-05
2024-01-14 05:00:00+00:00,7019.0,5527118.169726,51.5033,2193333.2026127,-0.20633750346559654,14373.0,29693643.3853,390.487,16634409.3246,0.12040204085127226,0.00018997721152492347,4.694947858041587e-05
2024-01-14 05:15:00+00:00,6659.0,5525602.5621213,84.22547,3591388.5313819,0.2999083777763243,19583.0,45503942.07518,682.171,29102877.26588,0.27913652921750187,0.0002036113251949418,1.3634113669169778e-05
2024-01-14 05:30:00+00:00,6889.0,5613021.5079172,73.47808,3138362.9541475,0.11824369449531602,16632.0,38996728.9488,462.177,19747830.0802,0.01279418107747099,6.574422760454007e-05,-0.0001378670975906715
2024-01-14 05:45:00+00:00,6966.0,5005508.0919336,75.96271,3246849.9919269,0.2973108552792929,18015.0,44012557.0831,610.576,26107897.481,0.18638403270710868,0.0001351385792073118,6.939435160369101e-05
2024-01-14 06:00:00+00:00,7046.0,6063838.0637747,93.84393,4014628.1561243,0.32412116349466613,15639.0,33933054.00939,422.083,18060117.32039,0.06445575546441429,0.0001756571270964169,4.05185478893344e-05
2024-01-14 06:15:00+00:00,8622.0,9717300.1379137,147.85194,6329890.4827693,0.3028084741505832,20828.0,46066023.0914,655.484,28069142.969,0.2186484130964712,4.2451266768606483e-05,-0.0001332058603278341
2024-01-14 06:30:00+00:00,6663.0,6469258.7889438,90.25346,3868789.3138752,0.19605334709661104,17617.0,36976293.2917,428.176,18356752.2621,-0.007106952701475544,1.981653386731139e-05,-2.263473290042839e-05
2024-01-14 06:45:00+00:00,6608.0,7854709.1049705,93.994,4028832.8707842,0.025838848248303403,12626.0,29161904.3894,243.925,10455033.2244,-0.28296636016677446,0.0001019700640577542,8.215353019025429e-05
2024-01-14 07:00:00+00:00,10949.0,13042471.8691254,202.04485,8675186.943233,0.33029797269783034,29554.0,86089630.729,1146.537,49244008.726,0.14401719020062553,-5.558424567156794e-05,-0.0001575543097285248
2024-01-14 07:15:00+00:00,14453.0,14386235.6521008,168.72188,7257058.8806061,0.008889198828932354,39277.0,113046770.70668,1238.313,53270200.02008,-0.05755467958834437,-3.9721664956409984e-05,1.58625807138435e-05
2024-01-14 07:30:00+00:00,9280.0,9906268.8084177,118.16038,5080318.127044,0.025677422104087633,23304.0,61786549.5603,525.886,22610198.1168,-0.26811908812827334,-1.3956831520307448e-05,2.5764833434749335e-05
2024-01-14 07:45:00+00:00,9075.0,9171205.9763093,85.90318,3688971.2496527,-0.1955319160463943,23963.0,64343910.87202,574.904,24687122.723,-0.23265084796904334,-2.0046839674661498e-05,-6.09000815288141e-06
2024-01-14 08:00:00+00:00,7415.0,7830082.3098292,103.96852,4467290.5158277,0.14105837948085287,17996.0,46700044.5095,638.957,27458257.7781,0.17594139648043705,3.161899483483926e-05,5.1665834510217223e-05
2024-01-14 08:15:00+00:00,10051.0,7702422.7186626,90.48635,3890782.1027545,0.010274882298350718,14614.0,40954545.90516,361.821,15558062.47236,-0.24022781215113964,0.0001280238358854088,9.640484105055691e-05
2024-01-14 08:30:00+00:00,7346.0,7066637.034666,50.78649,2180528.2053601,-0.38286678807378105,15659.0,48932270.56752,432.299,18560779.3913,-0.2413685620540088,0.00019955370905069518,7.15298731641667e-05
2024-01-14 08:45:00+00:00,6502.0,5085529.6658767,55.25605,2371813.8950073,-0.06723033751159102,10100.0,26350091.9445,273.1,11723545.2333,-0.11017044965210965,9.991812079326462e-05,-9.963558825631935e-05
2024-01-14 09:00:00+00:00,5886.0,4619549.0554328,60.80339,2612469.004278,0.13104936128153777,12116.0,31178037.3773,364.1,15647864.2487,0.003774808487005288,6.395702090385144e-05,-3.5961099889902925e-05
2024-01-14 09:15:00+00:00,7257.0,5529572.3237433,52.55146,2257215.2671468,-0.18358414177725935,11365.0,30763755.0048,252.914,10862985.9114,-0.2937802352342832,0.0002139959414209349,0.0001500389205162378
2024-01-14 09:30:00+00:00,7902.0,4555758.0741972,58.40109,2504430.2892315,0.09945710393009488,18285.0,48617152.7755,499.16,21409641.8776,-0.11925562665244693,9.769426389720621e-05,-0.00011630167752407772
2024-01-14 09:45:00+00:00,10087.0,10936332.8009023,108.51155,4653612.1575827,-0.14896295818672323,20959.0,50932119.7385,592.408,25415053.0752,-0.0020029323072310312,0.0001884500178011296,9.075575390582458e-05
2024-01-14 10:00:00+00:00,18167.0,12288731.516751,141.83513,6098369.8747474,-0.0074858635434262855,27328.0,84617723.53282,1285.592,55292076.05122,0.30686749164964966,0.0003109679150995808,0.00012251789729766926
2024-01-14 10:15:00+00:00,9233.0,9326861.6563587,118.60654,5099043.7401799,0.09341039420340613,23246.0,62677802.8214,673.696,28969681.6084,-0.07559996348471498,0.00017465829173010972,-0.00013630962336996788
2024-01-14 10:30:00+00:00,5938.0,5381445.2947374,61.62126,2648623.931877,-0.015645876966497774,12328.0,32776304.687,399.47,17174272.1306,0.04796878687863804,9.767873471931903e-05,-7.697955700969317e-05
2024-01-14 10:45:00+00:00,7111.0,6109559.980391,63.88899,2744231.0749797,-0.10165999391528213,12788.0,29824810.3478,320.804,13781781.3585,-0.07581767006832951,0.0002456429787072016,0.00014796424398788588
2024-01-14 11:00:00+00:00,8552.0,7919703.8604667,74.69416,3204559.4357981,-0.19073755982354146,19113.0,55009511.29192,590.229,25326521.9285,-0.0791948034550144,0.0001366223097030604,-0.00010902066900442264
2024-01-14 11:15:00+00:00,17609.0,13222319.6385921,126.9538,5434156.4063471,-0.1780328180107853,38052.0,99069653.32569,1014.726,43440613.2696,-0.12302886279838632,9.696414612261011e-05,-3.965816358153518e-05
2024-01-14 11:30:00+00:00,8916.0,7704220.7401386,80.14188,3434903.6703598,-0.1083060088182245,21549.0,57963230.74962,823.181,35294704.45752,0.2178308214040119,0.0002138130206299292,0.00011684887450691406
2024-01-14 11:45:00+00:00,9083.0,9435040.2090982,74.82121,3207942.4034283,-0.3199939094409191,19746.0,46399897.0605,491.861,21095628.1561,-0.09070366563124976,0.00024313173410468047,2.9318713476556013e-05
2024-01-14 12:00:00+00:00,8537.0,6932618.4823417,76.61278,3278899.5657195,-0.05406605770350903,20327.0,47146710.88359,599.078,25645590.9492,0.08790583557447129,0.00015898809828983918,-8.414363581543682e-05
2024-01-14 12:15:00+00:00,11612.0,10571202.5984028,107.28381,4591734.8265244,-0.131274841479594,22106.0,55457130.4386,558.678,23915053.8618,-0.1375300642979418,0.00011669564621782641,-4.229245207199028e-05
2024-01-14 12:30:00+00:00,13494.0,15057495.5626174,152.73486,6532754.3180219,-0.132292048056054,25811.0,77400141.6408,921.244,39410211.906,0.018349865272744292,4.6483375018980085e-05,-7.021227119885509e-05
2024-01-14 12:45:00+00:00,8160.0,8081706.7082068,97.11105,4156967.3116283,0.028735009006696233,14888.0,36514816.4524,482.136,20642605.2023,0.1306426929029918,0.0002107568383866465,0.00016427346336733706
2024-01-14 13:00:00+00:00,9307.0,8763514.7998889,95.58961,4088447.0406371,-0.06693897734070542,16080.0,40561667.3951,449.107,19210304.065,-0.05278528725765952,5.3789656729773966e-05,-0.00015696718165614243
2024-01-14 13:15:00+00:00,8953.0,8239130.1185078,114.91455,4916068.9010395,0.19334658643062097,17213.0,41869930.7508,599.128,25636748.4518,0.22458996191724845,0.00014953201181122687,9.574235508225115e-05
2024-01-14 13:30:00+00:00,7686.0,4409610.8114484,49.32159,2110648.1037095,-0.0427054930880727,11458.0,20099545.8509,271.399,11616885.449,0.155935117656385,0.0002394357736658859,8.99037618520282e-05
2024-01-14 13:45:00+00:00,8036.0,6078889.2341492,69.96688,2994538.7340386,-0.014774371207072923,13639.0,32561639.6055,402.686,17237989.9513,0.058791274649961034,0.00013814561621764307,-0.00010129015744730907
2024-01-14 14:00:00+00:00,11551.0,7931021.3828245,105.73557,4531788.4883576,0.14280072379370634,24360.0,56758732.19882,785.221,33666523.68642,0.18630287824222824,6.084909670702551e-05,-7.729651951038363e-05
2024-01-14 14:15:00+00:00,14468.0,11763321.2001231,174.53021,7496281.3532316,0.27451783823656073,28348.0,77042577.3416,972.804,41795818.9949,0.08500573156012226,7.212145255738527e-05,1.1272355850522331e-05
2024-01-14 14:30:00+00:00,14098.0,14675010.9657918,175.76174,7531962.396327,0.026501774190750504,33311.0,91239597.75999,940.428,40308243.3532,-0.11643092817588463,0.00016568442289292772,9.356297033669136e-05
2024-01-14 14:45:00+00:00,10453.0,6594654.3506952,76.28508,3269084.1213013,-0.008565438776430456,14351.0,33388729.1637,402.967,17272339.4539,0.034620956623792054,7.814336044924799e-05,-8.754106244523996e-05
2024-01-14 15:00:00+00:00,13169.0,16051747.5323138,207.99543,8906053.8776109,0.10966782397768315,23804.0,62914826.08022,678.359,29076593.28042,-0.0756839018089096,0.00025480268752680577,0.00017665932707799925
2024-01-14 15:15:00+00:00,11113.0,7137379.2001002,88.64747,3797344.9444418,0.06407263450104761,15053.0,33201268.3164,376.897,16150709.3033,-0.027102871529624983,0.00010952095568318276,-0.00014528173184302773
2024-01-14 15:30:00+00:00,10456.0,9095646.6043161,111.93061,4795490.7237074,0.05445845299922403,14374.0,33024427.1236,368.502,15793101.9026,-0.04355028818568707,0.0001306006699805138,2.1079714295879626e-05
2024-01-14 15:45:00+00:00,11718.0,8176488.7084295,101.79154,4366655.2673795,0.06810036021396915,16316.0,50225363.7764,701.194,30087011.0833,0.1980803650221583,8.161980334158391e-05,-4.8980866639070086e-05
2024-01-14 16:00:00+00:00,14134.0,13144962.6853424,188.3774,8088332.4315553,0.2306360428963996,16454.0,47814867.2448,528.493,22687075.8902,-0.051045116404990876,9.369233820297601e-05,1.2072534863349915e-05
2024-01-14 16:15:00+00:00,14378.0,11062293.3218373,141.81782,6086817.614113,0.10046216223492088,18951.0,47807628.2021,541.432,23243503.7097,-0.027623641505854724,0.00011668938939862543,2.299705119490625e-05
2024-01-14 16:30:00+00:00,11313.0,12242782.9396425,150.54814,6462901.1175691,0.0557895454704227,18483.0,44271298.8356,438.731,18836102.1639,-0.14906033211958658,0.0001058456896730847,-1.0843699726592604e-05
2024-01-14 16:45:00+00:00,13015.0,9832169.7375679,111.46766,4780648.7171706,-0.027549595913882508,19882.0,55826555.899,629.067,26985423.3051,-0.033240619252194126,0.00010471044249024185,-1.1352471833703248e-06
2024-01-14 17:00:00+00:00,10680.0,10086801.6830242,126.312,5422208.1803835,0.07510950463295463,17421.0,45925888.1097,476.157,20439591.8161,-0.10988801055834319,7.10434477568977e-05,-3.366699473161816e-05
2024-01-14 17:15:00+00:00,12568.0,9741135.9668601,108.19996,4645866.1092544,-0.04613463459294653,18289.0,54048975.2527,612.393,26298739.8214,-0.02685519203858522,0.00022494846190304212,0.00015390501414458413
2024-01-14 17:30:00+00:00,15628.0,14271946.7234414,172.9493,7431841.411134,0.04146148456781207,20276.0,73961731.9948,898.61,38619455.7303,0.04430912280462018,7.54149919773777e-05,-0.00014953346992463423
2024-01-14 17:45:00+00:00,14500.0,9543944.0124408,109.05116,4686574.0414506,-0.017895738838887065,16881.0,79669152.1409,970.506,41715142.1266,0.047209390475854374,0.00016421060209379559,8.87956101163212e-05
2024-01-14 18:00:00+00:00,11518.0,6893238.6892029,59.487,2554706.8942766,-0.25877892541915926,16330.0,43567324.9502,427.09,18342084.5578,-0.1579889479665747,0.00014961670345991848,-1.459389863356364e-05
2024-01-14 18:15:00+00:00,9033.0,6678577.6335032,73.51576,3160243.1955045,-0.053617890237260823,15674.0,37841805.8357,482.83,20760230.9591,0.09721143061913695,0.00021278562626178234,6.316892280189279e-05
2024-01-14 18:30:00+00:00,13429.0,8894004.7932447,100.18342,4301953.3468252,-0.03261726368920337,19549.0,50320615.9441,497.433,21349924.083,-0.15144424675893742,9.13935275367482e-05,-0.00012139209872508161
2024-01-14 18:45:00+00:00,11369.0,6811526.3265411,84.18416,3612028.6173957,0.06056365173879952,17476.0,43958319.1269,429.909,18448477.0754,-0.16063773857492314,7.931009551703463e-05,-1.2083432020304485e-05
2024-01-14 19:00:00+00:00,10768.0,7117394.0804613,77.42158,3320330.7788187,-0.06698133016585772,14645.0,33906435.5973,336.9,14448484.8987,-0.1477438047277051,1.3752815976653002e-05,-6.555727953916346e-05
2024-01-14 19:15:00+00:00,10620.0,6167471.5324503,56.44866,2420462.4405705,-0.21508760021503825,13775.0,33487555.7011,357.303,15318707.8571,-0.08511042168438643,0.0001338011784203877,0.00012004836244372541
2024-01-14 19:30:00+00:00,20385.0,15782658.1643655,175.30584,7503538.5789424,-0.04914134225068789,31643.0,122808010.41419,1424.289,60968214.7283,-0.0070971018474320635,0.00012841277731796664,-5.388401103090246e-06
2024-01-14 19:45:00+00:00,18483.0,17791662.0423325,187.19565,7994250.9012936,-0.10134861124581618,34605.0,119428329.63996,1395.389,59599947.2724,-0.0019127379228083274,0.0001784762553542324,5.0063478035156095e-05
2024-01-14 20:00:00+00:00,28114.0,19613733.4510154,220.67933,9425556.0633117,-0.03888200715568102,36501.0,102957246.88017,1134.498,48470780.44239,-0.05842897103097111,0.0001359495020013174,-4.252675335258971e-05
2024-01-14 20:15:00+00:00,80778.0,73004567.7839238,719.91002,30592804.8462058,-0.1618934054440746,136753.0,638530505.3722,6366.992,270482769.26145,-0.15279609357493318,6.328023654853151e-05,-7.266926545135277e-05
2024-01-14 20:30:00+00:00,25909.0,27788781.9528903,292.62425,12469600.6099113,-0.10254428344137323,54781.0,150284177.02109,1705.798,72717627.8631,-0.03226501545940874,0.00016880644505572957,0.00010552620850745598
2024-01-14 20:45:00+00:00,13897.0,9583624.9462166,128.0699,5461564.8887532,0.1397701640879223,30891.0,68957792.69318,840.334,35853219.90658,0.03985984777978335,0.0001293781133414432,-3.942833171599602e-05
2024-01-14 21:00:00+00:00,17811.0,12319395.2947452,117.45184,5008149.0883997,-0.18694887718459519,30979.0,76558292.87269,730.848,31156023.3123,-0.1860836457231395,0.0001594869698056581,3.0108856465815848e-05
2024-01-14 21:15:00+00:00,21201.0,15529176.5271165,169.8669,7226647.7675065,-0.06928126486454933,26621.0,82409254.4492,1042.848,44377845.5076,0.07701121201032302,0.00019265740404391917,3.317043423756161e-05
2024-01-14 21:30:00+00:00,20598.0,33923562.4790633,344.95995,14606121.6336332,-0.13888043788751847,61931.0,249873982.5594,2719.823,115166599.6171,-0.07820255284303068,0.00011808832760291292,-7.456907644076693e-05
2024-01-14 21:45:00+00:00,44005.0,64346760.3273697,625.44884,26373244.9364625,-0.18027745912035542,103582.0,389610548.97033,4463.961,188246017.53892,-0.0336708385518818,0.0001489022010732822,3.081387347059206e-05
2024-01-14 22:00:00+00:00,22465.0,23309084.5220765,317.16993,13458896.3419209,0.1548198153534266,55824.0,170518593.93851,2304.144,97781502.30921,0.14687202199744376,7.307941256334655e-05,-7.582278851003821e-05
2024-01-14 22:15:00+00:00,21014.0,16279206.463655,204.35349,8699258.6578072,0.06875708926343393,42766.0,125442218.74553,1502.359,63981000.92913,0.020087201405785127,0.00014099400798814722,6.79145954247673e-05
2024-01-14 22:30:00+00:00,12045.0,12109420.7077064,122.69818,5210282.700953,-0.13946623431173844,35308.0,102417055.74816,894.059,37954610.2681,-0.25882246876088544,0.0002714665625508183,0.00013047255456122286
2024-01-14 22:45:00+00:00,19562.0,27807258.8066932,354.11068,14944544.6227252,0.07486643876799914,61003.0,229241574.06489,2505.791,105801258.99495,-0.07694527551096397,3.238111198209714e-05,-0.00023908545056805508
2024-01-14 23:00:00+00:00,10586.0,11956220.4689688,178.14514,7535223.9558415,0.26046922192484434,37643.0,107418406.69959,1537.313,65072880.12589,0.21157783149539822,0.00021076064445877028,0.00017837953247656912
2024-01-14 23:15:00+00:00,27718.0,39452970.1203099,401.18049,16890152.3589059,-0.14378297464549772,87276.0,303747450.26304,3087.208,129976946.91937,-0.14417752770064596,0.0001741213773117815,-3.6639267145588406e-05
2024-01-14 23:30:00+00:00,24160.0,33018134.3653747,372.25383,15629602.256778,-0.053271630442671136,83977.0,291732269.77158,3324.256,139621021.86291,-0.042814002220390446,0.00021195893309633573,3.7837555783681864e-05
2024-01-14 23:45:00+00:00,36137.0,64399925.3456163,708.60768,29671076.3736301,-0.07853693263171446,93670.0,343432928.80882,3678.563,154153797.8783,-0.10227712634909658,6.465412609503991e-05,-0.00014730480700109183
2024-01-15 00:00:00+00:00,15715.0,36838849.8362108,402.74239,16850575.5748672,-0.08517363328190009,60691.0,181848764.11981,2019.732,84529918.52094,-0.07032726969485514,6.110180941127598e-05,-3.552316684363177e-06
2024-01-15 00:15:00+00:00,17599.0,28383855.9207857,410.79787,17202534.5998592,0.21213514103710351,68757.0,209545171.16523,2703.527,113264415.77483,0.08105011578166166,3.805346988641326e-05,-2.304833952493368e-05
2024-01-15 00:30:00+00:00,20876.0,28047670.6241828,369.30493,15550888.3990967,0.10888983313207246,56761.0,187828973.25817,2302.791,97001887.47487,0.032874596418534185,9.722078967527624e-05,5.9167319788500095e-05
2024-01-15 00:45:00+00:00,19373.0,33573533.0851117,405.38537,17121179.3938751,0.019921218923935502,55886.0,188742897.56065,2463.026,104058216.17365,0.10264510631677992,0.0003168383058043641,0.00021961751613019942
2024-01-15 01:00:00+00:00,8877.0,12451108.5955187,163.44988,6905093.2537996,0.10915316509002637,34358.0,79547369.6769,802.261,33905745.2433,-0.1475332149632098,0.0001761917633135065,-0.00014064654249068553
2024-01-15 01:15:00+00:00,8801.0,11015039.309996,146.89386,6205718.0756327,0.12677184365580874,28817.0,67606904.77565,671.782,28393699.44815,-0.16003551582865627,7.10908897324176e-05,-0.00010510087358106546
2024-01-15 01:30:00+00:00,10424.0,11554303.6391181,151.19314,6384691.5613052,0.10516250234056024,24300.0,57353123.5658,697.962,29481437.078,0.028067356930493448,0.0001325901970433742,6.14993073106973e-05
2024-01-15 01:45:00+00:00,17386.0,26379726.8867912,377.66516,15969275.3709645,0.21072332852396602,36788.0,103925030.88695,1443.192,61099816.08525,0.17584407844371164,0.00014774894130304423,1.5158744259835544e-05
2024-01-15 02:00:00+00:00,11000.0,10436615.6162971,146.22702,6189852.4960795,0.1861800268688354,24884.0,62870010.6656,579.072,24518002.5153,-0.22004140747775358,0.00013529482465900896,-1.2454116644633473e-05
2024-01-15 02:15:00+00:00,11691.0,12776552.0382124,162.05563,6848516.5933106,0.07204456614396482,28941.0,79798403.59115,943.549,39890489.67895,-0.00021835315577589665,0.00028391919217518943,0.00014862436751528207
2024-01-15 02:30:00+00:00,8688.0,7588069.8022814,107.26298,4537793.6947136,0.19603372476865832,15065.0,35226061.9071,401.758,16999841.8321,-0.034814514495950966,0.00010164703666274345,-0.00018227215551114284
2024-01-15 02:45:00+00:00,7942.0,8368576.0059116,113.64133,4807182.9200572,0.1488652111569242,17255.0,36315208.3606,426.31,18038687.5297,-0.006549137728699916,0.00019610553375803218,9.445849709521781e-05
2024-01-15 03:00:00+00:00,8456.0,7226420.7386752,99.5032,4215293.3529097,0.1666338026375358,21780.0,46312859.5931,581.698,24650181.1274,0.06450697901075197,0.00020705540173738865,1.0949867979448413e-05
2024-01-15 03:15:00+00:00,11619.0,9581589.4814541,127.5327,5411777.0991034,0.12961990483485186,31578.0,80910576.24471,1142.829,48515148.71891,0.19922885166899218,0.0001152256840030267,-9.182971773569193e-05
2024-01-15 03:30:00+00:00,19034.0,18974734.0905371,282.55565,12014650.4885878,0.26638406960123184,42956.0,163517320.02811,2457.006,104580182.21031,0.279132781681253,0.00020060004114460869,8.537435714117692e-05
2024-01-15 03:45:00+00:00,10095.0,11924737.5867755,145.08008,6178357.0992484,0.036225250960688626,31539.0,78074317.4613,777.336,33110115.772,-0.15183079792117116,0.00016071285112412835,-3.988719001846164e-05
2024-01-15 04:00:00+00:00,8070.0,8003934.6070289,97.58844,4151554.3923419,0.03737838854807385,21971.0,61111975.2353,691.134,29406087.2594,-0.03763257050103608,0.00013648463294673837,-2.422821817837928e-05
2024-01-15 04:15:00+00:00,8029.0,9425030.3356805,136.90552,5832414.4319558,0.23764364128907434,18120.0,51623447.2217,749.482,31930119.733,0.2370394249680452,9.150353326948773e-06,-0.0001273342796199728
2024-01-15 04:30:00+00:00,13156.0,24026668.998105,229.3271,9756518.2288271,-0.187859271745359,30733.0,88646589.4412,806.171,34308794.7048,-0.22594213897969984,9.019360627384788e-05,8.104325294766568e-05
2024-01-15 04:45:00+00:00,7855.0,7184592.6563912,93.10265,3964810.3892124,0.10369803239587227,18190.0,40610116.9965,441.401,18798189.6197,-0.07421150146796529,0.00011307671044406858,2.2883104168869295e-05
2024-01-15 05:00:00+00:00,7511.0,5790244.3702005,66.35193,2824213.94734,-0.02449231266479157,18821.0,42695080.1983,404.538,17219672.1213,-0.19336504153068013,0.00014626169341940576,3.3184982976663946e-05
2024-01-15 05:15:00+00:00,25650.0,24749134.0773728,340.60196,14544943.0434831,0.17539005591157175,54039.0,209509445.14179,2736.869,116913061.36649,0.11606482741020674,-7.011049416747711e-05,-0.00021637218758741028
2024-01-15 05:30:00+00:00,12090.0,12091482.7845877,153.70979,6566001.2228381,0.08605393396538497,25773.0,75082130.81108,800.987,34220585.4561,-0.08844927317779283,-5.881146253500769e-05,1.129903163388235e-05
2024-01-15 05:45:00+00:00,7993.0,7942279.1006744,96.24782,4107484.15515,0.034333873963513284,18949.0,49334153.6181,543.84,23210103.4864,-0.05906550394797727,-4.17420113941314e-05,1.706945113966185e-05
2024-01-15 06:00:00+00:00,7654.0,7047086.4998509,100.86255,4306850.2233105,0.22230661519526507,18909.0,48232370.6808,632.921,27026491.6425,0.12067855098229763,0.00015090163756916041,0.00019264364896365294
2024-01-15 06:15:00+00:00,12553.0,12783206.3166663,128.93512,5509538.2175994,-0.13800370875399914,24220.0,60061434.8476,612.058,26156564.046,-0.12900635449786646,2.6205548839192597e-05,-0.0001246960887293369
2024-01-15 06:30:00+00:00,10975.0,12292889.0175842,161.36143,6892277.022457,0.12134373174573265,21234.0,64029581.33627,684.069,29225271.61479,-0.08713219718539233,-3.0456402070340926e-06,-2.9251189047840853e-05
2024-01-15 06:45:00+00:00,10274.0,9670825.0158206,131.21876,5600948.7973967,0.1583187139120088,18096.0,47289387.6538,469.575,20038137.2503,-0.1525313291431546,1.3133325297362021e-05,1.617896550420994e-05
2024-01-15 07:00:00+00:00,8999.0,7358702.9703674,80.9823,3454857.5535684,-0.061014538165029775,13128.0,36048322.8162,383.75,16368401.2772,-0.0918633657017689,4.6891008892020796e-05,3.375768359603626e-05
2024-01-15 07:15:00+00:00,6341.0,5585855.6991883,65.67346,2800937.8084426,0.0028679433482730055,11695.0,27453415.8791,321.747,13725047.7136,-0.00012094858849698298,0.00015015509222067225,0.00010326408332872461
2024-01-15 07:30:00+00:00,10797.0,12290599.0193904,99.51326,4242368.6871797,-0.3096563185428669,20539.0,66765922.4197,612.225,26096951.3627,-0.21825534892932696,0.0001762755837414484,2.6120491519066036e-05
2024-01-15 07:45:00+00:00,14899.0,17242427.2928389,148.33101,6314117.8257281,-0.26760684925718436,29505.0,105886072.52849,1182.493,50343543.1984,-0.04909981083953374,4.011716558910361e-05,-0.00013615841815095564
2024-01-15 08:00:00+00:00,11573.0,11485386.8114147,133.95616,5720714.4213899,-0.0038272954456538555,26838.0,87268779.42528,1132.673,48376638.13508,0.10868144263436941,-3.9331422018568644e-05,-7.944858760744467e-05
2024-01-15 08:15:00+00:00,12735.0,15755914.3745134,199.50693,8515651.5311912,0.08094666279299245,25660.0,76890864.2858,773.494,33016864.6073,-0.14120188623247232,9.278824463960715e-05,0.00013211966665771513
2024-01-15 08:30:00+00:00,8526.0,8545717.3957791,94.00007,4015113.2426714,-0.06032154897737563,21139.0,49806689.864,552.903,23616109.0613,-0.05168927604765028,0.00019007332176608008,9.728507712480905e-05
2024-01-15 08:45:00+00:00,10544.0,13052943.3262518,152.9271,6533006.5267907,0.0010012858405135105,23951.0,57619595.8375,677.77,28959885.9538,0.005209617765222774,0.00017397011434010657,-1.61032074252887e-05
2024-01-15 09:00:00+00:00,10214.0,8875843.5707385,109.79492,4687053.1079774,0.056136934055366794,18347.0,43193774.6632,520.102,22206755.2362,0.02823869455056416,7.16930357551517e-05,-0.00010227707858412316
2024-01-15 09:15:00+00:00,10879.0,11265161.9193053,114.21039,4868298.3755055,-0.1356895869978374,22715.0,62509103.8974,677.276,28876448.8351,-0.07608821644614605,0.00011739345766397436,4.57004219089896e-05
2024-01-15 09:30:00+00:00,8968.0,8579077.6338451,84.54639,3606908.8531329,-0.15913831134867562,18817.0,46828162.0265,511.072,21807018.3651,-0.06863658869381062,0.00023845937554646199,0.00012106591788274557
2024-01-15 09:45:00+00:00,10052.0,9398221.3065397,92.3483,3938942.8768913,-0.16176843502282523,20121.0,47732235.6485,511.154,21805924.5457,-0.08632293252389256,0.00015913003945865968,-7.932933608856274e-05
2024-01-15 10:00:00+00:00,12937.0,11977987.111725,168.10996,7182462.7415214,0.19927708629618368,22581.0,56033661.5036,775.166,33128990.8308,0.1824674647995852,0.0002086289112040002,4.949887174454659e-05
2024-01-15 10:15:00+00:00,9457.0,8286396.6072157,79.81101,3408688.9812207,-0.1772807547607721,17585.0,40513982.8939,360.77,15411445.0124,-0.23920365703069746,8.598640646903166e-05,-0.0001226425047331503
2024-01-15 10:30:00+00:00,8725.0,6551464.3651973,64.76649,2762445.9300044,-0.15669359519710735,18254.0,41059913.1593,511.521,21818051.5368,0.06274221536478097,0.00010792472495525726,2.193831848629202e-05
2024-01-15 10:45:00+00:00,15070.0,10347670.5015019,121.08231,5164132.5602378,-0.0018753381278890924,25826.0,71676258.1016,828.356,35325751.1093,-0.01429700587253624,0.00017122788353234706,6.33031585763888e-05
2024-01-15 11:00:00+00:00,14529.0,13891014.3819226,151.56242,6459548.739753,-0.06996730949191343,28011.0,84199062.47529,874.9,37278179.1509,-0.11452270239136997,6.671885148308331e-05,-0.00010450903204883844
2024-01-15 11:15:00+00:00,14090.0,11280628.722764,134.28665,5716977.7182163,0.013592036174294941,27321.0,83038273.6035,1063.424,45276520.2862,0.09049763010226242,6.780940772482028e-05,1.0905562426444249e-06
2024-01-15 11:30:00+00:00,8607.0,6725600.7469878,58.82329,2505651.5037805,-0.25489139244469483,15801.0,32314839.1133,355.641,15150804.1663,-0.06230050453419711,0.0001809271146744866,0.00011311770694710788
2024-01-15 11:45:00+00:00,10017.0,7014920.7087042,80.97652,3449194.692104,-0.01661192326117189,17774.0,40819251.3795,562.179,23947863.8269,0.17336124586189516,3.496605652817804e-05,-0.00014596105814490556
2024-01-15 12:00:00+00:00,11642.0,11094717.8324891,143.93323,6141332.8823861,0.10707328930929494,25289.0,70027331.12858,949.581,40515378.92258,0.1571304594826861,4.473178436421875e-05,9.765727835286953e-06
2024-01-15 12:15:00+00:00,12077.0,13393694.440542,171.93521,7337492.0867441,0.09566365267134991,23480.0,51817469.5241,540.49,23070215.4866,-0.1095583903081111,0.00019628230142420465,0.00015155051706017275
2024-01-15 12:30:00+00:00,24686.0,12218174.0072533,136.9622,5842596.1036935,-0.043622050197508755,26017.0,53303070.8699,601.872,25675047.8958,-0.03663907250422305,0.0001174333569979606,-7.884894442611312e-05
2024-01-15 12:45:00+00:00,17600.0,14943802.4800721,167.99826,7166197.9330111,-0.04091372425895112,25379.0,53948006.7544,639.08,27258254.8523,0.010537978776271162,5.915140272712067e-05,-5.828195427071137e-05
2024-01-15 13:00:00+00:00,16801.0,11465592.4793082,130.50226,5566302.4062558,-0.029042342765760898,26967.0,71279912.4677,894.55,38158951.6149,0.0706789695397414,0.0001502332191908606,9.10818164641114e-05
2024-01-15 13:15:00+00:00,16593.0,15612602.3634797,158.51699,6763925.5670175,-0.1335300279165026,21936.0,51768631.1027,638.152,27231330.9234,0.05203982965582976,0.00015276748162977382,2.534262439013446e-06
2024-01-15 13:30:00+00:00,12060.0,11796891.4689181,127.52828,5446176.6177738,-0.07667598161377809,24445.0,66997954.3022,789.046,33705357.1099,0.006160783891075328,0.00011535608247617556,-3.7411399155473646e-05
2024-01-15 13:45:00+00:00,9983.0,11025478.605764,147.66144,6311296.5179741,0.1448566984973556,24764.0,57306796.2585,685.875,29320406.9123,0.023278522848886984,0.0002703485220498116,0.00015499243957428632
2024-01-15 14:00:00+00:00,32799.0,30473314.4780776,404.32156,17331107.5298296,0.1374612723730817,84356.0,288085424.78255,3632.828,155772986.58815,0.08143608241013345,9.940573579284137e-05,-0.00017094278625684467
2024-01-15 14:15:00+00:00,27282.0,28181298.6756589,306.35569,13078068.0857841,-0.07186192969310878,70804.0,269477226.61534,2518.794,107465494.9826,-0.20241501419339214,-1.0791477454224701e-05,-0.0001101972132460105
2024-01-15 14:30:00+00:00,33103.0,35357855.8235624,380.5638,16187024.8253487,-0.08438877594145844,82427.0,300637248.28177,3016.487,128235450.47841,-0.1469090991797377,1.7200334535296567e-05,2.7991811988314907e-05
2024-01-15 14:45:00+00:00,34488.0,39804374.1310718,469.7338,19908594.044289,0.000321923351036979,81593.0,288534926.48354,3254.531,137952295.5353,-0.04377402613565584,3.91513404550385e-05,2.1951005919618183e-05
2024-01-15 15:00:00+00:00,46552.0,50644229.2621385,593.21357,25070351.2952138,-0.009942429355664695,86461.0,303988778.2551,3407.07,143989901.664,-0.052663045718304935,0.00012084864196236272,8.169730150697774e-05
2024-01-15 15:15:00+00:00,31749.0,32294709.6193978,443.04362,18738164.8057262,0.1604479511697563,58931.0,173235054.96715,2343.449,99150784.84695,0.14469654961868583,-5.5193404543824944e-05,-0.00017604204650467636
2024-01-15 15:30:00+00:00,23696.0,24263293.5753895,315.54975,13369965.6594684,0.10207343598477392,44891.0,143544905.7337,1937.321,82091286.72555,0.14377150907526004,-2.6633565624456903e-05,2.8559838918695846e-05
2024-01-15 15:45:00+00:00,16243.0,13517650.1004664,148.61513,6302830.7680738,-0.06746650176182134,36684.0,104949361.60401,1072.156,45481249.06811,-0.13327249688820964,0.00016684025249742355,0.00019347381812195863
2024-01-15 16:00:00+00:00,20295.0,20351841.044141,214.58035,9065595.1220076,-0.10911301809548546,51248.0,151166086.17799,1629.946,68853762.1936,-0.08903162164920542,-6.859222384199768e-06,-0.00017369947488177218
2024-01-15 16:15:00+00:00,18175.0,14710661.9184811,189.32316,8012618.3946523,0.08936204761608924,31276.0,88006399.69235,1158.054,49022367.63485,0.11406370005410627,0.00010627607463969324,0.00011313529702405845
2024-01-15 16:30:00+00:00,16370.0,12343053.6075739,170.05982,7210379.5567094,0.1683299426464442,33510.0,79668443.12715,941.313,39920679.25365,0.002170437545440995,2.356823280805016e-07,-0.0001060403923123232
2024-01-15 16:45:00+00:00,10830.0,9471969.9022305,118.49336,5029471.8126808,0.0619695511271503,30270.0,79608998.4788,1083.982,46022658.1553,0.1562174888447041,7.532353817054117e-05,7.508785584242617e-05
2024-01-15 17:00:00+00:00,12499.0,11024567.0752526,150.06632,6378147.871162,0.15707906308254937,38401.0,88517158.7429,1165.129,49534332.7172,0.11920295275345527,5.620381338465287e-05,-1.9119724784744108e-05
2024-01-15 17:15:00+00:00,21310.0,18701599.0977099,211.88147,9035121.638783,-0.03375945644248213,61208.0,199697660.18849,2612.88,111425639.71049,0.1159433676420436,0.00013586288176699798,7.965906838158787e-05
2024-01-15 17:30:00+00:00,11910.0,10720190.8628886,108.59352,4632282.4105506,-0.13578359381888616,27530.0,67796693.6414,700.864,29904187.3287,-0.11782755994345329,0.0001545837601127051,1.8720878347977532e-05
2024-01-15 17:45:00+00:00,12349.0,12586756.6772925,143.29008,6114292.5046308,-0.02845623199160341,26993.0,71209712.4206,615.905,26281038.2413,-0.2618692774358893,0.00014263173401982018,-1.1952026094164125e-05
2024-01-15 18:00:00+00:00,14789.0,12626901.1083966,157.3885,6723937.2523841,0.06501780518623623,31828.0,86908442.8165,1128.79,48238396.2864,0.11009689560889702,0.00018313607225255187,4.0504338233660064e-05
2024-01-15 18:15:00+00:00,20758.0,11888114.2250595,155.50938,6648279.6512364,0.11847506263393526,31523.0,84484224.89699,1104.09,47215953.91609,0.11774604013138568,0.00016690334754874321,-1.6232724703968415e-05
2024-01-15 18:30:00+00:00,92637.0,69130755.4127735,967.612,41591646.3467662,0.20327475371638104,112951.0,447507032.43092,6764.775,290926158.87952,0.30020821035669054,0.0003683629551928525,0.00020145960764317294
2024-01-15 18:45:00+00:00,123875.0,140747554.369072,1399.36982,60533963.9504514,-0.1398221557481898,141156.0,537118927.90499,6618.261,286238551.32097,0.06582932177583678,-0.0004129843251551168,-0.000781347280348399
2024-01-15 19:00:00+00:00,64948.0,118988787.898291,974.35392,42113416.6082405,-0.2921447919237883,127654.0,470811391.08838,4612.126,198972406.7858,-0.1547680852587986,-7.439151230021862e-06,0.00040554517392443756
2024-01-15 19:15:00+00:00,28968.0,27055805.2263511,355.99949,15313255.3892767,0.1319755787096144,49345.0,149499371.9511,1670.859,71894920.3993,-0.038191004269687134,5.0938400482387445e-05,5.837755171356207e-05
2024-01-15 19:30:00+00:00,23194.0,20119108.9758095,247.57043,10661393.1218729,0.0598275634066876,37809.0,115661604.4876,1558.436,67102270.8749,0.16032059510455765,3.739073516086516e-05,-1.354766532202234e-05
2024-01-15 19:45:00+00:00,17841.0,24834765.3964905,180.88097,7764349.4062802,-0.374719327336395,50086.0,140813638.9466,1224.342,52548715.5201,-0.2536416796951356,1.026546013311043e-05,-2.7125275027017892e-05
2024-01-15 20:00:00+00:00,14393.0,15621063.8684763,212.29665,9113951.1059833,0.16687969305029005,33624.0,97283789.3271,1354.783,58159914.7665,0.195675356989792,-7.141007096704216e-05,-8.167553109927894e-05
2024-01-15 20:15:00+00:00,14832.0,17215837.5981139,244.282,10517548.3166679,0.22184567050285864,29735.0,72147995.05176,938.958,40419144.23616,0.12045093442063726,-9.304267057276055e-05,-2.1632599606746794e-05
2024-01-15 20:30:00+00:00,13937.0,12213944.6488623,130.03802,5600589.2332177,-0.08291884493853807,26342.0,69454566.5506,806.07,34707924.8969,-0.0005574400463906892,0.00010480171977375072,0.00019784439034609136
2024-01-15 20:45:00+00:00,11768.0,13696340.427568,113.52936,4877428.9132726,-0.2877763313395294,27455.0,78464109.9587,790.23,33958140.231,-0.1344287152718856,1.0013999804787316e-05,-9.478771996818125e-05
2024-01-15 21:00:00+00:00,10873.0,10452970.0350096,101.22872,4342618.6766702,-0.16911295791996173,25341.0,59971978.15882,711.53,30522348.6852,0.017887007307632485,3.0260249789033507e-05,2.0246249983202347e-05
2024-01-15 21:15:00+00:00,10407.0,8015052.7027515,92.79629,3978132.203398,-0.00733473604425805,22500.0,47809572.3681,507.809,21771191.5126,-0.08925386970721372,-4.412223540763595e-05,-7.438248519697765e-05
2024-01-15 21:30:00+00:00,12576.0,11379272.3443599,132.89615,5691461.4478057,0.0003208070903855109,31774.0,82455244.46633,833.541,35688296.8695,-0.13435956437984853,0.00013986697690982747,0.00018398921231899124
2024-01-15 21:45:00+00:00,9450.0,10530620.2303914,120.94548,5178783.4932703,-0.016433338214150717,22363.0,53602792.7443,740.2,31692857.5366,0.18250769835010683,2.5700604316070812e-05,-0.0001141663725938713
2024-01-15 22:00:00+00:00,9682.0,9499193.7296788,99.37937,4250841.8373002,-0.10500997068433615,23417.0,61280915.4549,631.565,27012752.0488,-0.11839593621344735,3.979694196139503e-05,1.4096337643820789e-05
2024-01-15 22:15:00+00:00,23325.0,24876930.80629,231.43728,9863202.0424831,-0.20704028006628195,59712.0,224968738.21118,2153.956,91759013.1829,-0.18425098604798096,4.9426825360244184e-05,9.62988340091897e-06
2024-01-15 22:30:00+00:00,22617.0,29659863.934684,349.36641,14836465.6491019,0.0004405739536963438,63621.0,219523808.81059,2916.277,123865390.15649,0.12849162765177602,2.3709757822363198e-05,-2.5717067538622018e-05
2024-01-15 22:45:00+00:00,19237.0,15601802.7910879,207.34567,8849477.2938081,0.1344172737349456,33532.0,115415904.99316,1774.892,75761113.32136,0.31283662032282145,4.2782914007052855e-05,1.907315618510097e-05
2024-01-15 23:00:00+00:00,12328.0,8632870.400069,84.5705,3609001.174296,-0.1638931185003879,27378.0,68897623.6212,803.791,34322049.19573,-0.003679738377246222,0.00015247031256621928,0.00010968739855776732
2024-01-15 23:15:00+00:00,14754.0,15831582.9190439,193.90293,8256974.8849957,0.04310161873495777,30589.0,77627103.4457,965.578,41122724.3115,0.05949397790593225,7.139756988246731e-05,-8.107274268276399e-05
2024-01-15 23:30:00+00:00,16072.0,19336933.6295669,184.38259,7840617.2988858,-0.1890526751462599,31373.0,102427666.2752,1229.269,52281798.2316,0.020853059194585688,-4.7017989786088113e-07,-7.186774978151789e-05
2024-01-15 23:45:00+00:00,11549.0,10213537.7280546,147.31786,6268763.9330308,0.22754017264982052,19657.0,53261014.2773,734.639,31266733.4741,0.17409455671691831,5.004542269292513e-05,5.051560259161647e-05
2024-01-16 00:00:00+00:00,10079.0,10013539.5048888,107.66683,4584543.2693587,-0.08433111646078018,23960.0,72399649.5168,767.233,32669692.2908,-0.09751794355802368,9.173653743340377e-05,4.169111474183751e-05
2024-01-16 00:15:00+00:00,12135.0,13889171.5351191,181.03901,7700015.7110712,0.10877969814132227,25408.0,60713678.6472,745.83,31720517.404,0.044921609455561784,6.81196429926181e-06,-8.492457313558077e-05
2024-01-16 00:30:00+00:00,11146.0,9529399.5379506,128.65246,5480714.5925488,0.15027490886954387,21317.0,57641439.6829,818.395,34875667.4327,0.21009008881664948,0.00011538342487688319,0.00010857146057752232
2024-01-16 00:45:00+00:00,12302.0,11438369.3570083,142.37231,6071032.6779271,0.06152065708690757,21589.0,55925967.3372,663.605,28300991.7864,0.012087698573437722,7.268200103773868e-05,-4.270142383866471e-05
2024-01-16 01:00:00+00:00,9473.0,8044262.6087794,96.94729,4131079.4007701,0.02708715557383612,14847.0,30534461.6067,341.374,14548494.7889,-0.047077038639665614,0.00011032255274096269,3.7640551701301206e-05
2024-01-16 01:15:00+00:00,13770.0,11651130.5967851,151.29498,6456584.3419578,0.10831893751828114,27228.0,68547619.35578,862.366,36808281.05098,0.07394775768755535,0.00010731446499158596,-3.008087748668231e-06
2024-01-16 01:30:00+00:00,13716.0,8494678.8109777,111.85936,4768826.9102479,0.12277980518465981,16859.0,43590300.8298,450.068,19187662.5023,-0.1196361512980163,7.695419070968299e-05,-3.0360274282159594e-05
2024-01-16 01:45:00+00:00,13957.0,10414821.5451622,126.03292,5367350.5787099,0.030713883177978074,17010.0,48925885.51769,613.832,26139929.4357,0.06855212365031815,0.0,-7.695419070863352e-05
2024-01-16 02:00:00+00:00,9630.0,6761352.4854813,91.82661,3911641.6479468,0.15705893350370226,16190.0,40539063.8105,541.936,23087904.8803,0.13904479828268812,0.0001728185536289146,0.00017281855362760723
2024-01-16 02:15:00+00:00,10655.0,9669037.075016,106.70481,4547840.0400444,-0.05929825177821557,23521.0,69605438.45738,859.367,36631616.17528,0.05255040373633579,6.794551847227029e-06,-0.00016602400178022947
2024-01-16 02:30:00+00:00,8185.0,8019457.4478703,108.62869,4635521.7886786,0.15606867891284604,16000.0,43538639.8094,513.809,21930121.9608,0.007386636642942701,-2.8808916431991277e-05,-3.560346828024308e-05
2024-01-16 02:45:00+00:00,9426.0,11417118.0234808,176.09743,7516208.1806245,0.31665594857939316,17986.0,44640650.3268,476.367,20337064.4869,-0.08885447062178442,-6.074052552280451e-05,-3.193160909020776e-05
2024-01-16 03:00:00+00:00,11795.0,12151108.0526149,179.43508,7653727.2404694,0.2597579097031122,18594.0,77655403.008,1155.471,49285397.9747,0.2693359654478298,-0.0001849855002400892,-0.0001242449747156371
2024-01-16 03:15:00+00:00,9867.0,10137260.032849,150.55988,6431944.3286987,0.2689709660907358,13826.0,29571157.6612,312.839,13364001.2754,-0.09614622271384643,-3.2774857563724344e-06,0.00018170801448214036
2024-01-16 03:30:00+00:00,23403.0,16712064.0546661,230.01803,9845177.2091803,0.17821200026234596,32557.0,140510625.9116,2003.833,85816214.18611,0.22149073964128374,-9.650442519991688e-05,-9.322693944291416e-05
2024-01-16 03:45:00+00:00,14325.0,10276622.6880899,124.675,5339334.3950263,0.039122395962698064,20560.0,54168698.1367,629.202,26948233.5383,-0.0050256157054576756,-3.1517331908716e-05,6.498709329072483e-05
2024-01-16 04:00:00+00:00,16125.0,13196878.9133318,188.24,8072174.9151131,0.22334606055351425,28248.0,76936325.4596,785.837,33699750.1999,-0.12395737647761562,-0.00011788818016893783,-8.637084826013108e-05
2024-01-16 04:15:00+00:00,10182.0,9344680.0319367,106.19286,4556655.2492663,-0.024759492311492992,23425.0,73646976.4054,705.188,30261182.2037,-0.17820978726612957,-6.078417880531052e-05,5.7104001363939005e-05
2024-01-16 04:30:00+00:00,10087.0,6974785.0676699,77.2812,3314424.712234,-0.04959803633310644,17804.0,45434438.2248,361.199,15490478.0323,-0.31811732960551253,-2.706714846343269e-05,3.371703034105167e-05
2024-01-16 04:45:00+00:00,9285.0,12412955.2939526,127.7079,5468298.7156951,-0.11893685489076544,19832.0,64243958.89309,754.291,32295970.1679,0.005416562875415032,-0.0001323562317381983,-0.00010528908327422926
2024-01-16 05:00:00+00:00,14036.0,10580895.9363241,102.71738,4395409.4836731,-0.16918009398737055,18751.0,53104857.7258,583.491,24972293.6106,-0.0595100079340698,4.6958014287357525e-05,0.00017931424602579682
2024-01-16 05:15:00+00:00,8962.0,6661797.4544024,83.05113,3555655.8905166,0.06747643255556235,11911.0,30601648.2823,341.859,14634621.9662,-0.043540280497592065,-0.0001307235315891653,-0.00017768154587649576
2024-01-16 05:30:00+00:00,8402.0,8044055.2233307,120.04083,5144981.5540537,0.27920095305446746,12693.0,34244058.4843,426.542,18281292.6172,0.0677059569666072,-0.00016695588625912698,-3.6232354670318045e-05
2024-01-16 05:45:00+00:00,19325.0,11297365.9872015,116.3322,4991349.5166062,-0.11636933383219195,16917.0,47235039.36182,453.964,19474946.13432,-0.17540256566139056,0.0,0.00016695588625914581
2024-01-16 06:00:00+00:00,9406.0,8885489.1274309,85.14314,3647330.2547271,-0.17903669625407126,20481.0,65687795.93319,581.777,24912940.8716,-0.24147429464862702,-0.00019920710028748903,-0.00019920710028742405
2024-01-16 06:15:00+00:00,11552.0,16798798.2491097,157.65853,6735567.5782205,-0.1980893539717974,23050.0,79928299.7352,880.953,37642006.468,-0.0581056623822398,6.574791945887969e-05,0.00026495501974643787
2024-01-16 06:30:00+00:00,9801.0,11663113.5621664,124.38502,5308134.5806555,-0.089756855686566,21837.0,75229987.01446,778.633,33235721.0515,-0.11642358664473129,7.025152390145504e-05,4.503604444039411e-06
2024-01-16 06:45:00+00:00,7445.0,6137909.1244111,64.59308,2759766.3787473,-0.10074707109252456,13962.0,39981691.577,501.082,21410148.0721,0.0709976105371426,3.0418724270792125e-06,-6.720965147621882e-05
2024-01-16 07:00:00+00:00,9913.0,6576992.663002,91.80903,3923834.0554876,0.19320007077417256,11231.0,35535753.9054,443.134,18944155.607,0.06620254391852098,7.74400427875331e-05,7.4398170360368e-05
2024-01-16 07:15:00+00:00,10033.0,8202837.8344676,90.82477,3877228.1868388,-0.054661748755527095,20304.0,63837980.777,650.831,27769951.0761,-0.12998654599973958,-4.6881226421493365e-05,-0.00012432126920813857
2024-01-16 07:30:00+00:00,8259.0,8286552.6109523,94.28261,4019789.8747569,-0.029804053993705004,17230.0,54240040.2649,549.036,23407689.638,-0.13688524109936306,-6.120840161100953e-05,-1.4327175190231856e-05
2024-01-16 07:45:00+00:00,9143.0,11630429.9338305,212.42081,9076169.7221933,0.5607625468414736,19486.0,56588754.1621,714.714,30540595.833,0.07938746082006487,-6.568504537369636e-05,-4.476643763240418e-06
2024-01-16 08:00:00+00:00,8776.0,12575211.7688895,175.30209,7496904.1107387,0.19233047498821443,15722.0,37314783.6151,424.6,18157498.861,-0.026793291994206103,-7.081157428659493e-05,-5.126528911603145e-06
2024-01-16 08:15:00+00:00,10560.0,14618940.376259,178.05282,7613279.3242766,0.041563769784639604,18589.0,54741613.8165,643.961,27532428.7583,0.005904898989341989,1.1461625017644086e-05,8.22731993039838e-05
2024-01-16 08:30:00+00:00,11083.0,12111387.2339998,163.96092,7019810.7324812,0.15920837090812756,24622.0,73519479.35579,1020.795,43713413.80939,0.1891654889949208,3.411281106947805e-05,2.2651186050381966e-05
2024-01-16 08:45:00+00:00,12386.0,12545979.870156,169.16963,7256169.3385353,0.15673218252104149,28828.0,101340395.336,1095.193,46974072.3892,-0.07294475744929307,9.55049878650817e-06,-2.4562312281872778e-05
2024-01-16 09:00:00+00:00,16445.0,21698005.7996286,287.47753,12356848.7379045,0.13898473915202003,44331.0,155455873.4921,1949.861,83822241.3124,0.07840558776519568,0.00016202514261172773,0.00015247464382461828
2024-01-16 09:15:00+00:00,17469.0,23297667.9956614,249.43982,10716464.6858855,-0.08003971145256517,38039.0,130992535.98236,1234.102,53036500.71594,-0.1902362937216192,4.801588347702434e-05,-0.00011400925913385151
2024-01-16 09:30:00+00:00,25309.0,20352458.942068,268.59332,11565216.3685219,0.13649327596646343,51239.0,186846897.59102,2511.265,108168609.29972,0.1578314726582719,-2.7862552173678427e-06,-5.0802138693128995e-05
2024-01-16 09:45:00+00:00,22022.0,19710317.2995398,237.58548,10232198.4280614,0.03825811351096853,34765.0,106466291.65386,1040.752,44819696.5592,-0.1580490714391285,-4.5350551045974866e-05,-4.256429583016086e-05
2024-01-16 10:00:00+00:00,13304.0,12448179.5511135,123.87534,5323103.865231,-0.14475785903090643,30228.0,107548878.8716,980.605,42136428.528,-0.21642272852875277,-7.010025153956328e-05,-2.4749700493487126e-05
2024-01-16 10:15:00+00:00,15024.0,11743927.2162909,140.59994,6032200.7562917,0.02728851178913505,28027.0,99250254.47522,946.558,40609695.7684,-0.18167069730709662,-5.3815476528578864e-05,1.6284775011143893e-05
2024-01-16 10:30:00+00:00,9175.0,7914516.2162249,80.23991,3443436.0205008,-0.12984295529227818,18664.0,41456322.7256,409.488,17569765.3093,-0.15237222434828412,4.1988481166225365e-05,9.58039576950398e-05
2024-01-16 10:45:00+00:00,9542.0,8802207.3632559,110.93905,4756730.886313,0.0808040960656271,16581.0,44760666.0856,572.796,24561800.7281,0.0974725300614685,-5.8521042702963836e-05,-0.0001005095238699738
2024-01-16 11:00:00+00:00,8714.0,6854759.5008218,68.33957,2930560.9903225,-0.1449558544041808,13950.0,28863158.4161,343.201,14717679.3503,0.01982459009686277,-4.665158266342033e-05,1.1869460038838042e-05
2024-01-16 11:15:00+00:00,8974.0,7419045.165286,102.17599,4383180.4318707,0.18160230439889258,14590.0,37002349.1242,480.411,20609351.4621,0.11394827355008252,-9.296539701826099e-05,-4.631381435515891e-05
2024-01-16 11:30:00+00:00,11993.0,8107091.6816087,82.20241,3525221.5171115,-0.13033633871228512,22149.0,60855402.72284,552.932,23702941.3001,-0.22100782380645045,-2.3353845795618816e-05,6.961155122375828e-05
2024-01-16 11:45:00+00:00,13144.0,12659491.5782489,146.27631,6261357.6581455,-0.010804246056208333,33567.0,102490531.00879,1134.133,48545186.0906,-0.052689343829498414,-0.0001444908096205859,-0.00012113696382343164
2024-01-16 12:00:00+00:00,9233.0,7883466.6976661,109.12626,4678694.0516804,0.18696361159628605,18763.0,48129529.5499,616.033,26410079.0792,0.09745843461105963,-0.00013147551916797932,1.3015290450724137e-05
2024-01-16 12:15:00+00:00,11609.0,9394403.2616849,123.19705,5289276.3412085,0.12604839155262337,27602.0,75253080.95612,1076.899,46243459.56442,0.22901172887219112,-0.00010243802508454297,2.9037494083894444e-05
2024-01-16 12:30:00+00:00,16944.0,12781670.7414107,179.74182,7726449.9370715,0.2089890427295953,32771.0,119448199.33276,1594.504,68561038.97866,0.1479627045303875,-9.523311796956447e-05,7.204907113589343e-06
2024-01-16 12:45:00+00:00,20050.0,14651311.1917549,176.47315,7601011.1911299,0.03758784338802479,45912.0,152004771.11656,1632.045,70295792.64116,-0.0750843920911416,4.7602267966715545e-05,0.0001428353859385112
2024-01-16 13:00:00+00:00,14584.0,11999455.5791831,171.36884,7387853.7044015,0.231364815786826,34515.0,111980974.02542,1386.68,59783265.76922,0.06773969934658775,9.221905228972251e-05,4.461678432221561e-05
2024-01-16 13:15:00+00:00,18264.0,14319308.9685198,162.97302,7027831.0378795,-0.01841198435905067,40312.0,120717583.46528,1161.712,50094633.18562,-0.1700524190822973,-8.323808682869544e-05,-0.00017545713911992777
2024-01-16 13:30:00+00:00,13982.0,17645886.8596327,206.68349,8892252.8204765,0.007855585974395396,37177.0,106512276.00176,1007.884,43367602.5099,-0.18567879426060896,-3.8383317916866784e-05,4.485476891247231e-05
2024-01-16 13:45:00+00:00,14926.0,13139274.0811003,156.55392,6723753.4416402,0.02345889128102341,38806.0,102439297.9247,1177.901,50585650.6964,-0.012378028330807811,1.6286658213137912e-06,4.001198373870807e-05
2024-01-16 14:00:00+00:00,24307.0,30192764.9542624,324.43287,13896794.6658271,-0.07946193819090763,61835.0,248069663.03433,2527.659,108268160.6765,-0.12711486481507484,-3.0369741085957013e-06,-4.665639929513077e-06
2024-01-16 14:15:00+00:00,15711.0,20581849.2451143,248.99236,10667238.8114921,0.0365675780104433,42663.0,117192519.1149,1477.083,63278463.2187,0.079906186787561,-0.00015474451256763773,-0.00015170753846049934
2024-01-16 14:30:00+00:00,11407.0,13452455.3063541,157.0362,6727990.7185114,0.00026211799916064926,31000.0,82656594.2964,975.984,41808442.0068,0.011617823422006568,-0.00022460572101209628,-6.986120844310051e-05
2024-01-16 14:45:00+00:00,96305.0,136920874.6431901,1536.18725,65106863.0467836,-0.048985580665486084,205000.0,1063596721.15022,10984.332,466004074.94222,-0.12372036190885816,0.0002707729158122655,0.0004953786368240287
2024-01-16 15:00:00+00:00,91200.0,232679374.8348946,3675.1068,155642223.0670399,0.3378256940691975,204267.0,1075586492.93133,13932.433,591609591.56316,0.10006883770142472,0.00023656138234045795,-3.4211533471051325e-05
2024-01-16 15:15:00+00:00,37828.0,59191074.2767334,754.67071,32202870.0068421,0.08809885275220553,100569.0,382465622.55436,4255.99,181648499.88869,-0.05011855091435191,7.418637969657081e-05,-0.00016237500264359994
2024-01-16 15:30:00+00:00,56909.0,67778753.0384047,864.97967,37127176.7255512,0.0955402706955748,135593.0,548833587.17829,7164.067,307440879.54855,0.12034280237545691,1.1868650345032107e-05,-6.231772935194613e-05
2024-01-16 15:45:00+00:00,66543.0,73816000.338144,956.96872,41322189.5931112,0.11959979960491562,144108.0,597344700.54884,7217.92,311763675.74742,0.04383172885260955,0.0001298677206329445,0.00011799907028731127
2024-01-16 16:00:00+00:00,38691.0,38411906.7217949,451.68374,19486239.6584333,0.014593719575852981,87294.0,301083868.93968,3733.264,161079233.46492,0.0699957724881708,-2.2426612668026306e-05,-0.00015229433330077313
2024-01-16 16:15:00+00:00,52115.0,54567344.3153242,602.56218,26064754.4744197,-0.044675719463228125,125271.0,490801929.42833,5475.716,236993590.66049,-0.03425974328775616,-6.446482947219241e-05,-4.203821680448527e-05
2024-01-16 16:30:00+00:00,27521.0,25180338.517044,275.94084,11897006.8793949,-0.055055842768588215,66338.0,220930899.76918,2604.497,112323892.88972,0.016823749028059165,-0.00010577400836280742,-4.1309178890003295e-05
2024-01-16 16:45:00+00:00,30475.0,37190844.1986982,469.193,20253666.6544829,0.08917488112258787,53029.0,177966632.90588,2118.519,91431786.11732,0.02751605314323058,4.392967091606232e-05,0.0001497036792788009
2024-01-16 17:00:00+00:00,27987.0,35832824.9665268,459.41673,19872859.419737,0.10919858751305345,59311.0,163861706.5139,1786.079,77276847.2827,-0.05680407061860071,1.8497212469565234e-06,-4.207994966876072e-05
2024-01-16 17:15:00+00:00,17353.0,24197418.2930382,249.60632,10766422.0139347,-0.11011812222692452,48407.0,150985603.20682,1362.03,58728976.64,-0.2220585884661722,-0.00011375362601957236,-0.00011560334726823385
2024-01-16 17:30:00+00:00,15430.0,13977244.2961393,187.48374,8089672.4575057,0.1575489826331753,31347.0,88614612.4715,1139.121,49149832.345,0.10929407631969146,-0.00016881117491334118,-5.505754889334469e-05
2024-01-16 17:45:00+00:00,11814.0,14065033.0381344,167.70492,7228708.6433547,0.027897854737428007,32348.0,74382778.4771,815.35,35141923.8874,-0.055105910080542664,-7.053786517289412e-05,9.827330974232495e-05
2024-01-16 18:00:00+00:00,13762.0,12257551.2359682,136.75695,5892177.3299846,-0.038604495048771836,29516.0,69609792.92166,784.174,33783865.0636,-0.02933585503922087,-7.89750524770289e-06,6.264035992309402e-05
2024-01-16 18:15:00+00:00,10207.0,11590959.7305171,126.2893,5443498.4852901,-0.060733776693527974,22127.0,61538195.45742,858.745,37017254.52842,0.2030659740106704,-7.325059728017588e-05,-6.535309203137274e-05
2024-01-16 18:30:00+00:00,15092.0,18349823.8505888,214.31842,9224384.7273896,0.005392182780393551,41146.0,124783561.82986,1193.669,51374289.4088,-0.1765856230510897,-0.00011544769278055289,-4.219709549957429e-05
2024-01-16 18:45:00+00:00,19532.0,20711483.2773429,213.48943,9160289.2575326,-0.11543860621963298,52687.0,165750799.6842,1508.673,64720648.6977,-0.21906079703976922,-8.115323414088818e-05,3.429445864000513e-05
2024-01-16 19:00:00+00:00,20608.0,15462406.1941321,174.78449,7514760.9746697,-0.027995917282070848,34440.0,100632421.76526,1428.868,61420130.76536,0.22068275189941344,-9.764966562738569e-05,-1.6496431486601182e-05
2024-01-16 19:15:00+00:00,16181.0,15029362.8768936,171.881,7402273.3181378,-0.014958467797968722,33816.0,83967276.2836,994.54,42831923.7147,0.020205146824934683,-8.796341377529896e-05,9.686251850382632e-06
2024-01-16 19:30:00+00:00,11482.0,9763536.0550024,100.66333,4339147.0278709,-0.11115255714189443,22051.0,52483381.72402,598.332,25796102.96552,-0.016980151882479366,-0.00013016753229443267,-4.220411851996175e-05
2024-01-16 19:45:00+00:00,12594.0,11012170.6313948,134.86386,5814909.6088669,0.05608781474727009,26390.0,71195838.3054,876.755,37797074.2362,0.061777630149294716,-7.302692552360833e-05,5.7140606772421165e-05
2024-01-16 20:00:00+00:00,27954.0,13985075.1611527,168.29252,7257335.7084499,0.03786867425769702,28862.0,74204593.21386,950.366,40984506.21716,0.10463529121550064,-3.0348342212473157e-05,4.2678583310973295e-05
2024-01-16 20:15:00+00:00,18419.0,17383221.4547587,234.2171,10126756.2695174,0.16511847885883935,41192.0,126337758.8035,1395.291,60323369.5776,-0.045046070962455054,-0.00015728871300880302,-0.00012694037079619136
2024-01-16 20:30:00+00:00,18036.0,22702768.1977493,235.80071,10205527.2646446,-0.10094423942042874,48443.0,165858378.4641,1848.101,79997677.2748,-0.035349579374846285,-0.0002125332409179331,-5.524452791050294e-05
2024-01-16 20:45:00+00:00,17998.0,28351177.2364149,356.36767,15411430.5402927,0.08718099511563904,36416.0,101722100.71352,1063.984,45999420.2884,-0.09558650547439662,-9.687432001458212e-05,0.00011565892090459329
2024-01-16 21:00:00+00:00,24562.0,32253895.8567641,416.16592,17951741.9584106,0.11315185229916103,50682.0,176173644.1023,2115.879,91297024.3215,0.036443615464818446,-9.514339285502405e-05,1.7309271598264786e-06
2024-01-16 21:15:00+00:00,22746.0,19889899.7893329,203.99884,8828734.7244202,-0.11223939608231559,33559.0,94355761.2156,1175.127,50851777.6402,0.07787329538903842,-0.00018488339415487914,-8.974000130024251e-05
2024-01-16 21:30:00+00:00,27632.0,26061110.4374658,342.14774,14850074.3785086,0.13963481442140946,59852.0,210313318.31783,2772.952,120376510.60373,0.14473502264668214,4.854319235015997e-05,0.00023342658650449266
2024-01-16 21:45:00+00:00,30108.0,37223945.228791,474.81062,20657613.1431916,0.10990992578690406,81534.0,259580041.4697,2968.799,129160514.89889,-0.004850186727730188,1.612674701664036e-05,-3.2416445332472676e-05
2024-01-16 22:00:00+00:00,15798.0,16907604.342549,200.25823,8693602.3330433,0.028365953793386023,35590.0,80453271.9749,846.731,36761128.5027,-0.08614957228417464,-0.00016601005239349275,-0.0001821367994097045
2024-01-16 22:15:00+00:00,11859.0,12166855.6389371,121.20213,5263813.8660257,-0.13472896823397373,30519.0,84197193.0157,904.631,39281160.9823,-0.06692469011466073,-4.60914454359e-05,0.00011991860695559353
2024-01-16 22:30:00+00:00,13765.0,15411909.3350375,150.91306,6539551.6248353,-0.15136385989914225,30275.0,101352641.222,1036.693,44914396.8007,-0.11370051615486254,-4.6110030977052494e-07,4.5630345127278815e-05
2024-01-16 22:45:00+00:00,7765.0,8147694.8786267,59.74898,2586205.0682544,-0.36516889579686695,20586.0,60960811.6717,527.219,22814915.809,-0.25148910641583766,3.674940637990089e-05,3.721050668836767e-05
2024-01-16 23:00:00+00:00,5489.0,6244365.6233377,63.70419,2755241.7937314,-0.11752707643064475,15288.0,46945638.5221,556.34,24059990.7929,0.025014955609713674,6.0175016739898834e-05,2.3425610361726967e-05
2024-01-16 23:15:00+00:00,14229.0,13934884.9349617,164.36876,7108188.4900498,0.020200528849122712,18133.0,60180278.6209,833.917,36058946.18,0.19836421519913316,-7.312414585702097e-05,-0.00013329916259685604
2024-01-16 23:30:00+00:00,10546.0,11826251.9358961,117.82632,5092534.2543484,-0.13877460383013096,16730.0,43576436.2324,495.003,21392390.266,-0.018167059283553555,-0.00018032367801764355,-0.00010719953216131728
2024-01-16 23:45:00+00:00,11430.0,15593275.4936308,170.76597,7372356.4228672,-0.05441849906666507,25000.0,97731208.94332,1041.19,44938818.633,-0.08035889213111791,-9.269988419148556e-05,8.762379382787344e-05
2024-01-17 00:00:00+00:00,7937.0,11674463.8726506,109.78305,4737040.438087,-0.18847829077884837,18296.0,60363370.2885,655.676,28286480.7989,-0.06279319184108123,-0.00011475473506275221,-2.2054850871811027e-05
2024-01-17 00:15:00+00:00,11086.0,13045509.3576848,150.77741,6504815.1331194,-0.002750302074243316,25105.0,64289437.67436,654.308,28219327.9363,-0.12211619957738507,-5.221710946994894e-05,6.253762559182974e-05
2024-01-17 00:30:00+00:00,9494.0,10337679.7567315,119.17276,5135344.1397653,-0.006480320417865393,21264.0,58136996.7363,621.714,26787591.5228,-0.07846662102949087,-1.8576941278643416e-06,5.0359415341816316e-05
2024-01-17 00:45:00+00:00,8365.0,7545604.0044834,87.57833,3772098.0170771,-0.00018659478132743157,16003.0,33116192.4744,449.996,19381769.9201,0.1705313003650888,1.0214912472198763e-05,1.2072606599744518e-05
2024-01-17 01:00:00+00:00,8433.0,9530773.3980226,96.18546,4144706.1088172,-0.13024768594810476,15907.0,48060871.5592,657.017,28312791.9746,0.17820551546698926,-6.033784553943328e-05,-7.05527580109333e-05
2024-01-17 01:15:00+00:00,7191.0,7609427.2854511,85.46264,3682327.4268473,-0.03216699793222211,11777.0,29448408.9068,368.727,15886623.0693,0.0789461067033459,-2.3205894298225387e-05,3.7131951241775596e-05
2024-01-17 01:30:00+00:00,8762.0,9576796.4703258,145.4441,6277217.8226621,0.3109222571686441,22137.0,79206850.4407,1159.019,50026212.14,0.26317892610698523,-0.000163947940875477,-0.00014074204657710254
2024-01-17 01:45:00+00:00,8801.0,8588315.4788622,101.52307,4376652.1722098,0.019210852927267874,22047.0,53970669.58,544.151,23458330.3785,-0.1307007839238299,7.887948444474646e-06,0.00017183588932034866
2024-01-17 02:00:00+00:00,11673.0,11644452.044567,90.11708,3875966.1322856,-0.33428106063710816,33433.0,102508447.12908,740.846,31857942.1834,-0.3784328399144695,-0.00010705716164445394,-0.00011494511008969255
2024-01-17 02:15:00+00:00,8768.0,10101922.2079073,125.27525,5385357.8104856,0.06620456971450439,26182.0,62558672.38456,680.765,29262587.34176,-0.06447543637507724,1.4413781062791574e-05,0.00012147094270709147
2024-01-17 02:30:00+00:00,6770.0,8038167.5866207,83.63258,3597119.1572597,-0.10499025592673583,14228.0,41496216.2151,533.105,22929536.6949,0.10513867462239612,0.00010210892146610662,8.769514040452009e-05
2024-01-17 02:45:00+00:00,9031.0,16454236.7156814,122.44522,5263222.3956127,-0.36025930748927604,21006.0,68133489.3384,655.249,28165252.5905,-0.17323322600986835,8.78366870240952e-05,-1.427223444316894e-05
2024-01-17 03:00:00+00:00,7688.0,11351882.0710425,81.42623,3503743.5032336,-0.38270262476188077,15352.0,38889837.0616,434.323,18688406.2603,-0.03890539676480076,-5.000444808053142e-05,-0.0001378411351051767
2024-01-17 03:15:00+00:00,7305.0,8699570.5043896,103.48441,4447165.7310175,0.02238742217758083,16546.0,43483688.0161,436.604,18760644.5849,-0.13711805778967967,2.7212203907558864e-05,7.72166519880102e-05
2024-01-17 03:30:00+00:00,6349.0,8098237.3721258,86.60878,3724060.1868898,-0.08027882716600876,12685.0,31794508.408,412.946,17755573.529,0.11689561613303123,8.260361959793637e-05,5.53914156906643e-05
2024-01-17 03:45:00+00:00,8323.0,10647997.4818687,85.38606,3665492.0244185,-0.3115152345480806,19020.0,47209816.07412,502.712,21580177.2094,-0.08577584053626264,-7.106902378037905e-05,-0.0001536726433783997
2024-01-17 04:00:00+00:00,9090.0,8474746.9111059,84.23392,3613356.4739648,-0.14726504239799632,24101.0,84153700.76866,841.301,36087689.9878,-0.14233860999159864,-0.00016104356263163202,-8.997453885051243e-05
2024-01-17 04:15:00+00:00,10952.0,9768525.1780462,107.96286,4627239.0802517,-0.052622786774207286,21879.0,71551365.6348,915.149,39221622.2982,0.09632071869566139,3.033213571991219e-06,0.00016407677620300376
2024-01-17 04:30:00+00:00,6056.0,5111304.6494336,54.88326,2351953.3300498,-0.07970528412528577,13953.0,37514574.0697,465.134,19932836.6189,0.06267162100072854,-6.39865936627325e-05,-6.701980723455847e-05
2024-01-17 04:45:00+00:00,9777.0,11512752.3676455,148.0593,6339996.9272003,0.10138683170459051,34434.0,120502571.10933,1439.737,61654919.0737,0.02329632481885402,-6.997653337097421e-07,6.328682832901222e-05
2024-01-17 05:00:00+00:00,6053.0,7518435.7113956,100.89004,4326260.6745087,0.15084063775432455,15147.0,46478034.451,574.917,24651782.7972,0.06079282776854211,-0.00013325195104891535,-0.00013255218571472938
2024-01-17 05:15:00+00:00,5815.0,5758942.9699432,74.1564,3177430.8132228,0.1034770893916801,14098.0,32425132.6749,417.13,17874211.3191,0.10249117549093412,-2.6850981142359847e-05,0.0001064009699067725
2024-01-17 05:30:00+00:00,8087.0,8004477.4208881,114.81197,4923572.5541036,0.2302046205428181,16459.0,57136158.00612,778.046,33368411.62322,0.16803134084184745,-0.00013077165434638937,-0.00010392067320452725
2024-01-17 05:45:00+00:00,6434.0,6132126.5192547,48.63968,2084941.7989939,-0.3199938740835686,14254.0,33194539.9472,335.288,14370816.812,-0.13414574596553808,7.003195908983544e-07,0.00013147197393692522
2024-01-17 06:00:00+00:00,10360.0,8438088.6241646,87.05909,3726664.6174861,-0.11670408229326867,23819.0,58914629.44249,602.334,25774875.2907,-0.12500933861052765,-0.00011430322554409786,-0.0001150035451349396
2024-01-17 06:15:00+00:00,9907.0,14383967.7997808,214.77257,9197688.0540973,0.2788805122655331,22359.0,60928620.3864,815.245,34910903.6647,0.14596074696260586,-0.00015560954931976583,-4.1306323774747966e-05
2024-01-17 06:30:00+00:00,6119.0,5530577.0853969,64.23419,2750661.8607812,-0.005289387234424514,12752.0,28997068.3414,355.06,15203409.1801,0.048616984386220086,-0.00011071437174940221,4.4895177568449185e-05
2024-01-17 06:45:00+00:00,6058.0,6089222.6819181,69.47842,2975936.9563143,-0.022556043105034784,12718.0,28628430.4108,314.597,13474153.8094,-0.058687212951995305,-8.634923603784604e-05,2.43651357116903e-05
2024-01-17 07:00:00+00:00,6797.0,8356490.1323604,76.97892,3297093.6760409,-0.21089030829511846,15756.0,41632417.6119,361.369,15475053.4983,-0.25658636293671844,-0.0001062990356408841,-1.994979960073806e-05
2024-01-17 07:15:00+00:00,10983.0,12465102.1949039,141.86796,6069538.5511847,-0.026155027647329687,30875.0,100012378.2271,1065.052,45558545.2371,-0.08894186810257931,-4.016339965976735e-05,6.613563597923644e-05
2024-01-17 07:30:00+00:00,8159.0,10020839.4583922,112.90376,4833732.0471446,-0.035264048044104324,17154.0,47323888.6556,501.825,21482178.2225,-0.09212117462126856,-0.00024290005483571073,-0.0002027366551740073
2024-01-17 07:45:00+00:00,10154.0,13854079.3462439,152.53781,6526088.1030313,-0.05788209523996335,25369.0,99139502.9357,1101.693,47123819.949,-0.04934322740020969,-0.00010759302714005051,0.0001353070276941537
2024-01-17 08:00:00+00:00,17441.0,21679560.2352444,221.9227,9469233.0942431,-0.12643679193741264,47113.0,186154829.51648,1970.861,84086468.3345,-0.0965964347752154,-4.548121825744938e-05,6.211180888193724e-05
2024-01-17 08:15:00+00:00,17433.0,19124880.0139405,241.41891,10290163.686828,0.0761023001793788,49882.0,147314702.39887,1906.213,81260977.66438,0.1032297026858513,-6.584712385788434e-05,-2.0365905600172596e-05
2024-01-17 08:30:00+00:00,12186.0,13013050.4718935,172.92822,7384765.1178304,0.13497832560943857,30623.0,93733071.1671,1228.216,52459224.4546,0.11933224424237188,-5.6189482171552505e-06,6.022817564144134e-05
2024-01-17 08:45:00+00:00,11963.0,10035848.3099218,113.93868,4864822.55266,-0.030510943882947728,17276.0,42904353.4679,583.663,24921786.7016,0.161736965468825,-0.00012662107466725853,-0.00012100212645016484
2024-01-17 09:00:00+00:00,11020.0,8531358.4410374,94.60476,4040343.7103313,-0.05282523568661579,15160.0,32705644.7668,402.991,17209449.0637,0.052384026452190646,-7.395760734599743e-05,5.2663467322133783e-05
2024-01-17 09:15:00+00:00,11574.0,13017625.0279015,176.07883,7533831.4578684,0.15748171294236268,27150.0,95845795.04679,1398.5,59838339.85979,0.24863776925379177,-3.269248283352669e-05,4.1265124512079865e-05
2024-01-17 09:30:00+00:00,9270.0,10234248.4822012,104.21204,4460842.4246169,-0.12825207783943615,19725.0,59077454.2791,635.615,27205278.3249,-0.07899625476839511,4.76646873451247e-05,8.035717017662591e-05
2024-01-17 09:45:00+00:00,7374.0,8740126.6972849,77.84704,3329202.8036768,-0.23817973835299,14354.0,33996807.7003,387.352,16565891.4033,-0.025444297633050006,7.246572458846232e-06,-4.0418114885198975e-05
2024-01-17 10:00:00+00:00,7493.0,8141807.5292373,73.35876,3133942.0701174,-0.23016061019291179,16855.0,49336880.19288,442.097,18887172.4222,-0.2343588671046255,-3.678728875404981e-05,-4.40338612115454e-05
2024-01-17 10:15:00+00:00,9976.0,12123790.2618212,139.34411,5945643.9301706,-0.019177369160877644,26507.0,86123237.2963,1037.424,44263719.2026,0.0279158237007342,-3.161046540836752e-05,5.176823345109938e-06
2024-01-17 10:30:00+00:00,8805.0,10168395.085365,135.48408,5787042.6812424,0.13824111527127414,19094.0,49096736.608,645.937,27595818.0684,0.12414062420203442,-0.00012847501231339612,-9.686454690616131e-05
2024-01-17 10:45:00+00:00,17240.0,17320374.8011328,196.77734,8415939.0777026,-0.02820358400648748,32443.0,105495424.42199,1507.498,64490324.77539,0.22261842404507748,-0.00012282077778741067,5.654234527696644e-06
2024-01-17 11:00:00+00:00,9889.0,11380382.48381,123.90722,5303876.1290961,-0.06789141109421959,20513.0,56393889.4765,724.179,31000753.7288,0.09943662395261388,9.241104626617652e-05,0.00021523182405225327
2024-01-17 11:15:00+00:00,14484.0,10084872.0283195,113.24864,4849540.452627,-0.03825443912249482,17711.0,48425641.4345,487.061,20856390.1437,-0.1386220388258511,-0.00010332169921483873,-0.00019573274548179143
2024-01-17 11:30:00+00:00,12132.0,7405634.8072847,67.02383,2865665.1337927,-0.2260852152812528,17055.0,44784664.4615,477.289,20405504.6661,-0.08872803172871879,-4.163470969388944e-05,6.168698952180307e-05
2024-01-17 11:45:00+00:00,23727.0,14378424.6032468,169.0428,7229419.0830688,0.005592654627311733,23891.0,60466307.7197,730.451,31236079.5318,0.033173041641609835,-0.00015489941981137396,-0.00011326471011763317
2024-01-17 12:00:00+00:00,10559.0,14875146.6766308,142.73213,6094288.5325702,-0.18060794087570664,24985.0,68138489.39208,685.446,29264639.5506,-0.14102470390247468,1.9681082122667533e-05,0.00017458050193397412
2024-01-17 12:15:00+00:00,15091.0,20406391.942646,197.18892,8407847.3986195,-0.1759594324905145,43632.0,127221577.18939,1304.432,55619228.2536,-0.12563215325020316,0.00016629219644070177,0.00014661111431735208
2024-01-17 12:30:00+00:00,14534.0,21331705.9029042,214.35916,9132231.7991576,-0.14378795200675487,32406.0,80686578.7599,1052.626,44847554.2855,0.11164842963421195,0.00012732495561705557,-3.896724082252945e-05
2024-01-17 12:45:00+00:00,37180.0,43977598.4003525,506.55447,21576840.7590557,-0.01873492214696504,83469.0,332296464.80506,3786.262,161367468.21575,-0.02877408996562525,7.733834239675816e-05,-4.9986613220198706e-05
2024-01-17 13:00:00+00:00,17186.0,18540931.8590302,253.69742,10841820.5180118,0.1695011448662851,35893.0,104174117.9935,1395.846,59659540.6248,0.14538124773991346,6.47441094480086e-05,-1.259423294897033e-05
2024-01-17 13:15:00+00:00,10143.0,11214311.0535334,144.59243,6177538.0271032,0.10172403772531058,24521.0,65889038.8481,624.281,26673715.1748,-0.19034438379672391,0.00013546448519256206,7.072037574573642e-05
2024-01-17 13:30:00+00:00,12487.0,12380567.6328726,160.73879,6852985.9790197,0.10705521462906242,36771.0,90339796.0401,1027.377,43802190.5186,-0.03027918063580526,-1.9931751339114557e-05,-0.0001553962365328232
2024-01-17 13:45:00+00:00,16094.0,14536782.0940878,188.3958,8036341.143559,0.10565613373642435,31816.0,80504663.9443,1023.613,43669629.7028,0.0848968882849912,-2.112202546229565e-05,-1.190274122819801e-06
2024-01-17 14:00:00+00:00,19820.0,17548079.3181,214.80731,9148608.3005085,0.04269055714515124,42985.0,124564035.21259,1278.652,54457676.4327,-0.1256276125005329,1.3142417810995862e-05,3.426444327203626e-05
2024-01-17 14:15:00+00:00,25377.0,29171603.7835385,326.55289,13881480.6620155,-0.04828813903959572,60339.0,197731142.65138,2013.183,85576479.85399,-0.1344157657059617,7.235777823428588e-05,5.921536042485798e-05
2024-01-17 14:30:00+00:00,21669.0,21650248.165143,277.41928,11790277.5105296,0.08915864802991047,51315.0,178056375.55551,2181.527,92725158.4399,0.04152584427949835,-5.9942208676900124e-05,-0.00013229998691244305
2024-01-17 14:45:00+00:00,54427.0,51297234.3304795,639.58749,27215553.2190608,0.061092418500621415,100521.0,399147124.62344,5052.605,215103523.90204,0.07781572574258755,-6.763042758697234e-05,-7.688218909507327e-06
2024-01-17 15:00:00+00:00,41896.0,43063162.8754004,512.75654,21941363.4990703,0.01903167505627823,106384.0,426290005.06248,4772.278,204224575.63114,-0.04185144757870907,4.462597036314957e-06,7.209302462207745e-05
2024-01-17 15:15:00+00:00,42325.0,37670360.0473991,450.41595,19207108.9579575,0.019746502756541995,84200.0,332024794.67318,4123.196,175779004.89418,0.0588305916562859,3.673106183721697e-05,3.226846480153256e-05
2024-01-17 15:30:00+00:00,20072.0,23286088.7392862,264.29264,11267606.4088008,-0.03224568668836991,49368.0,145852117.7173,1429.21,60930838.6198,-0.16448469074819894,-0.00010555018041283527,-0.00014228124224935357
2024-01-17 15:45:00+00:00,27610.0,23052343.411592,291.16418,12401059.0690346,0.07590441870639997,45365.0,129975370.83769,1600.909,68171333.0992,0.04898847619878155,0.00016835327177515999,0.00027390345218769596
2024-01-17 16:00:00+00:00,19000.0,17575780.5408163,187.88093,7997736.3793581,-0.08991394597981839,40076.0,119665269.77572,1228.233,52271690.9249,-0.12636822658956826,-0.00010569544256504574,-0.0002740487143402248
2024-01-17 16:15:00+00:00,19603.0,21078426.4215979,251.10941,10669380.4135299,0.012350751439165863,38024.0,112601921.7808,1662.401,70642971.9125,0.2547382992275977,-4.188719215006419e-05,6.380825041496507e-05
2024-01-17 16:30:00+00:00,27210.0,30295358.3108283,360.98388,15325090.6727155,0.011712125367927317,58062.0,172257595.54829,1804.53,76617972.5247,-0.11042561251563243,9.316911203004509e-05,0.00013505630417931513
2024-01-17 16:45:00+00:00,24798.0,26148004.127598,283.62048,12015766.5365176,-0.08094197340014042,62346.0,194876007.22145,2002.606,84829745.3799,-0.12939774793823067,-1.9150790130158107e-05,-0.00011231990215954113
2024-01-17 17:00:00+00:00,17570.0,20065901.2653527,238.52221,10096909.4031282,0.006374871440465668,47455.0,127336503.9677,1750.088,74101943.845,0.16387589632265365,-4.202137944523469e-05,-2.287058931393915e-05
2024-01-17 17:15:00+00:00,27208.0,23391499.9611583,260.71399,11023127.8518644,-0.0575099612963379,58910.0,180879963.2772,1930.003,81608686.54645,-0.09764813008742124,7.087230818312025e-06,4.910861026274915e-05
2024-01-17 17:30:00+00:00,16596.0,14507812.636896,190.67801,8083191.7735885,0.11432260339942313,37862.0,106319446.6008,1455.241,61699387.5393,0.16064162318233421,-8.980743382961113e-05,-9.689466464735119e-05
2024-01-17 17:45:00+00:00,11898.0,12755349.7621806,139.71195,5926684.7316398,-0.07071388207443419,28633.0,80242050.77781,1035.659,43931938.32831,0.09498543226312606,0.0001289016659137167,0.0002187090997427532
2024-01-17 18:00:00+00:00,9402.0,9456772.8324315,123.81685,5249287.2095257,0.11016459896838127,20669.0,50446542.01565,667.315,28291397.3827,0.12163871901955847,0.00010147911721887356,-2.7422548695810178e-05
2024-01-17 18:15:00+00:00,16069.0,16740029.5907477,212.16855,8992891.8962226,0.07441768217578515,33351.0,89933953.7883,935.073,39620925.7169,-0.11888838313134398,8.209568587065123e-05,-1.9383431347108626e-05
2024-01-17 18:30:00+00:00,16912.0,13626701.4520254,167.82643,7118467.9221928,0.04478225302789607,28355.0,78114914.71051,961.259,40776520.89851,0.04401370851202402,0.00013344345188500762,5.134776601423141e-05
2024-01-17 18:45:00+00:00,15112.0,15036949.4653227,181.3124,7693323.3212575,0.023255859042337734,30939.0,100091466.3318,1268.126,53834618.0062,0.0757084490647777,0.00016724081740475234,3.379736551956114e-05
2024-01-17 19:00:00+00:00,14362.0,17075048.8477636,230.34674,9802099.4157901,0.14811963388016025,41333.0,132803748.30503,1748.896,74443253.15383,0.12110168732354132,8.33055159879972e-05,-8.393530141503902e-05
2024-01-17 19:15:00+00:00,11351.0,10563849.022842,130.50082,5558740.1800067,0.05240810768634563,26572.0,83160022.7477,1024.214,43633789.1581,0.04939339159348166,1.6439585112180254e-05,-6.686593087756876e-05
2024-01-17 19:30:00+00:00,12422.0,12670612.9495036,193.30135,8242962.0696896,0.3011149661883621,31767.0,97257800.35296,1492.615,63674432.91826,0.3093948801469495,0.00017086555146303496,0.00015442596635040218
2024-01-17 19:45:00+00:00,13524.0,12851414.1041498,138.83564,5926208.7629408,-0.07773436994343041,31348.0,81020864.2129,894.956,38216636.3762,-0.05662234666425059,0.00010290620975384757,-6.795934170789053e-05
2024-01-17 20:00:00+00:00,9094.0,8317883.6491024,98.75307,4209069.4361182,0.0120529725304368,18145.0,47515866.8123,495.09,21104237.1763,-0.11169726695012372,0.0001499496474710167,4.7043437717775305e-05
2024-01-17 20:15:00+00:00,26931.0,19848624.1459329,253.14109,10794957.3216656,0.08772852388134411,25606.0,82689780.7208,783.291,33403354.8167,-0.19208021776026707,-3.0704212843033315e-05,-0.0001806538603155161
2024-01-17 20:30:00+00:00,27874.0,29893417.1049097,430.01905,18351607.788003,0.22780261109653677,27025.0,96583992.2502,939.123,40077290.6581,-0.1701049061157024,-0.0001864352875870829,-0.00015573107474331493
2024-01-17 20:45:00+00:00,50529.0,37748649.9855868,509.10542,21768987.0856854,0.1533650657174357,52408.0,169889125.28863,2060.547,88127073.39283,0.037465738234959245,-0.00021308219498214205,-2.6646907395289077e-05
2024-01-17 21:00:00+00:00,51715.0,40264299.9785745,464.95812,19874642.671893,-0.012790850332988546,62696.0,206057304.46275,2079.973,88837076.89318,-0.13774396763265895,-2.106620758017649e-05,0.0001920159874018168
2024-01-17 21:15:00+00:00,30094.0,14366270.8490395,168.53869,7187559.8677167,0.0006159487376287132,27339.0,72021604.063,904.678,38589746.306,0.07161585216136279,1.8277119085918597e-05,3.9343326665886025e-05
2024-01-17 21:30:00+00:00,22108.0,17629356.5212347,246.73765,10548757.8330443,0.19672636041346592,27902.0,100451101.00839,1370.216,58589471.28009,0.16652720959616785,6.155605517495471e-05,4.3278936088242403e-05
2024-01-17 21:45:00+00:00,8733.0,6417424.9534926,69.22996,2957313.1648178,-0.07834896823894422,12559.0,25669356.39,304.599,13012608.8,0.013863269674288858,0.0001378198331941319,7.626377801983608e-05
2024-01-17 22:00:00+00:00,10161.0,9644452.0881934,98.25617,4195102.1775789,-0.1300486250090901,17234.0,37589366.33228,371.042,15845190.7866,-0.15693227459421766,0.00022422199805452797,8.640216486099916e-05
2024-01-17 22:15:00+00:00,7872.0,7588793.4412466,82.56958,3525542.9004063,-0.07085548507770045,12316.0,30570241.0626,381.244,16281803.0923,0.06520606487590652,0.0001498997548199139,-7.432224323444814e-05
2024-01-17 22:30:00+00:00,16640.0,12102154.2567828,125.87062,5356385.0592377,-0.1148046958274972,42853.0,104219031.66091,930.121,39578353.89119,-0.2404774202860902,-9.703043415331933e-05,-0.0002469301889735931
2024-01-17 22:45:00+00:00,9272.0,7760810.1491207,76.4589,3255849.1223522,-0.16095122550547436,16744.0,55389723.4041,711.689,30316266.3146,0.09465310355227219,2.3233107507669338e-05,0.0001202635416621689
2024-01-17 23:00:00+00:00,6863.0,5242891.3298428,75.22331,3209891.589166,0.22447382073137256,13216.0,40346165.67518,681.631,29094752.00608,0.4422561112903176,0.00011375187638504636,9.051876887511412e-05
2024-01-17 23:15:00+00:00,10776.0,10028632.2093934,107.31728,4579876.544719,-0.08663984298293015,19191.0,66406408.5238,826.306,35274055.245,0.06236901013424956,9.643914837676961e-05,-1.7312728008533895e-05
2024-01-17 23:30:00+00:00,9386.0,8989628.8095074,96.67021,4126915.8844194,-0.08184954643404452,15653.0,49141093.3119,549.074,23444173.2102,-0.045842425141047305,0.00011682761302986293,2.0388464655241023e-05
2024-01-17 23:45:00+00:00,10626.0,8389655.0716555,92.54478,3952875.9087981,-0.05767856365086699,14255.0,48384335.0708,514.713,21990942.4671,-0.09098916271470858,0.00018729222323795862,7.04646102072104e-05
2024-01-18 00:00:00+00:00,9144.0,9742788.7887824,137.09886,5860896.6819645,0.2031250618329299,18412.0,69513193.8117,963.899,41214588.4881,0.1858062111127754,0.00017064148382635717,-1.665073941303774e-05
2024-01-18 00:15:00+00:00,10908.0,17246060.1343681,157.34091,6725347.3087334,-0.22007145326704858,22243.0,63581875.2668,602.32,25744836.7215,-0.19018315790560014,6.43870905276837e-05,-0.00010625439329636777
2024-01-18 00:30:00+00:00,7902.0,7695454.8384724,91.11616,3888260.2285661,0.010534220570631359,16114.0,40861325.5682,418.736,17869507.209,-0.12535841847936524,0.0001898504991620689,0.00012546340863295313
2024-01-18 00:45:00+00:00,7323.0,5301413.1255612,55.19517,2354620.900744,-0.11170065604168766,16370.0,39354741.1714,442.277,18869670.4187,-0.041047159399791866,0.00020146035398652584,1.16098548250676e-05
2024-01-18 01:00:00+00:00,6887.0,7215360.2558287,56.77584,2423564.9773363,-0.3282206594248708,13306.0,38328552.2975,465.84,19886465.273,0.03768413263535142,0.0002416447133695998,4.018435938313303e-05
2024-01-18 01:15:00+00:00,7657.0,7321590.9519139,67.00414,2858800.8798405,-0.21907659179096983,16397.0,44040602.896,440.745,18802472.6954,-0.14613009545753786,0.00018777579625170758,-5.386891711900432e-05
2024-01-18 01:30:00+00:00,9132.0,7387151.7796413,93.86777,4000996.0143356,0.08323102968107077,19051.0,49706599.3439,580.908,24762790.043,-0.003641755024269555,8.626032433613762e-05,-0.00010151547191483701
2024-01-18 01:45:00+00:00,14306.0,14026886.6232839,121.49106,5170066.8471075,-0.26283472791097373,29330.0,87682882.60399,854.404,36359903.7198,-0.17064990018598114,0.00011102031918450237,2.475999484730096e-05
2024-01-18 02:00:00+00:00,6661.0,5946336.6898534,73.29041,3119170.2894383,0.04910651788713283,13370.0,31001042.9858,449.139,19116256.4668,0.23326537597823305,0.0002484156471426633,0.00013739532795931098
2024-01-18 02:15:00+00:00,6066.0,5261122.9722353,70.99525,3025015.3079726,0.14995042843005746,12785.0,31426142.0085,406.419,17320560.7864,0.10230271229062837,0.00013486753975732488,-0.00011354810738595233
2024-01-18 02:30:00+00:00,8444.0,6413840.7297775,68.28382,2913991.529868,-0.09134272189228865,15117.0,43992683.51448,574.628,24530391.21518,0.1152032226952433,0.00011688234282983777,-1.7985196926417757e-05
2024-01-18 02:45:00+00:00,5689.0,5160800.3513268,43.66873,1863760.1714466,-0.27772436654425414,11423.0,27747353.572,302.297,12903665.1801,-0.06991741416946118,0.00017378640570329525,5.690406287328642e-05
2024-01-18 03:00:00+00:00,7173.0,7216326.4107363,64.0805,2735447.9944465,-0.24187243238422318,13236.0,35277852.0366,376.317,16063381.4574,-0.0893220233060339,8.158373731183635e-05,-9.220266839271574e-05
2024-01-18 03:15:00+00:00,5307.0,3935861.4613856,31.32405,1335931.1050304,-0.32114932492563275,9155.0,17556236.8014,208.838,8907642.2603,0.014755310157319235,0.00021065269336842263,0.0001290689560580205
2024-01-18 03:30:00+00:00,6366.0,5648383.5964546,52.00508,2217000.9738431,-0.21499631319846046,11613.0,26913083.1777,270.347,11525621.3212,-0.14349305539619095,1.290591296160909e-05,-0.0001977467804064048
2024-01-18 03:45:00+00:00,7809.0,8507047.782754,95.83334,4080506.1670932,-0.0406763259598828,16452.0,57838922.19429,538.368,22925760.0101,-0.2072549369751815,5.963165014977036e-05,4.6725737188779704e-05
2024-01-18 04:00:00+00:00,5021.0,4158858.0121001,41.84342,1781998.4010152,-0.14303474856293852,8242.0,18480316.6341,192.591,8202522.1549,-0.11229636187459546,4.57821439152574e-05,-1.3849506235175113e-05
2024-01-18 04:15:00+00:00,7327.0,7575245.4841893,70.44508,3002760.6155998,-0.20721760849413473,13716.0,37367216.1775,511.187,21789722.0787,0.1662480809485769,0.0001945860715609793,0.00014880392764560213
2024-01-18 04:30:00+00:00,5704.0,5612318.5786637,74.66612,3182592.471754,0.13414533660053896,7964.0,14378702.314,151.094,6441730.5959,-0.10398999085919869,8.915374334319065e-05,-0.00010543232821902393
2024-01-18 04:45:00+00:00,6470.0,5686309.0311163,57.88417,2469496.2360858,-0.1314238383554739,12722.0,28467666.78608,360.068,15364922.45608,0.07946482383256481,0.00011951785107076005,3.0364107729496936e-05
2024-01-18 05:00:00+00:00,6227.0,4585355.7487812,58.3038,2487170.1367139,0.08483191838495707,11060.0,22012449.9284,288.681,12316139.5639,0.11901579369500137,0.00018280293191809416,6.328508084685325e-05
2024-01-18 05:15:00+00:00,8534.0,9344655.3423104,124.00769,5290245.8776031,0.13225061466956656,11581.0,30790476.867,328.158,14000710.2673,-0.09058178424606333,0.00017592871254668949,-6.87421937328736e-06
2024-01-18 05:30:00+00:00,7494.0,7585517.4605955,90.10314,3849282.6965319,0.014903127315381015,18654.0,55445220.202,679.914,29055330.6268,0.04807341447809521,0.00010483244835935621,-7.109626418611015e-05
2024-01-18 05:45:00+00:00,9272.0,9626334.5644773,114.55333,4894225.0185108,0.01684083089554478,19948.0,58304789.7532,719.967,30769088.8043,0.05545664205439538,5.12147663273432e-05,-5.3617682031159575e-05
2024-01-18 06:00:00+00:00,8006.0,7503271.1337303,96.26483,4114911.2555626,0.09683128390879436,14442.0,40419305.6759,393.02,16802849.4954,-0.1685730759388726,9.655187093116936e-05,4.53371046020834e-05
2024-01-18 06:15:00+00:00,17145.0,11603248.9727191,164.54865,7045568.9008301,0.21441312125513168,30448.0,98025316.59473,1484.623,63583713.09493,0.2972916651278301,8.050031533621042e-05,-1.6051555594032152e-05
2024-01-18 06:30:00+00:00,9299.0,10476688.5963077,101.06322,4329663.513715,-0.173467174496166,26782.0,86880762.1883,902.175,38654032.7907,-0.11018200538057799,0.000154420148561988,7.39198332251334e-05
2024-01-18 06:45:00+00:00,7115.0,6292186.4701214,72.3263,3094626.2820647,-0.01635900437483606,17142.0,43975170.6348,396.001,16946470.2067,-0.22927097441257838,0.00023484559594265283,8.042544738096069e-05
2024-01-18 07:00:00+00:00,7213.0,6620590.4880561,63.3945,2713190.007908,-0.18037824184935158,15362.0,43648274.3706,506.539,21683536.826,-0.0064424246469043656,4.321624651206546e-05,-0.0001916293494304
2024-01-18 07:15:00+00:00,12129.0,12657123.7296078,170.91261,7329220.4640656,0.15811785056994254,35292.0,98166311.18276,1242.111,53271502.22386,0.0853316495652443,0.00012956893644841034,8.635268993728573e-05
2024-01-18 07:30:00+00:00,13745.0,16741931.4232248,154.52943,6625987.4790685,-0.2084560243895427,28217.0,82700879.4759,794.219,34057617.3952,-0.17636625847189957,1.935603407512901e-05,-0.00011021290237422932
2024-01-18 07:45:00+00:00,9360.0,15316033.777384,174.32617,7475600.8975307,-0.023820264934471425,22163.0,71988935.5478,661.0,28355387.3513,-0.2122292923063912,-6.531419629691867e-05,-8.467023037184163e-05
2024-01-18 08:00:00+00:00,7462.0,7959758.0394473,99.9295,4286473.9761282,0.07703625031944794,13198.0,30045525.1882,386.894,16596447.4634,0.1047533607379274,6.920364433344522e-05,0.0001345178406300107
2024-01-18 08:15:00+00:00,8687.0,8492927.9046179,68.17519,2924038.5162342,-0.31141802943027486,21784.0,54567445.5508,507.379,21764018.4058,-0.20230759618246696,4.3388734845037913e-05,-2.581490948827536e-05
2024-01-18 08:30:00+00:00,7718.0,8071799.554743,83.40957,3575321.3251956,-0.11412038890516396,14720.0,42369807.958,392.812,16838025.6627,-0.20518753923118727,-4.665931004823522e-06,-4.805466585011686e-05
2024-01-18 08:45:00+00:00,8678.0,9749170.2620797,101.78425,4358602.9758152,-0.10585150148246159,18156.0,59250619.3232,543.164,23259183.341,-0.21488809377245788,9.902821564859101e-05,0.0001036941466541208
2024-01-18 09:00:00+00:00,9597.0,10969381.8797186,91.00016,3891639.9761884,-0.29045409871568206,26094.0,76551269.39819,785.239,33577436.6419,-0.12274644415775249,0.0001754560399394501,7.64278242897376e-05
2024-01-18 09:15:00+00:00,9254.0,11058032.0684455,142.69182,6103983.7461121,0.10399096481733694,23936.0,65218770.3613,820.543,35100127.3232,0.07638114391767115,8.576055774385164e-05,-8.969548219361911e-05
2024-01-18 09:30:00+00:00,14058.0,11778016.6188615,153.55965,6568983.0575383,0.11546506854449978,27600.0,79541700.1479,913.978,39095697.9646,-0.016976054273283636,-2.5227432311238847e-05,-0.00011098799005537785
2024-01-18 09:45:00+00:00,8961.0,8479705.8464611,110.00605,4710193.8004427,0.11093330021782322,22633.0,71039308.7677,793.288,33973120.4124,-0.04354023140926666,5.6782221618429066e-05,8.200965392823889e-05
2024-01-18 10:00:00+00:00,9207.0,9708351.8382651,94.28175,4031836.4372373,-0.1694086690706924,19698.0,53177201.9193,587.993,25144030.7804,-0.054330432106684756,5.98898775057099e-05,3.1076558890674733e-06
2024-01-18 10:15:00+00:00,10944.0,9544964.9123427,90.73403,3876516.5962744,-0.18773581005800577,19562.0,55285196.4699,557.538,23822281.7391,-0.13820395837536603,0.00013669298496045057,7.680310745250551e-05
2024-01-18 10:30:00+00:00,10422.0,8489321.2315325,76.18126,3255464.3983532,-0.23304483136739051,18920.0,48949396.31218,553.534,23654385.3017,-0.03351677104078532,-4.919426240294109e-06,-0.00014161241120014267
2024-01-18 10:45:00+00:00,14452.0,14929157.761469,126.78598,5404369.3913006,-0.2759980867442021,49300.0,168253177.64627,1562.231,66596224.7048,-0.20838077905655095,7.749762520622671e-05,8.241705144662603e-05
2024-01-18 11:00:00+00:00,41370.0,32972857.5626445,312.24698,13263911.646727,-0.19546483822173144,84389.0,268454820.47601,2845.545,120893736.5116,-0.09933644478994597,6.219230711425608e-05,-1.5305318090241826e-05
2024-01-18 11:15:00+00:00,14644.0,20834579.4810563,292.01359,12402363.7871766,0.1905557103711515,46104.0,147838313.5461,1852.321,78681629.9209,0.06442813143109816,7.768791356546715e-05,1.549560644953374e-05
2024-01-18 11:30:00+00:00,12610.0,14036986.2610484,166.52137,7076172.6049657,0.008218213421146592,28503.0,69032835.5164,802.523,34104098.8896,-0.011945586922966323,-1.2012675492724767e-05,-8.970058905788392e-05
2024-01-18 11:45:00+00:00,14542.0,18993046.4523332,226.75646,9628253.4519524,0.013871416164479067,41669.0,128143924.7815,1432.826,60829669.2873,-0.05060393005721464,-5.8806579297016226e-05,-4.6793903804243087e-05
2024-01-18 12:00:00+00:00,11209.0,9399111.6731299,117.31975,4988346.0733479,0.06145053848195925,21215.0,53308213.7057,689.114,29300809.1013,0.09929810303011521,-0.00010789262790005422,-4.90860486035416e-05
2024-01-18 12:15:00+00:00,10743.0,12633574.9863005,110.27093,4683975.59477,-0.2584877044147561,26462.0,80865964.1115,862.281,36622723.9729,-0.09423638547353042,2.332787170621022e-05,0.00013122049960578863
2024-01-18 12:30:00+00:00,15054.0,15140906.8837886,169.14091,7172748.916636,-0.05253377863173081,46091.0,144577648.2345,1794.837,76120367.9671,0.05300326705598879,0.00011140674342651181,8.807887172146422e-05
2024-01-18 12:45:00+00:00,10560.0,10402768.1435459,119.17411,5057472.1691345,-0.027668001565090194,29147.0,74002410.6034,979.461,41566776.4344,0.12338979488568813,7.185367767302847e-05,-3.9553065752429006e-05
2024-01-18 13:00:00+00:00,8919.0,9081550.2101149,99.6304,4227669.73464,-0.06895416821430278,21068.0,55711468.1079,636.725,27021695.4879,-0.02994136016788007,0.0001592956308764353,8.744195320176118e-05
2024-01-18 13:15:00+00:00,12606.0,11847300.8136804,141.65666,6006891.1910255,0.014052278319662603,28362.0,72341485.3517,792.246,33598720.0568,-0.0711078188827804,0.00016092614209102757,1.6305112140457823e-06
2024-01-18 13:30:00+00:00,11181.0,12797231.39169,154.89219,6567724.834681,0.026429019474604853,24947.0,60995862.6423,792.402,33603328.149,0.10182319565053377,9.783599747771421e-05,-6.309014461258755e-05
2024-01-18 13:45:00+00:00,19595.0,21370686.5825299,307.65668,13072397.6731477,0.22339519815279307,52350.0,151945199.43539,2108.158,89618494.87479,0.1796160090322234,0.00017428563486549263,7.644963738862032e-05
2024-01-18 14:00:00+00:00,15279.0,17352626.5236638,209.41531,8919355.9037061,0.028012202249931617,57414.0,189568256.4277,2190.981,93348371.1378,-0.015147652915166177,7.527711391101669e-05,-9.900852095512391e-05
2024-01-18 14:15:00+00:00,15459.0,13239927.1616884,158.83981,6749648.8281669,0.01959002428623058,46156.0,123390068.5961,1565.849,66554880.53359,0.07877208094353239,0.00024833708844660524,0.00017305997453576083
2024-01-18 14:30:00+00:00,11196.0,11303672.5256901,141.9703,6042051.6333827,0.06904222847057895,31505.0,81140452.207,857.968,36522297.0974,-0.09977585522380861,0.0001625300578491632,-8.580703059735129e-05
2024-01-18 14:45:00+00:00,21229.0,13679708.7372998,166.49323,7082746.5517953,0.035511309167441274,34530.0,98321391.4438,1063.631,45258435.4437,-0.07937764551329629,0.00020263810432026943,4.01080464715875e-05
2024-01-18 15:00:00+00:00,32215.0,17631278.3344175,230.85966,9844220.2819407,0.11667686202016192,56235.0,174121085.48216,2283.953,97432410.63466,0.11913396777718432,9.124802740966653e-05,-0.00011139007691163272
2024-01-18 15:15:00+00:00,16883.0,16669629.3378707,191.49384,8178089.4410963,-0.018803684792558117,52165.0,157828445.9712,1688.431,72135199.5277,-0.08590369646213203,1.1467284714306693e-05,-7.978074269487934e-05
2024-01-18 15:30:00+00:00,12710.0,18192156.3033431,226.28046,9675409.8534487,0.06369027311739717,38483.0,129277506.78673,1367.163,58478605.01963,-0.09530116300738134,6.790384350080499e-05,5.643655878628806e-05
2024-01-18 15:45:00+00:00,11876.0,14984488.6148571,191.11698,8157912.1259141,0.08884758573950147,35745.0,116234015.44358,1221.052,52116553.7156,-0.10324781404635586,1.430149114161589e-05,-5.360235235940536e-05
2024-01-18 16:00:00+00:00,8447.0,8629537.1831704,110.42084,4709699.1698339,0.0915299557475473,19649.0,74238869.5974,840.608,35856926.9539,-0.034012043869919406,-9.854734179157694e-06,-2.4156225320481894e-05
2024-01-18 16:15:00+00:00,15588.0,14786176.061295,139.16443,5922058.7099922,-0.19897359730565323,40530.0,146871177.85999,1492.175,63496709.7795,-0.1353414508593317,0.00020693305860052696,0.00021678779277856108
2024-01-18 16:30:00+00:00,13882.0,13415318.8793598,156.32267,6643794.1861448,-0.009521242709088384,36555.0,117064625.66547,1462.639,62171177.6236,0.0621684777989826,0.00011094375339770998,-9.598930520127169e-05
2024-01-18 16:45:00+00:00,59388.0,81868601.7788161,849.81291,35869127.1547033,-0.12373910448328662,188560.0,838373353.27062,8066.784,340428909.96387,-0.18788232322555143,3.9635952092257744e-05,-7.130780130459868e-05
2024-01-18 17:00:00+00:00,59745.0,94001163.5779623,999.5742,41854534.3922477,-0.10948901483470341,206049.0,807466916.43352,8313.104,348203106.32776,-0.13754211041678488,0.00011704006871765288,7.740411662382485e-05
2024-01-18 17:15:00+00:00,30579.0,47049515.971176,510.49274,21340200.602173,-0.09286205557367799,122863.0,387150355.96907,4038.827,168829893.10292,-0.1278329439717315,-9.591912099855315e-06,-0.0001266319808177485
2024-01-18 17:30:00+00:00,29897.0,34411972.9994798,494.72304,20752992.2810551,0.206149515540351,119176.0,370248765.773,5175.923,217248316.5541,0.17352621608626895,-4.3703470062415605e-05,-3.411155796229082e-05
2024-01-18 17:45:00+00:00,20602.0,27532259.4002059,341.35099,14322118.5455231,0.04038817427501007,80063.0,261686593.29177,2711.09,113790047.1355,-0.13033338311964127,7.236065412887022e-05,0.00011606412419062906
2024-01-18 18:00:00+00:00,36639.0,59737084.8158432,608.0825,25355637.8005166,-0.15109222759420982,135610.0,530759130.91605,5799.828,241826195.61523,-0.08875351725798364,-6.72002751397694e-05,-0.00013956092926825647
2024-01-18 18:15:00+00:00,39039.0,58706465.3148349,669.30413,27841126.18231,-0.05151413790621617,159315.0,595611645.46035,6709.507,279234988.76935,-0.062358867904510396,7.51509522847209e-05,0.00014235122742434214
2024-01-18 18:30:00+00:00,21704.0,44563556.8328474,530.24486,22033164.5120664,-0.011157722678637128,100612.0,301800984.75527,3797.116,157833777.48623,0.04594607346438706,0.00013044538678866677,5.52944345031392e-05
2024-01-18 18:45:00+00:00,15373.0,21080659.6034108,275.69433,11449575.2983626,0.08626347692745684,64664.0,189524429.5406,2457.376,102072829.8851,0.07714694229678631,0.0001046751911729707,-2.5770195614782665e-05
2024-01-18 19:00:00+00:00,14296.0,15818737.7828764,191.36106,7944669.412018,0.004463127344839446,48152.0,117561005.7758,1423.095,59088187.6323,0.005234469412192411,0.00018668929475427486,8.201410358310568e-05
2024-01-18 19:15:00+00:00,29728.0,37280178.3363465,420.4692,17408877.4598719,-0.0660518143015949,117796.0,393693522.07935,4210.241,174344430.93634,-0.11431394646518767,6.584881791643002e-05,-0.00012084047683913468
2024-01-18 19:30:00+00:00,24280.0,35707560.5950432,497.60089,20629722.3349436,0.15548203188135723,87232.0,238864705.5336,3260.035,135133371.6678,0.1314636992177265,9.892638404812861e-05,3.3077566131467506e-05
2024-01-18 19:45:00+00:00,13404.0,21699232.458623,237.44539,9838689.1595871,-0.09317629751670498,54780.0,125057427.48996,1489.021,61689425.4998,-0.013422445384099757,9.448656406892406e-05,-4.439819978330206e-06
2024-01-18 20:00:00+00:00,65896.0,117808519.3003406,959.63422,39419922.0517436,-0.33077977236524636,196954.0,888083525.89862,8709.147,357553090.6404,-0.19477598623709458,-0.00019796061623582561,-0.0002924471803051887
2024-01-18 20:15:00+00:00,21559.0,39202112.9983276,544.81788,22368999.8225076,0.14121398626966286,116018.0,322487136.46057,4258.256,174842544.08527,0.08433809797339142,-3.5488032151053734e-05,0.00016247258408519372
2024-01-18 20:30:00+00:00,19675.0,37356959.7351087,462.9763,18987563.1556789,0.016547561167514768,90334.0,307824103.04527,3574.627,146644151.8079,-0.04722112169147552,0.00020136978006798852,0.00023685781221693958
2024-01-18 20:45:00+00:00,33518.0,62016031.2244143,671.95451,27425400.9405877,-0.11553834068017743,149696.0,495421358.9558,5839.46,238331612.81257,-0.03786298872982896,9.126886422723884e-05,-0.00011010091584040538
2024-01-18 21:00:00+00:00,35807.0,48444277.2799529,619.26212,25455542.1538971,0.05092050426484751,128567.0,453929157.51628,5477.375,225272545.56153,-0.0074550540259107345,0.00028892180948521766,0.00019765294525875277
2024-01-18 21:15:00+00:00,31540.0,36561295.1091831,465.8886,19066354.847129,0.042980276830516306,83664.0,269180686.74908,3561.41,145808507.27242,0.08335043671492781,-1.4899232946202391e-05,-0.0003038210424310961
2024-01-18 21:30:00+00:00,22006.0,23414094.6932543,313.11238,12819190.6087538,0.09499775897353513,70244.0,181615290.46027,2272.555,93011842.31109,0.024273254475092765,-4.16968877722931e-05,-2.679765482582752e-05
2024-01-18 21:45:00+00:00,16735.0,28202322.3857238,392.1816,16096423.4427932,0.1414963081864007,72809.0,197585241.06552,2660.21,109152850.62986,0.1048684612396178,-0.0001052788596038259,-6.358197183153891e-05
2024-01-18 22:00:00+00:00,14230.0,27162784.5478358,333.84053,13753526.1815457,0.012674246068156814,59778.0,178019144.64561,2493.312,102724489.18221,0.15408361709306995,-8.024833215455819e-05,2.5030527448066664e-05
2024-01-18 22:15:00+00:00,13615.0,25697227.9488906,340.88785,14053322.695834,0.09376176479305487,49569.0,141774442.504,1803.179,74313765.04083,0.04833796174135285,-0.0002104000663201244,-0.00013015173416519588
2024-01-18 22:30:00+00:00,10531.0,20269567.6540914,251.5632,10377996.3821939,0.023997803929390438,37063.0,81917663.365,923.372,38084291.3718,-0.07018120860923316,-0.00029397517395975034,-8.357510763801201e-05
2024-01-18 22:45:00+00:00,14245.0,19679104.5259154,253.71872,10475833.8543836,0.06466570575789987,41850.0,121317283.55739,1568.975,64808576.86239,0.06841457312604327,-0.00023488815678404077,5.90870171741642e-05
2024-01-18 23:00:00+00:00,5510.0,7963951.9648086,130.71746,5402377.9382633,0.3567078159525632,16420.0,32241309.4089,386.461,15968934.5268,-0.009411539446231076,-0.00020241600621066886,3.247215057378128e-05
2024-01-18 23:15:00+00:00,12661.0,16460392.6445504,190.1198,7848683.3470847,-0.046355270305998286,28264.0,81490747.73553,785.707,32429174.1756,-0.20410169063988437,-9.390506399050905e-05,0.00010851094221919766
2024-01-18 23:30:00+00:00,6481.0,8549659.1277275,139.43042,5759676.5265984,0.34734647090645443,20128.0,51431036.36919,709.153,29282512.62539,0.1387098021976405,-0.0002468126099895465,-0.00015290754599739387
2024-01-18 23:45:00+00:00,6526.0,8757114.8347706,119.48041,4936118.3670005,0.12733896040768444,17431.0,41035946.7863,466.563,19272343.7992,-0.06070919237890526,-9.9249216073094e-05,0.00014756339391652773
2024-01-19 00:00:00+00:00,5950.0,8129121.2817378,119.75966,4945907.2441823,0.21683686902134403,13629.0,40423691.3408,481.221,19872109.1965,-0.01680878032813904,-0.00010647230641179547,-7.223090339181226e-06
2024-01-19 00:15:00+00:00,11201.0,12792214.8187271,155.94216,6439599.7371701,0.006799811982969528,35990.0,112389942.1964,1355.775,55976172.7969,-0.0038935566123462495,3.417602276015906e-05,0.00014064832917171088
2024-01-19 00:30:00+00:00,12532.0,13298862.4390021,152.28705,6274292.8358727,-0.05641661237553164,35488.0,98489527.55613,1090.574,44918912.84,-0.08784387630653745,2.407616531482022e-05,-1.0099857444600957e-05
2024-01-19 00:45:00+00:00,11093.0,13740803.5683739,187.08983,7714191.3463383,0.12281516986290852,34988.0,96272748.49939,1174.165,48406835.31272,0.005618642185679645,-7.752764348911044e-05,-0.00010160380880464004
2024-01-19 01:00:00+00:00,7112.0,7239586.5167779,76.86618,3174879.1724093,-0.12291146323026925,18828.0,49348578.2194,563.516,23278208.6817,-0.056580370838370864,-8.47688535520247e-05,-7.241210063568815e-06
2024-01-19 01:15:00+00:00,8313.0,9555062.3621031,117.25781,4838408.5320387,0.012742428815242235,19362.0,48993707.3151,581.082,23975840.0726,-0.021268591968316763,-0.00010879640774196307,-2.4027554189842704e-05
2024-01-19 01:30:00+00:00,9993.0,11644486.1845137,128.8915,5310891.288985,-0.08782728497748737,27264.0,72392132.80393,808.428,33301602.5658,-0.07996625390232637,-0.0001356156625044634,-2.681925476188951e-05
2024-01-19 01:45:00+00:00,13579.0,23044220.0561944,313.51088,12921831.7594496,0.12148137172263707,30824.0,84767033.5816,1183.909,48774862.329,0.1507979049909174,-0.0001333063490940916,2.3093134089435807e-06
2024-01-19 02:00:00+00:00,9445.0,8041570.8452793,98.70315,4075217.5514906,0.013537685583632886,17002.0,44119887.40119,598.503,24714114.54949,0.1203163020231739,-8.72342385245949e-05,4.607211057106042e-05
2024-01-19 02:15:00+00:00,8300.0,8195182.7792957,85.94062,3545233.3393596,-0.13480066648024658,17079.0,41823041.5259,483.987,19968741.807,-0.045084189076308956,-0.00010226854419930409,-1.5034305675953874e-05
2024-01-19 02:30:00+00:00,8326.0,8642658.8217768,99.97397,4121730.8890321,-0.046189147569582256,14869.0,28079978.07213,334.358,13784016.009,-0.01823171132167356,-0.00014101597787807957,-3.8747433677599474e-05
2024-01-19 02:45:00+00:00,15064.0,13827510.5813677,152.94782,6292375.2121649,-0.08987591437554165,35427.0,93394405.46687,989.131,40686098.7364,-0.12872514080444208,-0.0001873654836893811,-4.634950581028363e-05
2024-01-19 03:00:00+00:00,13021.0,14430543.1713382,151.22393,6218505.6174545,-0.13814670125437367,27988.0,68667546.6281,939.497,38632888.1324,0.1252153318257836,-0.00017122321517311237,1.6142268515650926e-05
2024-01-19 03:15:00+00:00,12436.0,18522138.7531871,200.57613,8239598.7621767,-0.11029726405014506,35280.0,100811845.22558,1068.657,43890195.6876,-0.12926510591310358,-0.00014877635131165402,2.244686386099204e-05
2024-01-19 03:30:00+00:00,19234.0,24723074.4082872,236.34379,9688074.4229983,-0.2162726800878092,47229.0,141575694.08371,1291.536,52924959.077,-0.2523439928084428,-0.0002200426637656064,-7.12663124531332e-05
2024-01-19 03:45:00+00:00,20960.0,32305266.251025,349.04511,14261957.3224758,-0.11705062501855779,80188.0,278711364.25224,3190.804,130353398.15785,-0.06459933194631229,2.0722975868751075e-05,0.00024076563963326691
2024-01-19 04:00:00+00:00,11329.0,16344233.9195187,242.95292,9967248.138676,0.21966538018926163,40504.0,131763881.7361,1541.96,63257937.8385,-0.03982886652968254,-0.00014785824197178512,-0.00016858121784046887
2024-01-19 04:15:00+00:00,11069.0,11751564.3874145,167.10926,6865005.4712111,0.168356015402217,24942.0,69136077.12875,960.841,39465490.00995,0.14167571111836796,-0.00012396630324357452,2.389193872787132e-05
2024-01-19 04:30:00+00:00,9725.0,9050530.0932858,139.44921,5739862.8218098,0.2684036763919404,28372.0,74136791.29663,1115.127,45896191.13393,0.2381488416539086,-2.42815690761361e-05,9.96847341667717e-05
2024-01-19 04:45:00+00:00,7946.0,8965964.7124869,105.75365,4352859.9278048,-0.029025862271670366,21068.0,56505906.4249,544.827,22422857.0684,-0.20635351285970704,-0.00010236856802725839,-7.808699895051063e-05
2024-01-19 05:00:00+00:00,5910.0,6983133.5336081,65.02602,2674139.7547131,-0.2341146730638547,21334.0,59308399.31887,622.157,25581321.0088,-0.13734576206440097,2.3601538870186818e-05,0.00012597010689852084
2024-01-19 05:15:00+00:00,6805.0,8251184.577002,104.19027,4286094.3584243,0.0389040066733346,24598.0,59898504.668,704.223,28963270.8732,-0.03292173874005733,-0.00015083980270774521,-0.00017444134157784674
2024-01-19 05:30:00+00:00,6799.0,7677669.4462601,120.57744,4965976.0670094,0.29361549146359667,16880.0,37779294.99643,486.142,20016216.60243,0.05963949853068762,-0.0001723282152881149,-2.148841257998413e-05
2024-01-19 05:45:00+00:00,7389.0,6823750.2098437,96.63134,3981603.9768859,0.1669840936270437,20774.0,51670625.6724,611.122,25179693.9834,-0.025376849777540067,-6.06911754003977e-05,0.00011163703988792406
2024-01-19 06:00:00+00:00,6810.0,6642540.4646581,78.89133,3250536.9679232,-0.02129705186808839,13357.0,24629296.5419,281.278,11588154.0013,-0.05899431747180195,-8.250664911212893e-05,-2.1815473713715505e-05
2024-01-19 06:15:00+00:00,8282.0,10546739.6393574,151.91403,6265048.8260657,0.1880541362159618,19791.0,49795419.10438,641.716,26463666.34578,0.06289561657498965,-0.00017353377335534807,-9.102712424180481e-05
2024-01-19 06:30:00+00:00,7928.0,8301784.8282063,97.97338,4042584.3333875,-0.02609272173561039,17087.0,42390926.302,485.604,20032663.8555,-0.05486076370287474,-0.00016211208086718576,1.1421692487800783e-05
2024-01-19 06:45:00+00:00,10257.0,11858622.6302721,158.51458,6551193.7643553,0.10488274542639364,33795.0,102070211.44689,1447.144,59806617.26519,0.17187211464353758,-0.000239102898672192,-7.699081780465633e-05
2024-01-19 07:00:00+00:00,19561.0,35715678.6279238,495.29065,20527143.8050577,0.14947522173126737,70191.0,235194072.89879,3219.795,133436114.51169,0.1346894321534282,-0.000277320602477864,-3.821770380696421e-05
2024-01-19 07:15:00+00:00,16188.0,22096667.5346821,239.4754,9938626.0791564,-0.10044118068418173,52310.0,183039018.35077,2073.882,86064658.30631,-0.05960314820549906,-2.173353956138599e-05,0.0002555870629183943
2024-01-19 07:30:00+00:00,9250.0,9294106.7546155,111.17722,4607315.9785477,-0.008551095830767519,26373.0,78848993.1462,950.814,39399332.7918,-0.0006382778091621466,-0.00016394394602472817,-0.00014221040646589245
2024-01-19 07:45:00+00:00,13175.0,24253882.7513725,397.44457,16455897.1886181,0.35697012781896764,32981.0,92813322.5781,944.077,39079906.441,-0.15788153348103073,-0.000173681706697277,-9.737760670702755e-06
2024-01-19 08:00:00+00:00,15355.0,28789775.3815245,456.20986,18850632.0444992,0.3095365833660775,35377.0,98748340.39889,1052.998,43503895.7327,-0.11889363290627997,-5.450168805192517e-05,0.00011918001864508199
2024-01-19 08:15:00+00:00,14968.0,17271183.4450293,163.71589,6752690.686609,-0.2180396082177628,40019.0,118443822.78291,1053.558,43440127.9454,-0.2664855469074259,-9.422177676214352e-05,-3.9720088709671586e-05
2024-01-19 08:30:00+00:00,9495.0,10393759.2558405,148.9125,6136373.2169293,0.1807803251708231,25385.0,73012442.9528,1015.631,41855664.8653,0.14653511572974565,-0.00016292475959411555,-6.870298283168097e-05
2024-01-19 08:45:00+00:00,7239.0,7044732.1106149,104.68348,4313126.2320647,0.2244968763441677,13550.0,30696427.6098,440.76,18158489.9642,0.18310118656301277,-0.00013423188614855732,2.8692873444313705e-05
2024-01-19 09:00:00+00:00,12387.0,11667293.441153,175.14399,7232909.8684491,0.2398607963243824,33029.0,98712419.17199,1444.977,59678436.11759,0.20913734296411546,-0.00011117113718075124,2.3060748967296263e-05
2024-01-19 09:15:00+00:00,12118.0,14468569.9615728,179.61609,7429556.6104805,0.026992526588698773,33791.0,109126555.6803,1516.78,62750692.9016,0.15005357789237062,3.8893590884728254e-05,0.0001500647280661127
2024-01-19 09:30:00+00:00,12156.0,14577572.0972902,166.17868,6873971.9634791,-0.0569112719728011,31823.0,86823523.33291,988.389,40906274.36142,-0.057714481257069905,0.00010600909413061168,6.711550324567384e-05
2024-01-19 09:45:00+00:00,12347.0,14823770.2935252,168.43947,6955032.5898658,-0.06163783542926948,27143.0,74778800.7491,942.138,38901866.6746,0.040451739928931696,8.299420847940751e-05,-2.3014885650596284e-05
2024-01-19 10:00:00+00:00,11406.0,14754570.1183419,189.76986,7850529.3082013,0.0641488359517901,24566.0,62022559.4439,851.894,35248142.8008,0.13662329052003375,-4.51718808260165e-05,-0.00012816608930599216
2024-01-19 10:15:00+00:00,9105.0,9118843.6903459,128.12069,5305786.4080438,0.16369719412144867,22445.0,56212985.25786,713.599,29556269.80706,0.05158157573306554,4.560705708466234e-05,9.077893790987446e-05
2024-01-19 10:30:00+00:00,11739.0,10757534.2408885,120.98632,5013401.2791934,-0.06792743263825729,28511.0,80352674.92616,830.672,34426451.74136,-0.14311622424527493,0.00013326882369435654,8.766176661012537e-05
2024-01-19 10:45:00+00:00,9296.0,8239817.3381692,85.8503,3552401.7874122,-0.13774744229912605,22421.0,56621292.8327,545.593,22580569.6099,-0.20240006964803026,6.818232924599236e-05,-6.50864944482521e-05
2024-01-19 11:00:00+00:00,11484.0,10359719.2466872,153.09509,6342259.2311562,0.22440755007609092,28382.0,67306015.6245,935.023,38744760.1385,0.151301552439439,-7.376243629578427e-05,-0.00014194476554152402
2024-01-19 11:15:00+00:00,10875.0,11453612.5101853,104.43887,4331534.2733628,-0.2436387612186257,24168.0,71276636.1959,811.173,33646071.606,-0.05590181013802098,-8.999734960249092e-05,-1.6234913307044962e-05
2024-01-19 11:30:00+00:00,8849.0,8782342.9569812,109.87676,4555299.0503875,0.03737671660076369,19240.0,43150374.6448,446.144,18496157.8515,-0.14271159850849868,-9.039874894291071e-05,-4.0139934043281755e-07
2024-01-19 11:45:00+00:00,9755.0,8394110.9226524,109.12715,4525249.1317635,0.07819617192611439,21500.0,52215981.2741,554.306,22988426.6853,-0.11948694156964379,7.028553440866819e-05,0.00016068428335103135
2024-01-19 12:00:00+00:00,10636.0,11231466.3973424,156.99445,6504631.7723067,0.15828718035355238,28046.0,74665130.6273,911.099,37752606.5124,0.011251334999912821,-8.849016613604442e-05,-0.00015877570054279033
2024-01-19 12:15:00+00:00,10142.0,10400597.280668,79.50645,3293910.202273,-0.36659210747530413,23396.0,69760483.8053,582.086,24114007.3328,-0.30866284126980326,-2.5141104450119058e-05,6.334906168525833e-05
2024-01-19 12:30:00+00:00,8997.0,11400065.9725349,117.44978,4856961.981985,-0.14790633779025164,25104.0,65062900.6239,717.147,29657680.5217,-0.08833820080853749,4.815020348008602e-05,7.329130792932403e-05
2024-01-19 12:45:00+00:00,12685.0,14721062.8438946,174.24279,7203874.6810998,-0.02128334652310404,30035.0,97383087.48879,1396.297,57732896.3754,0.18568630065350455,0.00021856212110173847,0.00017041191762245944
2024-01-19 13:00:00+00:00,11190.0,15167740.1512259,161.90839,6688984.7931468,-0.11799849859556344,27187.0,65309577.8104,815.648,33699642.8901,0.03199696032129662,0.00019568782943415891,-2.28742916679181e-05
2024-01-19 13:15:00+00:00,11322.0,12197970.0489268,131.71983,5442392.7822659,-0.10765598530966536,28329.0,80388522.759,882.424,36458810.5482,-0.09293492909426049,2.8074781539040884e-05,-0.00016761304789625342
2024-01-19 13:30:00+00:00,10321.0,10408642.5424447,139.22282,5759068.2482342,0.10659353028018503,23660.0,51626925.63746,748.749,30978547.24606,0.20009265953974453,9.666201883667566e-06,-1.8408579654405344e-05
2024-01-19 13:45:00+00:00,10353.0,9941408.933973,92.92534,3844618.0958488,-0.22654462332587477,22264.0,55271373.72679,665.891,27546704.5617,-0.00321983318651875,3.8255630422396414e-05,2.8589428538339234e-05
2024-01-19 14:00:00+00:00,10464.0,11005762.6613701,139.88167,5779886.8557473,0.05033826979288425,23795.0,64989476.8611,828.209,34227458.2658,0.05332308918113893,9.952859208587428e-05,6.127296166447138e-05
2024-01-19 14:15:00+00:00,15669.0,18844442.4196118,200.77468,8306555.4241631,-0.11840793808594763,34264.0,93429740.77805,987.913,40874009.10166,-0.12503216296490538,4.020025539795446e-05,-5.932833668786941e-05
2024-01-19 14:30:00+00:00,26080.0,29075253.3926018,284.29676,11697483.6638835,-0.19536497199643144,83691.0,286843598.39676,2960.92,121863396.031,-0.15031468917469482,7.3067813020627704e-06,-3.289347409740628e-05
2024-01-19 14:45:00+00:00,29321.0,52310230.0105785,593.5616,24343558.7164551,-0.06926202727335773,106446.0,383489332.47389,4400.498,180486572.19267,-0.05871398806140993,0.00013363540982016118,0.00012632862851980065
2024-01-19 15:00:00+00:00,34249.0,42532043.9852766,485.13498,19885244.6886321,-0.06492880071713392,105363.0,328176871.11055,4069.143,166819364.55568,0.01664303149191193,9.982584182049585e-05,-3.380956800036472e-05
2024-01-19 15:15:00+00:00,26045.0,30930293.4322943,378.86744,15505558.2940119,0.002613074328131404,93281.0,255977813.57796,3068.004,125583201.0481,-0.01879620508710489,0.00020031659861006283,0.00010049075678963959
2024-01-19 15:30:00+00:00,37723.0,46239484.2856926,598.66138,24540345.6104554,0.06144547196209382,105324.0,376041043.17616,4459.675,182865400.10538,-0.027417866088011222,1.4206525155279556e-05,-0.00018611007345548103
2024-01-19 15:45:00+00:00,26627.0,37814051.7312785,439.58403,17955412.1529209,-0.05033122181568317,88229.0,284779952.15129,3381.387,138146833.78736,-0.029799445194307883,2.8892244417701828e-05,1.4685719262885755e-05
2024-01-19 16:00:00+00:00,25123.0,27537507.6277698,369.21585,15120134.4601558,0.09814836291924389,73263.0,224018333.92717,3001.773,122988778.78906,0.09802422536580901,5.5995894953143706e-05,2.7103650536375312e-05
2024-01-19 16:15:00+00:00,23342.0,27063696.9632153,315.50712,12901020.1765553,-0.04661804378830914,63672.0,170609232.42336,2158.422,88254084.7748,0.034575720448715375,0.0002492102535104669,0.00019321435855523816
2024-01-19 16:30:00+00:00,38230.0,62536506.0151489,707.4775,28797226.9946726,-0.07902667322997758,159523.0,599898906.56267,6923.471,281810112.96841,-0.06047465702800048,7.042310747577481e-05,-0.00017878714603369872
2024-01-19 16:45:00+00:00,53501.0,71496641.4264933,730.08894,29549486.3609829,-0.1734021131226664,195968.0,711372466.84598,7906.55,320151340.30112,-0.09990516860856724,0.0002417725506791688,0.00017134944320496004
2024-01-19 17:00:00+00:00,32336.0,40676346.7473644,525.68512,21249542.196882,0.044810751017547945,122752.0,344257460.18623,4470.379,180768427.40077,0.050193232140743005,0.0003363711133236318,9.459856264371069e-05
2024-01-19 17:15:00+00:00,32212.0,41708971.2390471,537.32074,21717765.3175355,0.041395396355581315,97649.0,370725458.71898,4813.916,194673742.15037,0.050231310377515825,0.0002520961362967725,-8.427497702712117e-05
2024-01-19 17:30:00+00:00,45337.0,31255596.5306594,425.7481,17312907.5391591,0.10782768277523891,105871.0,308831233.16055,4025.207,163722322.62579,0.06027049758064318,0.00013405691349856484,-0.00011803922279796097
2024-01-19 17:45:00+00:00,57166.0,66066317.6412464,790.82683,32405776.7620801,-0.018992493631926455,154102.0,664534392.51774,9076.694,372071027.03778,0.11979464487339508,-0.0001674913835927736,-0.0003015482970916139
2024-01-19 18:00:00+00:00,34147.0,42684781.9286846,552.30888,22709385.5368899,0.06405067617922944,83058.0,274410186.269,3606.146,148292495.3764,0.08080896990486486,-1.1396886007139811e-05,0.00015609449758535732
2024-01-19 18:15:00+00:00,22309.0,32038967.9977901,362.44665,14932985.6957736,-0.06782355181954625,61975.0,219770877.91848,2432.998,100249093.18858,-0.08769447400792041,0.00011663961288873638,0.00012803649889647772
2024-01-19 18:30:00+00:00,28527.0,29369386.4129719,389.62451,16041182.7965344,0.0923743908690795,73972.0,243337134.89265,3164.606,130363979.538,0.0714680239455523,0.00015817492292919958,4.1535310039364504e-05
2024-01-19 18:45:00+00:00,25148.0,28419118.7079918,376.3087,15577196.0401264,0.09624764935063967,77392.0,267159349.89023,3385.066,140163333.43913,0.049286379059689134,5.0945823715059826e-05,-0.00010722909921234702
2024-01-19 19:00:00+00:00,67462.0,84345216.5404652,1083.51702,45223707.2552575,0.07234788432989836,182561.0,875729028.87167,12160.499,507678420.2878,0.15944179889050036,6.027361352178532e-05,9.327789804558506e-06
2024-01-19 19:15:00+00:00,26182.0,36084808.1302328,444.32212,18515098.8781285,0.02619910358431765,80129.0,230445060.54925,2528.828,105409455.4661,-0.08516628462451059,0.00017319159850270289,0.00011291798498191952
2024-01-19 19:30:00+00:00,18364.0,19519698.8946275,262.94924,10951659.6856524,0.12211358840854625,42857.0,123000740.3698,1619.142,67454340.4554,0.09681194198668197,0.0002919980333655842,0.00011880643486428255
2024-01-19 19:45:00+00:00,22802.0,32454420.0067838,501.66952,20978248.015404,0.2927821856634021,59593.0,159912688.23365,1866.52,78073198.13025,-0.023552177220903303,-9.072549116565746e-06,-0.00030107058248241003
2024-01-19 20:00:00+00:00,15068.0,15485182.0042636,162.1047,6779645.0076706,-0.1243699937393139,43108.0,116775382.55892,1236.839,51731312.4632,-0.11400311727347956,0.00010115652043108475,0.00011022906954671896
2024-01-19 20:15:00+00:00,32771.0,50152506.350855,756.76613,31771340.6614745,0.26698914862638223,95522.0,335531453.3863,4912.064,206227965.3076,0.2292615981379731,-0.00011503679114590607,-0.000216193311576518
2024-01-19 20:30:00+00:00,26533.0,36409443.0032107,395.35122,16613912.7135397,-0.08738440672796721,76477.0,226523601.72327,2154.114,90458250.3523,-0.20133487491685476,-0.0001909125626264942,-7.587577148271407e-05
2024-01-19 20:45:00+00:00,22234.0,26614464.6307828,325.01183,13637125.5933239,0.024790525190646617,48448.0,122948784.87034,1338.507,56164913.79884,-0.0863689485329896,-0.00016289280485081602,2.8019757777997256e-05
2024-01-19 21:00:00+00:00,34139.0,64074501.3947249,626.88572,26154763.3328778,-0.1836139879808395,89666.0,306724033.31179,3187.305,132953110.6182,-0.13307666710908828,0.0003747495707811984,0.0005376423756313642
2024-01-19 21:15:00+00:00,25675.0,26723310.300542,313.78903,13081368.7755169,-0.0209769202693737,54965.0,175820032.86408,2101.518,87619557.34485,-0.0033040499703983484,0.00025736416979827207,-0.00011738540098349404
2024-01-19 21:30:00+00:00,14459.0,15011876.872663,152.26946,6337942.0641484,-0.1556096392330596,31524.0,84943103.2643,942.973,39253470.0558,-0.07577028511277628,0.00018732713926052265,-7.003703053776178e-05
2024-01-19 21:45:00+00:00,15402.0,17428659.6786527,224.57812,9352364.6765646,0.07321674173484949,33142.0,103480627.7517,1476.764,61526460.1681,0.18913967773237106,0.0002294726586924657,4.2145519431713296e-05
2024-01-19 22:00:00+00:00,11076.0,7943921.3326339,89.70598,3735472.022594,-0.059539523069405687,21970.0,52506374.6846,675.525,28132559.0173,0.07158641922201547,3.0503574384813362e-05,-0.00019896908430716564
2024-01-19 22:15:00+00:00,11074.0,11013346.8244313,148.44378,6174041.6467432,0.12119263020884863,25921.0,62402254.89744,782.255,32537525.268,0.04283171566400634,0.00021953828353023228,0.0001890347091464406
2024-01-19 22:30:00+00:00,9945.0,10139260.789283,117.66384,4895691.6942538,-0.03430993718428654,16590.0,45160954.55193,561.333,23359689.83283,0.03450824122723062,0.00026656132449105584,4.702304095971499e-05
2024-01-19 22:45:00+00:00,8103.0,6505190.8752394,82.0889,3417086.5889608,0.05057227512483897,11173.0,33889424.6568,456.478,19001733.0612,0.12139602567063656,9.28115083090163e-05,-0.00017374981618090146
2024-01-19 23:00:00+00:00,10451.0,9385382.0068491,139.93083,5830259.3316695,0.2424127920237653,18734.0,69926093.9386,1113.601,46404073.9092,0.3272319758042259,9.59483414866757e-05,3.13683317543223e-06
2024-01-19 23:15:00+00:00,16453.0,15195234.064791,200.68107,8361411.223983,0.10053075699008729,25416.0,97962573.2255,906.752,37782330.0992,-0.22863745091242393,0.00016533306431383611,6.938472282769226e-05
2024-01-19 23:30:00+00:00,10866.0,9754155.4037322,122.42388,5100646.036291,0.045840634103360145,15152.0,50675911.4114,669.631,27903094.8926,0.10123702230337983,0.0001577400109367593,-7.593053375387626e-06
2024-01-19 23:45:00+00:00,7916.0,4855702.3938021,44.53214,1853962.3633213,-0.23637726822478722,11371.0,30821623.9469,321.323,13378300.1759,-0.13188868964540257,0.00011069412068246173,-4.704589025372741e-05
2024-01-20 00:00:00+00:00,7645.0,4217387.0335296,52.38814,2181197.0400934,0.03438314897455386,10103.0,26544712.3758,281.107,11705594.3326,-0.11804700183742578,7.60910515010589e-05,-3.46030691815713e-05
2024-01-20 00:15:00+00:00,12939.0,12479310.4751457,142.78834,5940445.9909595,-0.04795284919135023,24180.0,79114053.564,849.149,35334689.6336,-0.1067405083721138,0.00011560806188034442,3.951701037863131e-05
2024-01-20 00:30:00+00:00,10454.0,8338841.3806134,102.13145,4246820.6621342,0.018563723254754416,18631.0,48122589.62814,575.777,23945426.3526,-0.004815553874608858,0.00023829576364280635,0.00012268770176149246
2024-01-20 00:45:00+00:00,14244.0,14670852.3163322,160.46965,6664144.4195929,-0.09151230263914545,37867.0,126435626.89112,1323.86,54961994.7659,-0.1305932336108001,0.00010570085152001774,-0.00013259491212203045
2024-01-20 01:00:00+00:00,10827.0,7628262.5887042,84.93527,3526824.0399252,-0.0753270488754123,19914.0,61397674.5275,776.511,32241923.9633,0.05026531416458946,0.00020753691718750924,0.00010183606566727121
2024-01-20 01:15:00+00:00,11864.0,10495414.5243235,147.36229,6122490.2830063,0.16669813637512054,22739.0,64575972.6264,945.246,39279714.2327,0.21654270575064127,9.594458594343594e-05,-0.0001115923312440259
2024-01-20 01:30:00+00:00,8338.0,7319193.179172,94.00267,3909344.7452875,0.06824472304193319,12752.0,37255743.5928,490.195,20391811.5064,0.09469357150830815,0.00019658258778967747,0.00010063800184489935
2024-01-20 01:45:00+00:00,12498.0,8626983.2812166,114.82337,4783475.5097783,0.10895671264213269,22567.0,70096387.02073,943.157,39302043.30463,0.12137144224015373,1.417315098358736e-05,-0.00018240943680503108
2024-01-20 02:00:00+00:00,8575.0,6507238.0029746,83.06637,3457344.3414424,0.06261499575149188,14250.0,29446980.9548,344.733,14350171.1296,-0.025355356352016578,0.00022755553605435387,0.00021338238506984908
2024-01-20 02:15:00+00:00,10219.0,8274862.1609136,97.28814,4044863.1588142,-0.022373284253566217,15938.0,40234759.62094,376.764,15667167.1949,-0.22121233766506243,0.0001430765672479808,-8.447896880525718e-05
2024-01-20 02:30:00+00:00,8894.0,5781439.0690065,68.88523,2865308.5336563,-0.008790545240950354,12544.0,27214538.6747,335.935,13974887.1562,0.02701628149895896,0.0001872190892993685,4.414252205187097e-05
2024-01-20 02:45:00+00:00,7778.0,4725835.8148013,57.84651,2406350.0770445,0.018380735745334498,10329.0,23625428.6607,295.91,12310632.1842,0.042151011183832354,0.00017584090191153005,-1.1378187387833805e-05
2024-01-20 03:00:00+00:00,8695.0,5967100.9960734,66.59738,2771396.0134755,-0.07110805890525607,8705.0,28081875.2301,318.491,13254327.3888,-0.056022628104754,0.0001506329288591563,-2.520797305294309e-05
2024-01-20 03:15:00+00:00,8101.0,6908134.7929025,78.30467,3256817.6081555,-0.057106525627845794,11792.0,32519973.5747,387.072,16101647.4962,-0.00973797169830326,-1.5868386639698442e-05,-0.00016650131549944547
2024-01-20 03:30:00+00:00,9055.0,7668908.0910003,108.36543,4502979.3035907,0.17434692140204033,13325.0,36667776.9212,489.653,20347959.6714,0.10985510330382398,0.0002477441465077556,0.0002636125331481054
2024-01-20 03:45:00+00:00,5886.0,3910133.3798286,45.79865,1903536.6615854,-0.02635717164776552,7377.0,17263868.7111,225.487,9372757.0177,0.0858234819260042,0.00016097613653786203,-8.67680099698731e-05
2024-01-20 04:00:00+00:00,7240.0,4869426.7677235,76.67735,3189876.4208712,0.3101650658410027,10637.0,32872686.22783,499.262,20771879.99873,0.2637774628314091,8.045858998855461e-05,-8.051754655014065e-05
2024-01-20 04:15:00+00:00,6423.0,5238876.421455,53.88432,2243145.7657624,-0.14365387334736623,9964.0,29631237.3624,289.631,12057267.5213,-0.1861786010597153,9.827890576154447e-05,1.782031577413079e-05
2024-01-20 04:30:00+00:00,6559.0,5444360.3037688,61.2983,2551173.0564585,-0.06281990385813441,12800.0,35942310.1265,371.33,15456048.0181,-0.13995244247228456,7.39945984278771e-05,-2.428430733303344e-05
2024-01-20 04:45:00+00:00,5989.0,3315535.0998932,31.49058,1310721.4159849,-0.2093454742631916,8172.0,25190089.0638,272.673,11349578.0881,-0.0988854339216948,0.0001349965616359955,6.100196320879547e-05
2024-01-20 05:00:00+00:00,5961.0,4184888.9635281,34.87416,1451743.6140002,-0.3061973081473123,7679.0,22176020.0123,271.919,11320072.827,0.020929167697475437,0.0,-0.00013499656163773466
2024-01-20 05:15:00+00:00,6556.0,4509236.8647403,44.67541,1858257.6841297,-0.17579948010261714,10008.0,30042094.1954,353.916,14720695.4583,-0.019995386303394813,5.722775759417193e-05,5.72277575940916e-05
2024-01-20 05:30:00+00:00,6330.0,6371015.2408199,108.40254,4510371.8875931,0.41590365651445205,9016.0,30236703.577,412.303,17158344.4727,0.1349348601447249,6.436851843666621e-05,7.140760841295446e-06
2024-01-20 05:45:00+00:00,5427.0,3240714.6938641,22.95481,955338.992373,-0.41041462601948986,8363.0,22751498.3416,230.557,9596324.3921,-0.15642264539970174,0.00011011465639601723,4.574613796037852e-05
2024-01-20 06:00:00+00:00,6485.0,4751994.3924123,60.81349,2530653.6698413,0.06509118524301982,7949.0,20294582.1423,226.26,9415206.3088,-0.07214583253962292,5.693171906628152e-05,-5.318293732869961e-05
2024-01-20 06:15:00+00:00,4976.0,3627959.0647927,35.39526,1473439.4394011,-0.1877309456437919,5887.0,14988517.6001,170.84,7112286.5239,-0.0509686529837281,0.00014769124391890675,9.075952485204652e-05
2024-01-20 06:30:00+00:00,9937.0,6021219.223822,77.51787,3229398.340322,0.07267256689322887,12615.0,32535850.2631,427.449,17809886.9757,0.09478540328167107,-2.160141100296338e-06,-0.00014985138501977247
2024-01-20 06:45:00+00:00,8150.0,8292317.8395521,115.499,4812333.5704858,0.16067272470726524,10891.0,33208301.2528,417.568,17400245.3343,0.0479455243337914,-1.0072882098642493e-05,-7.912740997539913e-06
2024-01-20 07:00:00+00:00,7350.0,6340461.0168666,49.28193,2053532.5062975,-0.35224504942628365,11618.0,46515333.5997,491.682,20487297.5267,-0.11911638845767047,-7.2473315093023e-05,-6.24004329949912e-05
2024-01-20 07:15:00+00:00,5938.0,4695797.1164406,59.13191,2464753.3130269,0.04976993337189817,8224.0,24958314.345,257.589,10735024.4153,-0.13976366617478786,1.4631316606427223e-05,8.710463169947502e-05
2024-01-20 07:30:00+00:00,7161.0,6582238.8968854,74.8665,3120370.0363052,-0.051881864153637935,12486.0,42471021.7045,464.158,19347213.1239,-0.08892170014124834,-0.00011033053600648922,-0.0001249618526113494
2024-01-20 07:45:00+00:00,8698.0,8189256.5640851,107.77793,4498233.8643138,0.09856952926381801,24362.0,81872299.25374,1001.849,41817769.73634,0.021536468805833042,0.00010207756609947657,0.00021240810210443328
2024-01-20 08:00:00+00:00,7579.0,7151073.036065,65.7767,2741588.6852578,-0.2332371180014109,14349.0,45249559.43113,417.31,17394748.5882,-0.23116384747679708,3.4812525550323385e-05,-6.726504054910265e-05
2024-01-20 08:15:00+00:00,18176.0,11306308.8429985,111.8695,4657326.4071511,-0.17615439807569433,19858.0,58496504.7989,625.356,26033835.2909,-0.10990116826981589,6.003503646525079e-05,2.52225109154125e-05
2024-01-20 08:30:00+00:00,8994.0,8112960.4780466,73.5308,3059654.830816,-0.24573653745871837,17362.0,48208208.2147,542.189,22559314.4343,-0.06408824265652546,4.640880604316319e-05,-1.3626230421337482e-05
2024-01-20 08:45:00+00:00,12923.0,17179497.0123213,179.62631,7463835.1427877,-0.13107640608632898,30772.0,135333433.84984,1597.026,66357390.9901,-0.019349629985340733,4.8134661527618305e-06,-4.15953398924529e-05
2024-01-20 09:00:00+00:00,8377.0,7264740.4267965,84.45581,3510911.6435454,-0.033437827841678036,13288.0,44818451.2512,530.927,22069083.9576,-0.015178644442377487,2.4044212498332946e-06,-2.409044903117774e-06
2024-01-20 09:15:00+00:00,9975.0,10750145.0972169,108.674,4519408.8451681,-0.15919109848328894,20708.0,80444451.6305,873.371,36323815.7616,-0.09692178825598319,3.9229385654881605e-05,3.6824964405823835e-05
2024-01-20 09:30:00+00:00,8599.0,6133446.2224842,53.09502,2205049.6004624,-0.28097532105880296,18896.0,48465415.0332,500.189,20769531.7086,-0.1429132838593311,-0.00012983729766838468,-0.000169066683321617
2024-01-20 09:45:00+00:00,8618.0,6178965.2189692,61.97364,2572772.2382677,-0.1672481889461418,16005.0,57649321.75076,658.841,27349005.7666,-0.05119418803086062,7.942594775935176e-06,0.0001377798924444562
2024-01-20 10:00:00+00:00,9683.0,7506317.8714184,91.28613,3787458.0420379,0.009138730044806698,20154.0,56594446.1989,663.33,27526914.3808,-0.02722206048073217,-4.8169440834305934e-05,-5.6112035611732836e-05
2024-01-20 10:15:00+00:00,7693.0,5528000.134043,54.7987,2274879.1124298,-0.17696126726899075,15143.0,47323867.7841,488.586,20285467.5665,-0.142696127077104,-8.406752915907019e-05,-3.589808832415997e-05
2024-01-20 10:30:00+00:00,8112.0,6568501.8043371,79.83919,3319707.3639539,0.010795905319517018,19650.0,66218149.0899,1007.922,41915192.8321,0.26597295177171176,-7.214573441470148e-05,1.1921794742519864e-05
2024-01-20 10:45:00+00:00,7657.0,6571031.7736723,84.81468,3525354.6855634,0.07299882483849651,10868.0,33154553.8193,389.539,16192378.475,-0.0232184354974454,-5.078468965450245e-05,2.136104476058165e-05
2024-01-20 11:00:00+00:00,9390.0,7964013.9154207,96.55545,4012819.2748576,0.007737886315740461,10425.0,34620834.1867,375.458,15604744.003,-0.0985344882882836,-1.949791426528858e-05,3.1286775389105514e-05
2024-01-20 11:15:00+00:00,8272.0,11091031.2146753,71.42098,2963857.4896604,-0.46553978033373167,17801.0,55115289.0182,637.105,26442968.083,-0.040448900693668355,4.647429280136937e-05,6.59722070679436e-05
2024-01-20 11:30:00+00:00,5556.0,3700219.8284314,33.93646,1409562.8609394,-0.2381193949025764,8090.0,22359081.4586,237.459,9864591.0504,-0.11762108218396683,7.437762002520502e-05,2.7903327223910424e-05
2024-01-20 11:45:00+00:00,6377.0,4126748.7168027,46.15269,1917692.828321,-0.07060353807692954,8532.0,21734553.2974,273.765,11376044.9658,0.04681654231751442,0.00010830181560530902,3.3924195578904914e-05
2024-01-20 12:00:00+00:00,8765.0,9119095.5895908,125.60778,5222814.4358247,0.14546763645868577,18634.0,62687961.1951,823.318,34236377.7649,0.09227919084329961,6.66150180075156e-05,-4.168679759608551e-05
2024-01-20 12:15:00+00:00,7260.0,6696031.2980734,91.86917,3821326.6204376,0.14137059709893607,11652.0,36812944.9284,432.248,17978735.2044,-0.02323841576010488,-9.112856238743644e-05,-0.00015774358039521985
2024-01-20 12:30:00+00:00,6524.0,4302024.1296952,49.46601,2058101.5996249,-0.043193837329444706,10126.0,30076788.8624,420.468,17494926.515,0.16335068846867462,-7.044562147915325e-05,2.0682940908400838e-05
2024-01-20 12:45:00+00:00,7467.0,4747274.2167874,51.1699,2126715.7968561,-0.10402656356543805,11581.0,37796829.8027,485.51,20179209.1983,0.06777257794559843,0.00015198394386228378,0.00022242956534057612
2024-01-20 13:00:00+00:00,11895.0,11106440.4529064,133.54948,5560579.0551786,0.0013251462080228205,31836.0,100526333.05033,1346.946,56101559.13623,0.1161564822650385,-2.402690725255347e-07,-0.00015222421293437094
2024-01-20 13:15:00+00:00,7429.0,6756006.1264675,72.92439,3035964.7757505,-0.10125458179893354,15797.0,43303558.3433,549.959,22896092.7925,0.0574693474834278,-8.302174190623445e-05,-8.27814728339149e-05
2024-01-20 13:30:00+00:00,7511.0,8495583.3466372,84.30479,3511469.5975139,-0.17334232288973017,13378.0,39168227.7815,452.269,18838082.5502,-0.038093699041566786,-0.00010274201153887279,-1.9720269632372833e-05
2024-01-20 13:45:00+00:00,9635.0,4884757.3359916,54.95704,2288520.2574805,-0.06299531376170886,11546.0,27571762.8576,310.697,12938044.9874,-0.06150034336062027,5.4269561728992136e-05,0.00015701157326653004
2024-01-20 14:00:00+00:00,7120.0,7088120.7175352,81.46899,3390052.4313217,-0.04345522137197855,12924.0,33600584.9363,344.964,14354612.2628,-0.14557366843383956,1.1529215994180475e-05,-4.2740345733705e-05
2024-01-20 14:15:00+00:00,9391.0,5778608.0035317,64.2213,2672339.1082218,-0.07509244212843225,11505.0,27704926.7624,286.2,11909230.1413,-0.14028069856060965,-0.00011969229001266816,-0.00013122150600786142
2024-01-20 14:30:00+00:00,9286.0,9228766.8729744,76.87857,3193464.524284,-0.30793256168692074,25295.0,76435114.88734,812.183,33733829.0151,-0.11732116672235515,-0.00012729398394303545,-7.60169392854948e-06
2024-01-20 14:45:00+00:00,8941.0,11248963.3424468,140.94369,5855151.6320207,0.04101177215626439,16309.0,43334073.4988,502.732,20885114.6527,-0.03608809574394867,-0.00014882496934778404,-2.1530985407025582e-05
2024-01-20 15:00:00+00:00,6617.0,6809384.4066322,92.98811,3863779.861847,0.13483969507838567,11389.0,30769184.8219,365.508,15189154.3596,-0.012703492307725717,-9.387909503977851e-06,0.00013943705984509336
2024-01-20 15:15:00+00:00,11954.0,10973923.5844761,111.5269,4629264.9269546,-0.1563154433655366,17981.0,53103905.1713,644.566,26754441.211,0.007626129366449463,-2.552455980513395e-05,-1.6136650302200906e-05
2024-01-20 15:30:00+00:00,8758.0,7090865.727132,107.71214,4477352.8622256,0.26285083783035557,14632.0,48456476.9016,725.226,30151820.4625,0.2444908251885065,-1.1537729336404502e-05,1.3986830468937228e-05
2024-01-20 15:45:00+00:00,23600.0,10686904.7507261,120.35528,5012095.3468511,-0.062011786619401876,24778.0,97108890.75033,1217.414,50701518.74003,0.04421991330093955,-8.605833366090643e-05,-7.452060432200369e-05
2024-01-20 16:00:00+00:00,7890.0,5086071.5787364,51.55998,2143930.1128725,-0.15694064478536307,14152.0,34610907.6057,378.884,15756419.5982,-0.08951133106922005,4.570581261320692e-06,9.062891492028768e-05
2024-01-20 16:15:00+00:00,12298.0,9009183.398461,115.96598,4823637.511354,0.07082679928083202,16677.0,49788703.4898,643.437,26770775.3122,0.07537547418499924,-1.9464881569345093e-05,-2.4035462828919663e-05
2024-01-20 16:30:00+00:00,5928.0,4063041.3724641,51.26914,2133316.6063946,0.05010823707208001,8132.0,21453677.5255,304.998,12692139.4324,0.18321340640214512,1.3211332681324508e-05,3.267621424996037e-05
2024-01-20 16:45:00+00:00,6655.0,4407129.4454081,39.99588,1663297.9922126,-0.24517851684813463,8271.0,23265441.326,236.828,9848340.667,-0.15339317840542233,-2.6462310272593197e-06,-1.5857563708365774e-05
2024-01-20 17:00:00+00:00,8515.0,8552912.4665887,99.43659,4134663.6292467,-0.03315656616422813,13539.0,39651737.518,454.382,18893890.9509,-0.04700816995355761,7.554391017422506e-05,7.81901412008068e-05
2024-01-20 17:15:00+00:00,7944.0,6321975.2264539,107.42328,4467812.264641,0.4134228954095631,10110.0,25004479.3321,350.501,14577672.8224,0.16600490886331887,-0.00010791752948064085,-0.0001834614396560852
2024-01-20 17:30:00+00:00,6000.0,4075258.332256,40.62804,1690153.9132886,-0.17052919079465723,8444.0,18595622.1675,241.637,10053380.822,0.08126318457583293,-0.00011252640054348449,-4.608871060796105e-06
2024-01-20 17:45:00+00:00,5793.0,3778675.6712126,40.36829,1678100.7762834,-0.11180481084004379,8819.0,21567958.2957,214.531,8916932.1957,-0.1731315432413677,-8.690041278346901e-05,2.5625987760236058e-05
2024-01-20 18:00:00+00:00,7896.0,6410185.2434876,80.34674,3340878.3432969,0.042365615468305196,12532.0,25515900.6645,334.667,13914934.9623,0.09068734396349964,-0.00010844251433279278,-2.1542101551474957e-05
2024-01-20 18:15:00+00:00,12055.0,7434153.2983494,65.46763,2720136.9380518,-0.26820531434137906,13002.0,34932451.19464,387.627,16104211.1152,-0.07797989751884271,1.1315004550759452e-05,0.00011975751888293473
2024-01-20 18:30:00+00:00,5535.0,4566775.5382067,69.37976,2884529.4034818,0.2632674320641162,10821.0,23946506.5608,303.164,12606277.0136,0.05286981895190057,-0.00016824011268511664,-0.00017955511723322104
2024-01-20 18:45:00+00:00,7318.0,7208665.078702,77.30164,3216252.2942327,-0.10767048846946237,13386.0,33262140.6824,341.701,14215117.2412,-0.14526744523561907,4.763541872295462e-05,0.00021587553140633986
2024-01-20 19:00:00+00:00,6070.0,4309436.5866433,56.66527,2357193.7734818,0.09396842305915554,7489.0,18881640.2064,262.21,10907538.9554,0.15535926287832247,4.157950693323857e-05,-6.055911789815127e-06
2024-01-20 19:15:00+00:00,6277.0,4144162.1225341,46.85349,1950166.3882989,-0.05883682605235563,7735.0,16266558.3277,232.177,9663967.1756,0.18820059915728105,-1.2250764501732829e-05,-5.3830271433241705e-05
2024-01-20 19:30:00+00:00,5393.0,3268151.7443716,38.07337,1585577.2238823,-0.029679557191323314,9952.0,23273181.75923,342.408,14259882.68033,0.22543473667279046,4.4157972273019044e-05,5.640873677315028e-05
2024-01-20 19:45:00+00:00,7346.0,6506931.3277189,68.67209,2859517.207277,-0.12108578890460009,16859.0,38857285.4878,454.521,18927983.86,-0.02576911267037396,-5.043408739107151e-06,-4.920138101205396e-05
2024-01-20 20:00:00+00:00,6176.0,5097123.5631666,44.75969,1863185.7782874,-0.26892657978654466,8724.0,27388289.1124,289.159,12037330.136,-0.12098706957565153,0.00013065716730787063,0.00013570057604717078
2024-01-20 20:15:00+00:00,6276.0,3603602.5739173,38.73782,1613826.2238867,-0.10432618981488373,10008.0,27711647.1565,360.031,15001103.7841,0.08265695643294624,-2.3985359337866223e-05,-0.0001546425266454321
2024-01-20 20:30:00+00:00,14967.0,9686109.9713906,109.22006,4558066.952721,-0.058844682502275036,21559.0,66085275.06464,821.729,34291967.16984,0.03780962207686933,3.092149284884918e-05,5.490685218667579e-05
2024-01-20 20:45:00+00:00,10339.0,9539311.2133918,123.61711,5159473.2150742,0.0817286698500943,18395.0,56602756.33326,659.162,27519344.80106,-0.02763234217661148,-3.111585029708639e-05,-6.203734314702558e-05
2024-01-20 21:00:00+00:00,9805.0,11803623.1076732,154.98423,6475894.2874294,0.09727229145762961,23058.0,78116952.8416,986.039,41207344.045,0.05501667809693811,-6.131724779454127e-05,-3.020139749665418e-05
2024-01-20 21:15:00+00:00,11352.0,11419133.8268361,129.31019,5407360.9476128,-0.05292975288459023,24089.0,72183209.59953,893.217,37357526.74053,0.03507524666160711,-2.8682470709917632e-05,3.2634777085149835e-05
2024-01-20 21:30:00+00:00,9728.0,7067075.1827701,81.17141,3395117.1091079,-0.03917334362442515,11646.0,31986444.8807,385.42,16118125.449,0.007809746229432646,-4.73583489149272e-05,-1.8675878205698382e-05
2024-01-20 21:45:00+00:00,6967.0,7714335.25714,66.54775,2781938.4660775,-0.2787613259346804,13583.0,37877114.47702,400.278,16727776.6183,-0.11673437381568641,-6.747297673950226e-05,-2.011462782469664e-05
2024-01-20 22:00:00+00:00,6099.0,4184438.4251224,38.9907,1629219.7255187,-0.22129587772770565,11464.0,30526671.7917,297.172,12414141.598,-0.18666917358640311,-3.7140804989159214e-05,3.033217175030245e-05
2024-01-20 22:15:00+00:00,5078.0,3338670.1456719,30.56911,1276253.8519388,-0.23547173200486582,7619.0,15202156.3871,232.73,9716620.0051,0.2783212799133119,-3.446862780726644e-05,2.672177183526969e-06
2024-01-20 22:30:00+00:00,7365.0,7415805.2077776,69.23701,2888367.7966253,-0.22102382257936948,15920.0,49724634.1304,471.214,19657492.5409,-0.2093459153726761,-3.83535768352593e-05,-3.884949029142604e-06
2024-01-20 22:45:00+00:00,4967.0,4390516.5612234,69.56444,2904375.9962777,0.3230224534073538,6558.0,18737583.8396,290.223,12124554.5028,0.29414278880246814,2.9178303111654863e-05,6.753187994767984e-05
2024-01-20 23:00:00+00:00,6131.0,4852851.0475319,58.63982,2451124.7086039,0.010179247043039519,9482.0,28293326.7854,220.816,9229661.3353,-0.3475732701703558,-4.1406712895594516e-05,-7.058501600809564e-05
2024-01-20 23:15:00+00:00,6811.0,6891319.7752369,76.39409,3191818.7744478,-0.0736698111391656,11507.0,30109812.1384,375.943,15706307.9965,0.04326841524655323,0.0,4.140671289576403e-05
2024-01-20 23:30:00+00:00,6833.0,6289878.6322104,66.12232,2758501.7784183,-0.1228759918221497,11225.0,27813756.2633,244.662,10206590.3095,-0.2660760946576999,-9.130580609412584e-05,-9.130580609451044e-05
2024-01-20 23:45:00+00:00,4776.0,2129322.1916206,18.04386,752656.5144389,-0.2930553042646282,6337.0,13022992.0346,148.412,6189984.1941,-0.0493760300775421,-0.00013016271676351724,-3.885691066862762e-05
2024-01-21 00:00:00+00:00,9060.0,11078623.0176979,107.09316,4462438.6815728,-0.19440553678121653,14179.0,37633466.68673,459.883,19161283.3971,0.018310832568422253,-0.00010169348441341517,2.8469232349337403e-05
2024-01-21 00:15:00+00:00,6306.0,3700097.5177941,53.52356,2232280.106853,0.2066060940922585,10069.0,27006491.5855,341.967,14261669.2338,0.05616601020898271,-0.0001014502469553171,2.432374568428486e-07
2024-01-21 00:30:00+00:00,6191.0,4401375.5724463,49.83359,2076972.3877353,-0.05621669700824394,9312.0,20666352.443,284.882,11873815.8126,0.14909642089471253,-9.95342875456414e-05,1.915959410681012e-06
2024-01-21 00:45:00+00:00,6881.0,5582911.3239341,43.14552,1797535.3266931,-0.356058077087123,11313.0,26166481.5625,274.987,11455951.3445,-0.1243796903197042,3.794217948510831e-05,0.00013747646703166083
2024-01-21 01:00:00+00:00,5316.0,3215763.7768311,32.53571,1355204.2115745,-0.15714940174495373,8674.0,18717233.0407,246.405,10263394.8849,0.09667864503076817,-3.07357317795146e-05,-6.867791126552447e-05
2024-01-21 01:15:00+00:00,5477.0,3690162.855822,45.81489,1908356.7059499,0.034294030107137496,8730.0,20387479.0648,319.353,13303320.9414,0.3050481522621251,2.3995488849345433e-05,5.4731220629378186e-05
2024-01-21 01:30:00+00:00,4779.0,3214863.7356755,37.88969,1578717.5471087,-0.017863476084790553,5472.0,12197094.9536,187.942,7831341.6573,0.2841322769219832,0.0001819062774921643,0.000157910788642468
2024-01-21 01:45:00+00:00,11982.0,5990159.1394807,83.08105,3463062.2867713,0.15625051225985298,9888.0,26402194.9681,386.081,16095664.4166,0.21926714320891216,3.094879282568879e-05,-0.00015095748466720238
2024-01-21 02:00:00+00:00,5761.0,4252723.0334496,44.49412,1854208.2248841,-0.1279901322988075,7881.0,16391763.4636,158.042,6586046.171,-0.19642005747274782,-9.408407955504081e-05,-0.0001250328723791938
2024-01-21 02:15:00+00:00,5269.0,4073145.899306,35.77785,1491170.9522291,-0.2678038110625146,6593.0,14391811.9048,162.959,6792125.2643,-0.05611255771975865,-3.5275201165357176e-05,5.880887838927151e-05
2024-01-21 02:30:00+00:00,13442.0,7336941.2663872,83.8097,3493980.7036195,-0.0475647611828357,7905.0,18235452.5244,242.503,10108605.5263,0.10867613652846297,1.5343460976765564e-05,5.061866214184363e-05
2024-01-21 02:45:00+00:00,5906.0,3585927.7786112,37.38827,1558564.6976378,-0.1307328011823935,9253.0,18828671.6183,171.59,7152920.6899,-0.24020973599136763,3.118055580809287e-05,1.583709483021778e-05
2024-01-21 03:00:00+00:00,3948.0,1938173.0064396,22.89566,954677.8403172,-0.014868293856871384,5647.0,12716167.8979,131.803,5495981.0426,-0.13559162056870466,9.831698122019095e-05,6.713642541278375e-05
2024-01-21 03:15:00+00:00,8528.0,4201752.6302957,53.59533,2235788.2235033,0.06421696859672354,9449.0,20320383.7325,268.072,11183349.4279,0.10070258269912302,-4.628001592570985e-05,-0.00014459699714564067
2024-01-21 03:30:00+00:00,4873.0,2946120.6717133,35.81274,1493986.2849915,0.014205765117340174,6659.0,16958481.8255,240.531,10035654.1804,0.18355573142280512,6.376286735622782e-05,0.000110042883282091
2024-01-21 03:45:00+00:00,6197.0,6196524.7620438,57.37706,2391952.6012043,-0.22796964651671558,9900.0,40546753.204,315.921,13168612.316,-0.3504480001273742,6.141398014417902e-05,-2.3488872109567183e-06
2024-01-21 04:00:00+00:00,5528.0,2405358.7639749,25.2374,1051923.209133,-0.12535025968876468,5465.0,10238547.5732,98.719,4114895.3208,-0.19619549718731977,-8.205549499301098e-05,-0.00014346947513743658
2024-01-21 04:15:00+00:00,5910.0,3599345.5212181,40.66455,1694416.3774952,-0.058486401204532856,5786.0,11282930.8257,121.504,5062460.8326,-0.1026337197656404,3.9116227635832076e-05,0.00012117172262904319
2024-01-21 04:30:00+00:00,3961.0,2399838.9804111,19.78404,824296.1322657,-0.31304046730293933,6934.0,19033834.5322,233.841,9742889.2988,0.023744246837674066,-1.89628542894222e-05,-5.807908192601019e-05
2024-01-21 04:45:00+00:00,4627.0,3098502.0985893,42.46796,1769337.0839778,0.1420596324807084,4967.0,12257486.7572,178.795,7449171.9088,0.215448493864272,-8.159973892616512e-05,-6.263688463725714e-05
2024-01-21 05:00:00+00:00,3544.0,1686412.7287026,20.30177,846078.6614829,0.00340639878093163,3987.0,6728048.9072,106.37,4432836.2087,0.3177181883907576,3.335404563876884e-05,0.00011495378456594096
2024-01-21 05:15:00+00:00,4715.0,2681724.0510511,28.17059,1174299.2869183,-0.12422063973507325,4290.0,11199974.7278,161.244,6721938.1091,0.20034879943347583,4.2229810797531834e-05,8.875765159288562e-06
2024-01-21 05:30:00+00:00,5510.0,4008649.1240468,36.10387,1504101.7758842,-0.24957174881607835,6584.0,18626985.853,182.059,7584838.656,-0.18560751418851684,0.0001416258894493145,9.939607865128153e-05
2024-01-21 05:45:00+00:00,5097.0,2981028.6386856,23.91084,995820.8756211,-0.3318944590480828,6088.0,13773404.2973,174.551,7269716.4666,0.05561650695537668,0.00011836042732565492,-2.3265462123944758e-05
2024-01-21 06:00:00+00:00,4741.0,3036862.9723182,17.23559,717654.2537168,-0.5273713300478775,5145.0,13559664.4761,116.476,4849671.7309,-0.28469148488918194,4.3959333060021664e-05,-7.440109426504193e-05
2024-01-21 06:15:00+00:00,5479.0,2913193.4289668,44.43229,1850168.4531342,0.27019952381973145,4270.0,10909930.363,198.189,8254730.8959,0.5132508863475684,-3.312984089109106e-05,-7.708917395277126e-05
2024-01-21 06:30:00+00:00,7791.0,5815160.9304381,61.9117,2575375.2905326,-0.11425485164051086,15676.0,55293178.0908,427.002,17764222.1493,-0.3574533871021708,3.0503867448328892e-05,6.363370833994964e-05
2024-01-21 06:45:00+00:00,4357.0,2224110.8489518,18.64865,776283.1522529,-0.30193843295287726,5582.0,15602737.7821,165.886,6905535.1598,-0.11483032577497154,0.00010933288329529089,7.882901584643776e-05
2024-01-21 07:00:00+00:00,4873.0,3603296.3871375,30.28728,1259834.0033105,-0.3007325138128165,7608.0,20662298.2394,315.721,13133176.9594,0.27122131403146055,0.0001524008057596126,4.306792246566715e-05
2024-01-21 07:15:00+00:00,5998.0,4856747.0399375,64.0492,2664541.3113823,0.09725348652977783,7623.0,23013003.2677,259.409,10792533.6424,-0.062049093127457544,8.317653599521789e-05,-6.922426976530005e-05
2024-01-21 07:30:00+00:00,4769.0,2756839.8998299,35.5482,1479277.6184971,0.07316904299620242,5612.0,15799641.861,260.899,10857201.5259,0.37436045973928445,0.00012274051481629938,3.9563978821988144e-05
2024-01-21 07:45:00+00:00,4760.0,2587592.3234355,34.8516,1451478.3730274,0.12187562150462594,7107.0,16753156.7834,238.195,9921032.6519,0.18437770029470935,-7.226959298447086e-05,-0.00019501010780054173
2024-01-21 08:00:00+00:00,4214.0,1660704.4487217,20.6933,861928.3312509,0.03802736472989543,5452.0,16299195.9517,221.643,9232717.5888,0.13290466795535782,2.160939317009839e-06,7.443053230105079e-05
2024-01-21 08:15:00+00:00,6059.0,4429488.9121989,61.68262,2571426.2267814,0.16104872492157774,10157.0,31301487.3111,510.249,21270860.9293,0.3590958613495032,-6.859314267930081e-05,-7.075408199774813e-05
2024-01-21 08:30:00+00:00,5958.0,3738871.3469042,35.05637,1461909.3261793,-0.217994314038237,8508.0,23359468.2241,308.885,12881546.2126,0.10289721401363816,-0.00018011209928333103,-0.00011151895660255207
2024-01-21 08:45:00+00:00,6252.0,6459566.3322035,83.36818,3476230.1768217,0.07630450653980092,9465.0,24276525.5043,269.169,11221895.5268,-0.07549410027293135,-9.59877136463084e-05,8.412438563709657e-05
2024-01-21 09:00:00+00:00,4856.0,3043223.4432969,29.92796,1247009.3928855,-0.18046806873008137,5317.0,14365223.8075,118.001,4916485.8733,-0.31550166719530937,-1.584115450360666e-05,8.014655914223567e-05
2024-01-21 09:15:00+00:00,6264.0,4481959.7401981,54.26864,2263094.8781251,0.009868454563615625,12144.0,34565814.4383,464.015,19353703.1715,0.11981757039437757,-0.0001706117948719686,-0.00015477064036772958
2024-01-21 09:30:00+00:00,4581.0,3159806.1424271,38.41739,1601658.1589515,0.013769887618004129,5319.0,12191188.8086,163.085,6798856.6912,0.11537222463553354,-0.00012495231862168186,4.565947624968203e-05
2024-01-21 09:45:00+00:00,5821.0,4510544.0425528,57.40562,2393816.3299821,0.061431307353908116,6244.0,11686026.0604,115.185,4803068.8076,-0.17798081524463139,-4.5074809806220205e-05,7.987750881532918e-05
2024-01-21 10:00:00+00:00,8957.0,5796908.787967,86.81732,3622228.0276584,0.2497102025056117,10707.0,34844088.731,577.938,24117747.3832,0.3843236119269198,-2.9463254951528018e-05,1.5611554855965437e-05
2024-01-21 10:15:00+00:00,7551.0,4125572.4447879,37.75579,1575646.4788665,-0.2361561941024135,10810.0,30238314.70732,389.366,16252864.13442,0.07498478613859749,1.9898119232839952e-05,4.936137418454223e-05
2024-01-21 10:30:00+00:00,8337.0,6509498.4892192,107.5445,4489967.4451018,0.3795125546270346,13309.0,37099244.5584,599.153,25020491.0343,0.3488409983612386,5.311145823535339e-05,3.32133390017475e-05
2024-01-21 10:45:00+00:00,9586.0,8555735.2029224,80.41956,3359687.5904632,-0.21463497624011907,16114.0,57640760.6291,411.041,17170524.7353,-0.40422282607313675,-0.00011112436312508869,-0.0001642358213604922
2024-01-21 11:00:00+00:00,9299.0,10775142.370838,135.45148,5661426.6442981,0.05083096806595644,22591.0,74746500.8872,921.703,38525661.5489,0.030835185369790352,6.006617571361458e-05,0.00017119053883796198
2024-01-21 11:15:00+00:00,6809.0,2880188.6543649,34.90195,1458334.4358719,0.012665912465009699,9280.0,16609598.9191,174.87,7306794.8545,-0.12017202942839955,-1.962083455127085e-05,-7.968701026506153e-05
2024-01-21 11:30:00+00:00,6082.0,5359988.4517718,59.74601,2496401.1300558,-0.06850503409924757,6252.0,13400122.377,131.814,5507135.0174,-0.1780470562190598,-9.382825510736673e-05,-7.420742055685992e-05
2024-01-21 11:45:00+00:00,6374.0,4054921.4240182,42.62213,1779278.7676108,-0.12241023607918189,9474.0,25977035.8158,194.85,8133221.1417,-0.3738145337773192,-7.358028109311272e-05,2.0247974015674686e-05
2024-01-21 12:00:00+00:00,5862.0,4464924.7884299,38.22597,1594279.6366006,-0.285864953097572,10870.0,29144995.706,331.197,13812480.4999,-0.0521542264590924,2.420878325934335e-05,9.778906435364831e-05
2024-01-21 12:15:00+00:00,9002.0,8266831.9462244,139.78489,5836052.7969959,0.41192002812185446,15029.0,37891533.9419,587.13,24518997.2087,0.29416757032299445,-0.00012968427639386697,-0.00015389305965562983
2024-01-21 12:30:00+00:00,8042.0,5179507.9244124,52.60335,2196910.2331512,-0.15169152544527365,11066.0,28350586.756,208.984,8727638.734,-0.38430630666556365,-0.00010226017752136668,2.7424098874462288e-05
2024-01-21 12:45:00+00:00,7037.0,3862985.4308704,48.91146,2041640.6047183,0.057027338701757246,7646.0,18521620.1641,203.513,8494514.8444,-0.08274602662841457,2.2758129594164713e-05,0.0001250183071146438
2024-01-21 13:00:00+00:00,6717.0,3955977.5256825,46.21425,1929307.6267829,-0.024611432063154304,6970.0,17390055.5029,202.947,8472431.9135,-0.025600359689810115,7.427614601399773e-06,-1.53305149925842e-05
2024-01-21 13:15:00+00:00,8204.0,7138360.4767112,107.75074,4501521.635055,0.2612200377779046,15069.0,51356524.5183,718.998,30037222.1185,0.16975291456090513,-5.741516910345246e-05,-6.484278370599839e-05
2024-01-21 13:30:00+00:00,8343.0,6965657.2953792,71.76513,2998677.6974255,-0.13901084412673326,11932.0,37165411.6856,378.035,15795821.7467,-0.14997192118712876,-3.995135504399256e-05,1.7463814060647564e-05
2024-01-21 13:45:00+00:00,8708.0,6795001.0123535,84.51185,3534935.9302359,0.04045192158449673,18742.0,52827378.4381,749.85,31366639.9147,0.18751453666979034,-0.00011956402189348547,-7.961266685008184e-05
2024-01-21 14:00:00+00:00,8269.0,8027945.8942833,103.56083,4331902.9264102,0.07920581016744221,13159.0,35809798.7446,471.432,19720477.5588,0.10140119465339281,-0.00014167431106487446,-2.2110289171095587e-05
2024-01-21 14:15:00+00:00,7447.0,4961049.6091,62.12219,2599996.2413117,0.04816377427170049,13222.0,31849193.1569,335.522,14042994.6998,-0.11815695734460752,-0.00021858693785220643,-7.6912626788328e-05
2024-01-21 14:30:00+00:00,14784.0,9868894.4092536,106.88693,4470491.0419549,-0.09402393894028682,25315.0,74415563.96165,729.247,30500895.24023,-0.18025494623816563,-9.335492471959927e-05,0.0001252320131328588
2024-01-21 14:45:00+00:00,6662.0,6008755.7426058,76.20591,3185831.0931521,0.06039627158168015,14583.0,34020733.8054,424.255,17736356.3661,0.042679235994889986,-0.0002425920324481695,-0.00014923710772762888
2024-01-21 15:00:00+00:00,6585.0,5532883.3814862,67.70504,2830857.5946202,0.02328475025974508,9279.0,18472303.1999,182.099,7612978.778,-0.17574124941374802,-0.0002249729563276968,1.7619076119856913e-05
2024-01-21 15:15:00+00:00,7422.0,6284447.2557946,89.43581,3740516.4340269,0.1904042732088942,11904.0,33037890.33,389.233,16281311.9585,-0.014385495207253962,-0.00016833438900894498,5.663856732063266e-05
2024-01-21 15:30:00+00:00,11007.0,10524276.7890808,104.16957,4350479.3416209,-0.1732487792159495,20335.0,64596248.803,656.029,27391219.2667,-0.15192538965427083,-0.00015407355041698007,1.426083859001892e-05
2024-01-21 15:45:00+00:00,15438.0,13517177.4222044,127.57597,5316935.8109742,-0.21330679550892406,37450.0,122988080.67213,1118.023,46575864.2563,-0.24259547751679922,2.4983856586316056e-05,0.00017905740700463468
2024-01-21 16:00:00+00:00,10980.0,10492720.0885233,132.91482,5536971.4364888,0.05539295621637974,21933.0,66957071.0283,814.127,33911279.8215,0.012926022620287636,-8.354431478587723e-05,-0.00010852817137241288
2024-01-21 16:15:00+00:00,9066.0,10244242.5301605,108.99999,4536544.5950153,-0.11432307822485244,20126.0,55292847.2069,605.385,25197298.3509,-0.08858741686372673,-2.7866408439879995e-05,5.567790634408709e-05
2024-01-21 16:30:00+00:00,8035.0,7552558.8648363,86.692,3606283.4958879,-0.04501677896791467,17927.0,47851735.3653,513.427,21354390.4317,-0.10747686500058362,-0.00011450130125440369,-8.663489281346415e-05
2024-01-21 16:45:00+00:00,10053.0,8536854.743328,90.8528,3778746.5352329,-0.11472160442083446,26072.0,78108906.25814,955.059,39720946.3101,0.017065740975230836,-7.206947500505304e-05,4.2431826249966775e-05
2024-01-21 17:00:00+00:00,7272.0,6588024.2138425,68.14156,2836428.6195695,-0.13891372359873644,14444.0,39256998.54583,463.814,19304982.93833,-0.01648196991969808,-0.00013652421859891461,-6.445474359395575e-05
2024-01-21 17:15:00+00:00,6913.0,5572189.1701048,78.59695,3272684.2725364,0.17464937841471317,14609.0,38789812.5244,562.171,23410069.0626,0.20702151101526134,-0.00016087033285640254,-2.434611425883304e-05
2024-01-21 17:30:00+00:00,6382.0,6084375.7054016,108.46612,4518216.389826,0.4851865198971219,9414.0,24488793.144,365.789,15239806.1715,0.24463513427438155,1.559329800080599e-05,0.00017646363085788153
2024-01-21 17:45:00+00:00,5739.0,4092588.786513,33.58705,1399484.4808975,-0.31608839592706806,7937.0,24984739.7212,280.652,11694859.5293,-0.0638397950268258,-7.634854217608758e-05,-9.194184017680129e-05
2024-01-21 18:00:00+00:00,5691.0,4316806.5817034,53.21086,2217483.4563551,0.027372162447031334,7991.0,23873032.499,395.173,16470431.1201,0.37983568872449847,-5.998548353096931e-05,1.6363058646717832e-05
2024-01-21 18:15:00+00:00,5275.0,3743231.5200032,36.56832,1522973.4071666,-0.1862788080149005,7500.0,17732059.5386,160.32,6676397.2104,-0.24696878037585002,-4.5613811870208335e-05,1.4371671658963692e-05
2024-01-21 18:30:00+00:00,9130.0,8213235.0092389,108.5736,4527802.6664917,0.10256254968924372,15330.0,47666304.407,747.86,31191846.4698,0.30875874930297065,-0.00010501836752118244,-5.940455564967806e-05
2024-01-21 18:45:00+00:00,5584.0,4932133.9388432,46.0086,1918372.5276528,-0.22209228239136514,6318.0,13961390.9743,161.219,6721544.2661,-0.037123983065447286,-4.005935982080963e-05,6.495900769998286e-05
2024-01-21 19:00:00+00:00,4621.0,2611195.6830237,33.16221,1382034.2944473,0.05854517409965876,5584.0,16036665.4118,215.058,8962089.2419,0.11769984741411021,-2.375206016239417e-05,1.630729965818034e-05
2024-01-21 19:15:00+00:00,9195.0,4810921.7017072,40.49321,1686613.4339787,-0.29883979056229926,8210.0,19335729.1074,195.661,8149806.5696,-0.15702102317093614,-6.939017920459786e-05,-4.5638119042124003e-05
2024-01-21 19:30:00+00:00,4860.0,3419863.9196842,42.33988,1764377.3821023,0.03184069514978094,6829.0,14812751.0041,215.78,8992188.574,0.21411459242257758,2.4243823737160976e-05,9.363400294049029e-05
2024-01-21 19:45:00+00:00,4852.0,3465652.6463555,37.64238,1568954.8741975,-0.09456888251774342,5906.0,10685342.5023,123.968,5167126.4631,-0.032857119556479186,-0.00013650601481319242,-0.0001607498385496342
2024-01-21 20:00:00+00:00,4385.0,3326127.8756442,45.27247,1887973.3676636,0.13523799339671494,6145.0,11256178.9904,167.025,6965147.4457,0.23756870810962227,4.314446445189083e-05,0.00017965047926615796
2024-01-21 20:15:00+00:00,5745.0,4471842.2525659,50.97926,2127352.3906094,-0.0485566035390691,9774.0,25563436.8428,340.868,14224678.502,0.11289249481385077,-0.00014425792383217193,-0.0001874023882848519
2024-01-21 20:30:00+00:00,7696.0,5287729.6522422,56.44885,2356496.2400984,-0.10869261665102148,10423.0,29554739.90412,340.86,14227828.36312,-0.037188051102651776,-5.511694979393963e-05,8.91409740386706e-05
2024-01-21 20:45:00+00:00,6004.0,7110484.2810755,51.98663,2169087.6891629,-0.3898903074897695,6097.0,16262553.0822,131.083,5468995.3618,-0.3274124506580668,-3.7874166203381255e-05,1.7242783590276645e-05
2024-01-21 21:00:00+00:00,17220.0,11738433.6546497,101.0664,4208137.5287014,-0.28301549380320956,15715.0,43689771.49993,437.851,18232432.3938,-0.16536837946935878,2.3772701279907773e-05,6.164686748455495e-05
2024-01-21 21:15:00+00:00,6173.0,4519628.6937635,56.08804,2336208.3327038,0.03380542562156208,8057.0,22345545.1641,328.713,13691821.6035,0.2254631966193481,2.230925497147856e-05,-1.463446309912797e-06
2024-01-21 21:30:00+00:00,4671.0,2889854.7521684,39.7092,1656009.8611573,0.14608518640233692,4957.0,12368845.7391,152.754,6370125.498,0.03002747909822534,-4.602841872090262e-05,-6.833767369229804e-05
2024-01-21 21:45:00+00:00,5409.0,3591396.0116564,33.14599,1381867.8381758,-0.23045643883840927,5703.0,13825070.186,101.016,4211022.7402,-0.3908135461815876,-7.074718018472977e-05,-2.4718761464370687e-05
2024-01-21 22:00:00+00:00,7158.0,6515217.8354333,99.71068,4163454.4398324,0.2780706785241376,15379.0,58767311.47332,960.733,40127220.90522,0.3656306507551401,-9.836335118705292e-05,-2.7616171003330692e-05
2024-01-21 22:15:00+00:00,5643.0,3836194.4286253,31.23627,1304611.9499702,-0.3198405481039669,8032.0,21153825.6725,205.654,8589824.1261,-0.1878703872210895,-5.9884327451008906e-05,3.8479023737991724e-05
2024-01-21 22:30:00+00:00,5835.0,3873836.9713068,31.6085,1317641.2983623,-0.3197228958668299,10074.0,21809250.7269,223.009,9297115.5979,-0.14741540511222273,6.259593999012761e-05,0.00012248026744110518
2024-01-21 22:45:00+00:00,4672.0,2814251.3292981,33.21948,1385510.6404601,-0.015361118578091526,6168.0,13346920.8228,181.87,7585392.9896,0.1366506313039908,-0.00010117766494896512,-0.00016377360494068682
2024-01-21 23:00:00+00:00,6104.0,3683068.8236871,30.14081,1255229.4501441,-0.31837849889131487,7688.0,20004819.06723,191.791,7987298.3226,-0.20146257801611067,7.950033443567342e-05,0.00018067799938492612
2024-01-21 23:15:00+00:00,8618.0,8684032.96673,81.85035,3406293.2966764,-0.21550429167496576,21384.0,82958986.1671,895.619,37270956.3526,-0.10146065966797035,-9.835976088458475e-05,-0.00017786009532017033
2024-01-21 23:30:00+00:00,7477.0,6785626.8892813,64.25924,2670946.5477167,-0.21276350990185566,17883.0,49868431.32134,522.039,21698598.0399,-0.12976616809622388,-0.00016134722559912654,-6.29874647142259e-05
2024-01-21 23:45:00+00:00,6489.0,5514815.6870697,64.09686,2662448.4991745,-0.03443790318613782,18343.0,52180587.0962,631.572,26231469.798,0.005411064066402016,-8.690564279474069e-05,7.444158280378588e-05
2024-01-22 00:00:00+00:00,5825.0,3954329.9762478,45.40209,1887241.9766323,-0.04548078285410384,10403.0,29137624.8481,449.91,18702703.1336,0.28374932624747307,-7.93647644264307e-06,7.89691663527492e-05
2024-01-22 00:15:00+00:00,6884.0,5867300.0824263,71.24822,2964112.8417913,0.010383924513897691,14671.0,47324549.0609,661.131,27508624.1782,0.16255198302260787,8.574513548710815e-05,9.368161193101798e-05
2024-01-22 00:30:00+00:00,7665.0,4819633.8677625,40.96863,1704437.0521223,-0.29271098224995273,14914.0,37053468.42307,301.944,12563221.10343,-0.3218869035424514,-5.536718677136277e-05,-0.0001411123222592181
2024-01-22 00:45:00+00:00,12727.0,15355414.676364,168.87609,7010716.1617796,-0.08687374329643782,32015.0,141616064.84932,1557.286,64644080.8078,-0.0870515873099349,1.853246243637221e-05,7.389964920712089e-05
2024-01-22 01:00:00+00:00,17895.0,13803473.4315605,195.19598,8126207.9169149,0.17741493939271802,28748.0,123567785.22643,1664.04,69292683.87253,0.12153315276397691,-0.00011355161743440361,-0.0001320840798690881
2024-01-22 01:15:00+00:00,15643.0,15059434.1501658,176.4244,7334510.815519,-0.02592478012352817,30429.0,122850155.59483,1068.561,44393771.995,-0.2772695845593499,-3.590513285940631e-05,7.764648457353474e-05
2024-01-22 01:30:00+00:00,27736.0,35680248.9997112,388.59302,16068532.1151719,-0.09930381285724998,79414.0,338897289.74967,3498.129,144664296.6462,-0.14626465881118278,2.4217472907991784e-05,6.012260576859774e-05
2024-01-22 01:45:00+00:00,14183.0,19920896.9495864,251.0744,10387730.7295412,0.04289789318516313,41236.0,126786278.50346,1754.175,72592444.14546,0.14511514971991146,6.547151755770971e-05,4.125404464794258e-05
2024-01-22 02:00:00+00:00,9621.0,11338258.9332081,134.29804,5561225.6587551,-0.019033576227989513,22140.0,75329122.0525,821.228,33998156.4268,-0.09734361690541748,1.281318723566195e-05,-5.265833032019884e-05
2024-01-22 02:15:00+00:00,9697.0,10157596.4628678,104.82969,4332888.2873784,-0.146867410372573,20495.0,56465403.43039,586.911,24260218.687,-0.14070502597549805,-3.970615508869298e-05,-5.251934232575195e-05
2024-01-22 02:30:00+00:00,8596.0,7541798.1189644,99.08757,4100505.4507599,0.0874079061991544,20665.0,56787384.85506,904.948,37454233.35956,0.3191040036499466,-4.4445925982690026e-05,-4.739770893991135e-06
2024-01-22 02:45:00+00:00,8633.0,6775652.4966192,66.80201,2761839.9583706,-0.18477520511901824,17960.0,47913730.08219,546.813,22610824.9454,-0.05618598649639828,4.085603795387338e-05,8.530196393685685e-05
2024-01-22 03:00:00+00:00,10972.0,9610774.3107526,111.67142,4612261.732659,-0.04018935758406694,25543.0,70062015.3161,693.858,28656989.5462,-0.18195360447718312,-1.8878158189528945e-05,-5.973419614235809e-05
2024-01-22 03:15:00+00:00,9931.0,13533748.4139011,144.28752,5954711.4888651,-0.1200203658657113,25821.0,86629110.90088,744.248,30715064.5366,-0.29088353286359325,6.326429972231493e-05,8.21424579111607e-05
2024-01-22 03:30:00+00:00,26528.0,23164624.1428638,246.43538,10145723.5912401,-0.12403296261850727,60164.0,230225711.40761,2276.67,93726466.10723,-0.18578628308556588,9.713924918996455e-05,3.387494946593961e-05
2024-01-22 03:45:00+00:00,11199.0,9202402.6924696,105.71545,4351921.3791756,-0.05417714816222685,22171.0,59162334.5643,683.141,28120970.5374,-0.04936237744854377,4.2538684382116765e-05,-5.46005648054404e-05
2024-01-22 04:00:00+00:00,10244.0,13061639.7397897,166.03618,6835570.5021937,0.04666345701918062,26975.0,74111691.2774,1026.071,42234781.61893,0.13976029668099854,6.213845615123716e-05,1.959977176824168e-05
2024-01-22 04:15:00+00:00,18033.0,21103235.9831355,227.89693,9366988.5592034,-0.11226993180676537,44211.0,154380271.15767,1599.596,65757044.9879,-0.1481159542628122,6.665234697776889e-05,4.513890827340106e-06
2024-01-22 04:30:00+00:00,16556.0,21048730.5203924,216.55069,8884600.2303675,-0.1558065488310627,50068.0,156722120.75081,1759.179,72178005.3093,-0.07890468858491417,7.316002539488274e-05,6.5076784157014345e-06
2024-01-22 04:45:00+00:00,9665.0,11077287.3014093,141.33111,5798745.3262392,0.04696125837621978,24550.0,72905896.4141,900.048,36925068.7768,0.012951505789556172,7.188244907814662e-05,-1.277576314961948e-06
2024-01-22 05:00:00+00:00,23814.0,29794147.9273846,295.96859,12102587.0107621,-0.18758629780190583,78966.0,307930036.51875,2985.265,122032377.9546,-0.2074019193826232,-0.00023809783726687266,-0.00030998028634598995
2024-01-22 05:15:00+00:00,27209.0,33803234.2195508,452.00118,18427629.2371525,0.09028793620549447,84003.0,277716322.53411,3713.329,151398274.8399,0.0903087975414536,8.670152857291452e-05,0.00032479936583840185
2024-01-22 05:30:00+00:00,21039.0,18718129.4180396,257.45813,10539448.8787677,0.1261220224933699,52799.0,149740510.13475,2121.443,86843526.25315,0.15992026706734697,-0.0002002096965487741,-0.00028691122512114475
2024-01-22 05:45:00+00:00,29412.0,16425636.2396679,217.10462,8916593.7210952,0.08569233982689006,41849.0,132336640.00975,1796.712,73771221.86425,0.11490244665143168,-9.338108096354349e-05,0.00010682861558564127
2024-01-22 06:00:00+00:00,17214.0,14674560.0705189,192.4678,7914739.2763603,0.07870208555838931,37671.0,118325957.4158,1398.589,57508568.7367,-0.027963601686929462,-0.00011814460475778111,-2.4763523795101605e-05
2024-01-22 06:15:00+00:00,11068.0,12134288.7158014,152.72679,6280097.2803039,0.035099366331359905,32420.0,93734859.004,1202.96,49471387.3113,0.05556007310340938,-0.0001265252991455361,-8.380694387355447e-06
2024-01-22 06:30:00+00:00,11036.0,12191034.7958456,128.77177,5286098.0346104,-0.13278927947744512,27725.0,89124429.3345,864.977,35506728.2186,-0.20320997320865042,-0.0002073822237053433,-8.085692455850335e-05
2024-01-22 06:45:00+00:00,54556.0,26690738.9176111,375.9855,15492465.0096416,0.16088693216502548,53361.0,185553106.7618,2794.933,115209872.4733,0.24179944474007997,-0.00012722576956943058,8.015645413372852e-05
2024-01-22 07:00:00+00:00,14450.0,15011562.3340789,180.15885,7428071.2231427,-0.010353345263781732,27289.0,81637112.30063,831.313,34269675.3234,-0.16043881617954936,-0.00011382488139240546,1.3400888178694004e-05
2024-01-22 07:15:00+00:00,13916.0,10673081.5616927,103.03501,4239943.8435476,-0.20548834579032949,26108.0,89395273.64147,771.369,31720368.6668,-0.29033454734937825,-0.00017680118072384868,-6.297629933094129e-05
2024-01-22 07:30:00+00:00,8100.0,9133338.0530791,128.09665,5269351.4868287,0.15387199208119884,16421.0,40569164.8643,505.604,20798508.7852,0.02533581131231255,-0.00010674046600763673,7.0060714715936e-05
2024-01-22 07:45:00+00:00,11388.0,11557551.0565322,116.50505,4787666.327892,-0.17150851344306828,25431.0,71020600.1812,791.317,32529417.2856,-0.08394417387052933,-6.335313527036002e-05,4.3387330737942875e-05
2024-01-22 08:00:00+00:00,10124.0,11742108.8126661,139.01276,5703718.2943371,-0.028501884059436655,25603.0,80695451.54349,826.409,33904941.2599,-0.1596814786611045,-2.6801061810945495e-05,3.655207345865108e-05
2024-01-22 08:15:00+00:00,19510.0,28730540.4238238,294.87453,12065352.1341545,-0.160102667324021,58332.0,198754773.67167,2096.93,85811519.02531,-0.13650859861041564,-9.176555469200968e-05,-6.496449288206918e-05
2024-01-22 08:30:00+00:00,14638.0,16046999.7031739,167.23839,6846394.7668471,-0.1467071859553949,39140.0,125766647.70346,1535.768,62873583.7943,-0.0001548909445843183,-6.722947929632042e-05,2.4536075395431567e-05
2024-01-22 08:45:00+00:00,26236.0,24102569.3282664,258.6656,10563928.8699369,-0.12341885829175869,53958.0,207722752.06512,2450.084,100071305.673,-0.03649162474384937,-5.464063797134607e-05,1.2588841327598743e-05
2024-01-22 09:00:00+00:00,12306.0,12362859.7463666,159.85582,6538043.9138024,0.057691189245094865,31963.0,98651100.1336,1508.864,61713275.834,0.2511421717633904,-4.1505780906688214e-05,1.3134857063334948e-05
2024-01-22 09:15:00+00:00,11719.0,10150123.9356216,137.36788,5625652.3586809,0.10848939271328839,30640.0,83391366.57711,1050.779,43037621.53531,0.032184104946023195,-2.4425329999503044e-07,4.126152760797197e-05
2024-01-22 09:30:00+00:00,11517.0,10759045.4595717,144.88801,5936798.264015,0.10359200290084725,24777.0,70748012.16748,943.461,38669736.38898,0.09316813870156793,-9.77736263371399e-05,-9.752937303808551e-05
2024-01-22 09:45:00+00:00,15538.0,14468781.7959019,193.31381,7911963.2672373,0.09365990569824811,35668.0,98930688.97857,1101.8,45098064.13411,-0.08828969858121616,-0.00019855193914064816,-0.00010077831280419502
2024-01-22 10:00:00+00:00,30281.0,35120806.4071365,422.14043,17206021.5119413,-0.020180726348865474,87072.0,315224682.84093,3260.248,132872556.24007,-0.1569660405868616,1.3498547372525925e-05,0.0002120504865139594
2024-01-22 10:15:00+00:00,24144.0,27513787.4804666,369.93086,15090244.5543862,0.09692237501649026,57089.0,196925186.30282,2719.961,110931668.81162,0.1266376931697888,-2.4514580659907075e-06,-1.5950005439080428e-05
2024-01-22 10:30:00+00:00,43675.0,56420249.5137368,599.07896,24295149.8123834,-0.1387790723446486,120499.0,500401354.31465,5213.087,211221154.0906,-0.15579303585263615,-0.00026472554566666235,-0.00026227408760171045
2024-01-22 10:45:00+00:00,71534.0,29263368.96888,348.84765,14131015.4806642,-0.034218138335899484,84067.0,258382146.07341,3660.412,148267197.39291,0.14765822365129821,-0.00011099833143900036,0.00015372721422757252
2024-01-22 11:00:00+00:00,30036.0,18692843.2666144,279.66332,11367781.1004558,0.21627094801129232,54401.0,147812705.03606,2011.951,81776819.49276,0.10649242868277042,-1.0072793128025832e-05,0.00010092553831242412
2024-01-22 11:15:00+00:00,37676.0,26444933.2603631,421.45319,17196146.3158697,0.3005248413044088,58100.0,174132817.03579,2543.492,103776060.03539,0.1919184654786883,-0.00010360533089302344,-9.353253776467341e-05
2024-01-22 11:30:00+00:00,15788.0,14354324.8771059,159.46403,6507518.8553072,-0.09330199629434088,33970.0,93880566.9785,1097.451,44782906.2316,-0.045960038953409055,-6.127638716344264e-05,4.2328943729685875e-05
2024-01-22 11:45:00+00:00,23612.0,17811541.6081196,205.75721,8404068.1086835,-0.05633456175939222,47639.0,151259433.79551,1826.259,74603854.0283,-0.013564282818113393,-0.00012804125595063324,-6.67648687873168e-05
2024-01-22 12:00:00+00:00,16740.0,15697180.2937595,197.18616,8053642.6148147,0.026126025706217915,31656.0,87850493.70696,1197.809,48922641.56386,0.11377044110986212,-0.00016146936668391275,-3.342811073459018e-05
2024-01-22 12:15:00+00:00,13902.0,18222538.2838827,225.71659,9208390.9482114,0.01065952555643146,41993.0,124275805.24341,1456.593,59402779.6026,-0.04401698325346459,-0.00013805908115353195,2.341028553054514e-05
2024-01-22 12:30:00+00:00,10166.0,10589694.5887362,135.95033,5538738.0633467,0.046061908005924135,29845.0,71277626.6675,889.631,36240935.2764,0.016895117607066634,-0.00013931423083062225,-1.2551496766377568e-06
2024-01-22 12:45:00+00:00,14987.0,10475923.8182861,157.31546,6419976.0959518,0.2256629978055973,30365.0,80270601.51706,1211.573,49453390.17256,0.23216692631983382,-6.387773851969922e-05,7.54364923096773e-05
2024-01-22 13:00:00+00:00,12172.0,13008663.3712969,147.98689,6048483.0691533,-0.07008385158170238,36948.0,90355926.7849,1194.426,48828535.2287,0.08080425858373408,1.5408966820358577e-05,7.928670534163018e-05
2024-01-22 13:15:00+00:00,80329.0,39592274.7356916,526.28851,21619799.8694125,0.09212213815654846,97382.0,387088620.28507,5471.548,224934489.07927,0.16218600750194012,0.00010324060109781476,8.783163427672491e-05
2024-01-22 13:30:00+00:00,18286.0,22928703.7383235,272.65694,11212759.9294265,-0.021945587732003613,57000.0,198004076.27707,2277.632,93645861.2517,-0.05410168303141416,3.066143281128014e-05,-7.257916828606881e-05
2024-01-22 13:45:00+00:00,14749.0,14889208.5142233,169.07478,6926095.3666547,-0.06964895279176608,51393.0,160335511.14915,1439.399,58959480.9797,-0.26454868847046975,7.607419022882749e-05,4.541275741765105e-05
2024-01-22 14:00:00+00:00,12873.0,11693677.3854519,151.61014,6207378.1050214,0.06166399164457825,28816.0,96633911.80261,1134.752,46459277.68901,-0.03844774940063689,-3.101908565497469e-05,-0.00010709327588287465
2024-01-22 14:15:00+00:00,13842.0,14586497.6605709,145.2377,5938536.8942407,-0.18574876129541418,35399.0,109859825.39848,1145.684,46815665.0782,-0.14772001669597168,-4.167162028433644e-05,-1.0652534630395394e-05
2024-01-22 14:30:00+00:00,41063.0,43375995.3585541,493.23312,20053209.1919212,-0.07537756650158145,97689.0,423385551.68502,4700.369,191092691.87326,-0.09731122796828728,-7.857705093542e-05,-3.6905430651046345e-05
2024-01-22 14:45:00+00:00,52535.0,28366401.0005419,340.40665,13847760.1468208,-0.023650540189694258,82712.0,307431752.44656,3786.771,154066781.98999,0.0022828205864713347,-0.0001282158398521654,-4.963878891572904e-05
2024-01-22 15:00:00+00:00,28860.0,22442375.7420319,273.71595,11118865.3978136,-0.009118684615079475,69434.0,221251237.35708,2865.936,116424117.44177,0.0524155148915324,-0.00011427188242187757,1.3943957430484488e-05
2024-01-22 15:15:00+00:00,23904.0,20811726.75804,255.26113,10370920.1926866,-0.0033580285518499675,48631.0,129041315.63306,1488.69,60480840.0723,-0.06261277985908886,-5.810291998349342e-05,5.616896243765268e-05
2024-01-22 15:30:00+00:00,45487.0,43954065.0564416,470.95817,19056034.6905061,-0.13291138528205904,112145.0,412772323.54364,4765.118,192758487.23141,-0.06602998196883347,2.1010701245268874e-05,7.911362122925425e-05
2024-01-22 15:45:00+00:00,36861.0,29761954.7602398,374.35999,15163701.905467,0.01899905618597364,76544.0,254095520.23088,3480.679,141026314.11207,0.11002597750584986,-5.129148508224774e-05,-7.230218632869878e-05
2024-01-22 16:00:00+00:00,38212.0,35642948.1517325,470.82449,19173128.3625612,0.07584413505532384,82276.0,290325069.79959,4221.298,171942218.00719,0.18448067971450688,6.646499081686153e-05,0.000117756475900066
2024-01-22 16:15:00+00:00,27380.0,30817751.5918299,368.53015,14993888.7308144,-0.026931689929681202,84277.0,282710932.49236,3199.599,130171968.67176,-0.07911613092445391,0.00013271396878387277,6.62489779656994e-05
2024-01-22 16:30:00+00:00,26205.0,23822338.6634963,317.91363,12886721.6077115,0.08190230940325072,53642.0,169256433.5272,1913.86,77583748.3283,-0.08324018518525544,-3.533908158051393e-05,-0.0001680530503644917
2024-01-22 16:45:00+00:00,24564.0,24517058.9194871,321.70272,13021580.9231082,0.06224657418089796,56286.0,177315999.10397,2403.584,97316703.05641,0.09766409741004733,-3.70030946963676e-05,-1.664013115743046e-06
2024-01-22 17:00:00+00:00,21166.0,19435872.2065136,276.62277,11223521.709882,0.15492853530088868,47338.0,163099303.86417,2044.018,82951659.11506,0.017192068264651805,0.00013573091736683292,0.0001727340120627474
2024-01-22 17:15:00+00:00,36391.0,24310579.6332977,315.18064,12793907.7161113,0.05253827009437062,61375.0,191859419.32836,2550.469,103560550.02676,0.0795461634283392,8.11154605284159e-05,-5.461545683793645e-05
2024-01-22 17:30:00+00:00,15557.0,15944041.1065868,194.10972,7896979.5671106,-0.009413044745826604,38779.0,123860520.13977,1510.458,61472308.04811,-0.007394640701625099,0.00016343899306773887,8.232353253845304e-05
2024-01-22 17:45:00+00:00,13232.0,15321924.8800787,239.9556,9767851.9095665,0.27501629018772844,33903.0,95863586.37853,1320.862,53805001.25133,0.12253261710601704,2.329109269037293e-05,-0.00014014790037641944
2024-01-22 18:00:00+00:00,10342.0,9573807.2839757,125.95425,5130439.4428777,0.07176576479972563,26778.0,73718186.591,701.755,28585369.8314,-0.22446899053564384,0.00016702938282182948,0.00014373829013081263
2024-01-22 18:15:00+00:00,11005.0,10391022.1353417,121.17092,4926662.823522,-0.05174625569017899,28290.0,85109327.12236,1042.822,42409507.3593,-0.003411052743286569,0.00010651530515694449,-6.0514077663498256e-05
2024-01-22 18:30:00+00:00,19201.0,22191846.1019889,254.07928,10325943.4419914,-0.06939301989247681,48064.0,188600509.92278,1894.67,77030624.66821,-0.18313450266121578,0.00013721544475133674,3.0700139594941334e-05
2024-01-22 18:45:00+00:00,12589.0,12633338.6523278,147.23357,5968361.0252783,-0.055141132597030684,34058.0,106727691.8595,1245.854,50530897.333,-0.0530874142856832,0.00012869632982508253,-8.51911492638635e-06
2024-01-22 19:00:00+00:00,71657.0,94464184.1345338,908.66307,36629979.630038,-0.22446840639897137,206285.0,998923974.53486,10518.308,423776225.41922,-0.15153457876201726,0.00011632419044089132,-1.2372139385874448e-05
2024-01-22 19:15:00+00:00,40224.0,41405035.7144413,504.58242,20379863.1207323,-0.015585289611321995,96047.0,370878933.92802,4537.801,183321705.16649,-0.01142023233884204,1.3922825776871887e-05,-0.0001024013646624411
2024-01-22 19:30:00+00:00,80013.0,113273201.5148639,1144.30515,45802731.2788771,-0.19128742427454404,215251.0,1045505948.56669,11922.247,477108400.3734,-0.08731576127810714,3.5802912232770416e-05,2.1880086453762715e-05
2024-01-22 19:45:00+00:00,65887.0,116964173.2145702,1148.89735,45598765.651135,-0.2202951656404344,216414.0,1042504686.12582,11429.719,453492770.40459,-0.12999379966363456,-0.0001615402908128645,-0.00019734320304465314
2024-01-22 20:00:00+00:00,31039.0,44623499.8007423,632.71131,25130334.7478317,0.12632737728086774,112118.0,389190637.94341,5331.454,211672912.32361,0.08775952804079612,-0.00019615030601173502,-3.461001519866613e-05
2024-01-22 20:15:00+00:00,25991.0,38727692.7916759,515.855,20608591.3690049,0.06428190699934988,104474.0,382144470.20329,5151.013,205777673.45853,0.07696271700104496,-0.00019413696423757623,2.013341774187438e-06
2024-01-22 20:30:00+00:00,28940.0,39321343.8402269,560.2599,22498366.6324545,0.14433355705600293,89778.0,357515223.45009,4979.138,200001915.58109,0.11884419159012838,-0.0003304893882109165,-0.00013635242397214142
2024-01-22 20:45:00+00:00,23405.0,31477129.111409,427.48547,17209790.1041711,0.09347901730551089,62577.0,224171621.77725,2752.527,110757549.23591,-0.011850399637424514,-0.000340811482385893,-1.0322094176729024e-05
2024-01-22 21:00:00+00:00,26564.0,43571074.3704398,488.92707,19653680.7428721,-0.09785650104575472,69459.0,239963773.7891,2735.406,109872330.93637,-0.08425901792213941,1.4932244939054401e-05,0.00035574372732583015
2024-01-22 21:15:00+00:00,18534.0,28139593.0837078,340.85022,13653718.5355724,-0.029572425233284516,55445.0,208563864.19104,2282.018,91410260.33451,-0.12343146604936162,-0.0001227636422640089,-0.0001376958872025824
2024-01-22 21:30:00+00:00,11848.0,15381628.0912306,218.63489,8766943.0260293,0.13992393705416983,36424.0,117801466.09239,1525.412,61168034.34438,0.03849360068926111,-8.750006705202937e-05,3.526357521188572e-05
2024-01-22 21:45:00+00:00,12836.0,20710628.5502658,253.49257,10134520.7193081,-0.021321762909215614,43935.0,143611675.87262,1613.53,64496328.8688,-0.10179547064116634,3.9569236276337864e-05,0.0001270693033283976
2024-01-22 22:00:00+00:00,12009.0,20770353.9764752,263.13251,10513124.641886,0.012320218884407375,42374.0,140112092.73922,1603.749,64068293.5619,-0.08547089249254947,0.00011166266344640937,7.209342716940625e-05
2024-01-22 22:15:00+00:00,16513.0,26606017.1727783,344.05403,13724874.8382729,0.03171209348202453,68157.0,273753039.2481,3712.84,148096205.86506,0.0819694003896827,-6.074572503825612e-05,-0.00017240838848486817
2024-01-22 22:30:00+00:00,12140.0,18829662.6509308,231.54121,9247877.7706149,-0.01773303727693143,41414.0,125803784.4431,1469.087,58670436.1869,-0.06727072724213412,-8.995398195881427e-05,-2.9208256920654208e-05
2024-01-22 22:45:00+00:00,11371.0,14923907.3899741,153.75557,6124790.8576551,-0.17919741826195712,34214.0,95383177.68584,1164.595,46375114.9929,-0.027603900015913063,-0.00010583765042249379,-1.5883668462279843e-05
2024-01-22 23:00:00+00:00,21921.0,27351889.732237,361.62212,14377103.259291,0.05126946620774908,70800.0,255474004.96231,2826.342,112297378.40281,-0.12087041169314106,-7.280697242953958e-05,3.303067799187431e-05
2024-01-22 23:15:00+00:00,12563.0,16108201.5431742,201.12008,8011397.297312,-0.00530207846737496,47333.0,138060066.8551,1622.509,64624795.80776,-0.0638162463649028,-6.387965276794383e-05,8.927319660401167e-06
2024-01-22 23:30:00+00:00,11141.0,15720866.2809133,193.17455,7666367.4069457,-0.024688936352898816,43004.0,134609390.07373,1545.703,61339810.6738,-0.08862508566152527,-0.00010075668277216808,-3.6877030003878986e-05
2024-01-22 23:45:00+00:00,13439.0,17313501.9893223,191.07834,7575971.6054224,-0.12484815491462053,41088.0,134111233.53979,1562.752,61960469.5916,-0.07598389849696374,-0.00014151849367073023,-4.0761810897294026e-05
2024-01-23 00:00:00+00:00,12671.0,23854819.2772237,254.60565,10071056.3527869,-0.15563758955804563,46438.0,162080528.67773,2044.535,80855947.4556,-0.0022743865011877196,-2.577872603188984e-05,0.00011573976763834537
2024-01-23 00:15:00+00:00,15900.0,24756781.8572104,367.99856,14578665.5361165,0.17775126187254986,56558.0,208606583.03087,3371.467,133587496.70407,0.2807601252382479,-3.7501782282991124e-05,-1.1723056251966568e-05
2024-01-23 00:30:00+00:00,10547.0,13906577.1775245,171.36566,6814290.9651765,-0.01999019914266098,46672.0,146004939.05772,1673.867,66559307.48402,-0.08825950801969562,3.44942928976194e-05,7.199607518160178e-05
2024-01-23 00:45:00+00:00,10194.0,10496873.9722812,155.99572,6201745.8404935,0.18163671524880187,31687.0,78582605.2034,970.822,38584242.0501,-0.01799534514718304,1.358407523777782e-05,-2.091021766048584e-05
2024-01-23 01:00:00+00:00,10580.0,14047859.0730417,204.66234,8154318.3839567,0.16093396745488464,31344.0,83529979.88662,1135.689,45251135.86762,0.08347053187470999,-7.022718497226113e-05,-8.381126020928775e-05
2024-01-23 01:15:00+00:00,8065.0,9335336.2162945,111.59553,4445381.3933986,-0.04762264788292392,20056.0,54702593.6739,600.159,23906148.7626,-0.1259592221490502,-8.53426507945746e-05,-1.5115465821224916e-05
2024-01-23 01:30:00+00:00,8653.0,10668653.4642647,146.86418,5852941.9528838,0.09722224505437027,23010.0,59850834.9013,732.34,29179610.95086,-0.024922175305320593,-0.00012231068763276804,-3.696803683972405e-05
2024-01-23 01:45:00+00:00,8188.0,8440973.0309694,94.03914,3738570.3174892,-0.11418498702160995,24854.0,62686841.682,703.564,27966647.8466,-0.10773466659972475,-3.166495064682815e-05,9.064573698580602e-05
2024-01-23 02:00:00+00:00,6582.0,6719459.4793904,74.55486,2968525.9533788,-0.11643906403968407,21112.0,45109746.2222,629.545,25068711.9365,0.1114543545874731,-6.804026831575505e-05,-3.6375317668202456e-05
2024-01-23 02:15:00+00:00,8359.0,9227441.8691679,116.71975,4654846.0947099,0.00891366441729935,23322.0,60840134.7932,916.392,36544948.7396,0.20134345079342486,-9.020205265893594e-05,-2.2161784343666113e-05
2024-01-23 02:30:00+00:00,8187.0,8852297.2184828,121.04411,4833300.9524573,0.09198795141351623,26038.0,78141813.77766,1082.404,43222545.13176,0.10625907032930737,-0.00010391633117100548,-1.371427851282192e-05
2024-01-23 02:45:00+00:00,10279.0,14254917.8706019,226.9272,9078780.1270293,0.27377515737955727,32478.0,112142880.6872,1743.964,69763479.6096,0.24418918404978696,-8.695295850421283e-05,1.696337266743342e-05
2024-01-23 03:00:00+00:00,7192.0,8338035.4624921,104.03826,4166366.4438388,-0.0006359501393767841,22659.0,55118245.8741,679.121,27192095.6897,-0.013317813059158579,-3.894189869199234e-05,4.80110598122252e-05
2024-01-23 03:15:00+00:00,9249.0,13834247.5122838,254.379,10197462.780025,0.47423454307440993,28610.0,93632241.90323,1392.763,55819520.30693,0.19231408267720673,-3.2910352203539555e-05,6.03154648892712e-06
2024-01-23 03:30:00+00:00,7206.0,8923175.8787048,81.25067,3253169.5836079,-0.2708493864002828,22717.0,75749912.3794,842.376,33716588.5834,-0.10979201099197189,-0.00010000500033334732,-6.709464812892918e-05
2024-01-23 03:45:00+00:00,6621.0,6949086.8213173,73.75007,2951189.0255865,-0.15062536949939587,15926.0,49959228.66746,563.764,22555026.1101,-0.09706267643836586,-2.174818674565626e-05,7.82568135857531e-05
2024-01-23 04:00:00+00:00,6739.0,8522030.3775361,104.27966,4170909.6872389,-0.021146486820010857,12787.0,38118406.1956,391.345,15651397.6479,-0.1788010460045606,-8.499942625501525e-06,1.324824412129999e-05
2024-01-23 04:15:00+00:00,5729.0,6019935.6429843,97.68241,3913943.8937151,0.3003274871472932,18689.0,48382953.00111,755.999,30289760.93041,0.2520840110654301,-7.510672456977299e-05,-6.660678194414515e-05
2024-01-23 04:30:00+00:00,15037.0,15546758.7127427,256.25784,10286358.6903621,0.3232801615337375,27146.0,87758972.04323,1331.619,53450706.29293,0.21812516825288752,-0.00021939652099235935,-0.0001442897964221146
2024-01-23 04:45:00+00:00,5418.0,5211059.2463818,73.35821,2943977.8702162,0.12989614242451597,14398.0,31627974.0138,320.2,12848395.8948,-0.18752962872715428,-0.0001208378674956475,9.85586534945071e-05
2024-01-23 05:00:00+00:00,5062.0,6100678.4983705,41.63391,1669295.8275096,-0.45275076273713777,13874.0,39020704.4727,316.145,12671075.5178,-0.35054604015849866,-0.00025985823269650054,-0.0001390203652000821
2024-01-23 05:15:00+00:00,5591.0,5382052.7196141,82.7025,3315673.6392094,0.23212231910174896,11573.0,35337977.9165,396.315,15884426.4406,-0.10099969623993421,-0.0002767234465989466,-1.686521390276141e-05
2024-01-23 05:30:00+00:00,5633.0,6260556.0261539,80.89915,3243360.0446303,0.03612523586753058,12498.0,33544763.2818,348.437,13966758.088,-0.16727639598054433,-0.00016299139414087857,0.00011373205245845952
2024-01-23 05:45:00+00:00,5642.0,4755927.7546196,72.44606,2904751.3007559,0.2215287744581118,11517.0,26282847.1965,311.912,12502268.4452,-0.048636675339733704,-0.0001010191082866644,6.197228585413939e-05
2024-01-23 06:00:00+00:00,5391.0,4788627.1709973,60.15745,2411635.2352312,0.0072344950291638455,10304.0,26008085.3528,314.177,12593510.1166,-0.031569610313956,-0.0001133100075661429,-1.2290899279676637e-05
2024-01-23 06:15:00+00:00,8564.0,10161489.5347756,93.71687,3750291.6982062,-0.26186181949573417,25894.0,92669153.76956,1045.141,41824424.0409,-0.09733881578535564,-3.1483526247384526e-05,8.182648132049053e-05
2024-01-23 06:30:00+00:00,6839.0,6425674.9060604,78.28013,3136110.9743263,-0.02388122020662309,13992.0,35388978.91521,482.484,19328437.80671,0.09234221496019135,-0.0001743424966494483,-0.0001428589704026706
2024-01-23 06:45:00+00:00,7750.0,7298805.0305352,83.47304,3345637.8355634,-0.08323682532506993,17832.0,43971625.6537,512.264,20532393.7817,-0.06610713265852164,4.87005385250345e-05,0.00022304303517373114
2024-01-23 07:00:00+00:00,9764.0,8582984.6437217,92.65496,3706282.8479454,-0.13636502876502754,18316.0,49143809.57256,522.865,20917245.249,-0.1487332613839778,1.9990274732322982e-06,-4.670151105123921e-05
2024-01-23 07:15:00+00:00,9541.0,9017297.5753887,95.56221,3820127.0673895,-0.15271132277680666,22035.0,52748083.2763,513.355,20523018.1435,-0.2218478144125815,-3.129833637077602e-05,-3.329736384394266e-05
2024-01-23 07:30:00+00:00,16078.0,20286992.7470886,216.64008,8633829.2852285,-0.14883103741755443,50949.0,159815963.79204,1577.434,62871218.47,-0.21320477656648906,-1.708425098417689e-05,1.4214085386043962e-05
2024-01-23 07:45:00+00:00,14011.0,16659891.7406268,233.11816,9283428.0344776,0.11446438896587052,41740.0,115114499.23264,1500.718,59734106.5629,0.037820725644311715,-5.3826768869988215e-05,-3.6742517886878545e-05
2024-01-23 08:00:00+00:00,14886.0,21473565.691227,276.52524,10989981.4460406,0.023582352746432278,44584.0,125328046.67301,1518.664,60349403.61334,-0.036936979145681836,-0.00015335514693695665,-9.952837806537218e-05
2024-01-23 08:15:00+00:00,16520.0,31699098.5139903,481.83522,19159344.2951984,0.20882581482514273,63555.0,208613256.24323,2321.883,92233730.5666,-0.11574429901941374,-0.0001106699579713849,4.26851889656632e-05
2024-01-23 08:30:00+00:00,16740.0,20276195.958764,266.48599,10565305.0243088,0.04213877650379949,69475.0,189099815.4517,2424.363,96116388.0452,0.016567761482031873,-8.949194420928072e-05,2.1178013762224168e-05
2024-01-23 08:45:00+00:00,20976.0,28605820.0437994,272.92215,10796084.1518528,-0.24518268413053523,80103.0,223737320.98792,2541.507,100514212.9104,-0.10149802038769418,-6.880943987284024e-05,2.0682504336733132e-05
2024-01-23 09:00:00+00:00,32438.0,37679551.1489318,408.46062,16126992.1356192,-0.14399234365208757,105095.0,338982549.32412,4143.199,163570283.5377,-0.034933899318213,-0.00010794968338914148,-3.9140243517366e-05
2024-01-23 09:15:00+00:00,49844.0,66114451.2589416,717.66791,28187259.4732644,-0.14731926419937624,169593.0,719090519.22341,7848.712,308070634.26703,-0.14316591296535408,7.4121112108428015e-06,0.00011536179460058804
2024-01-23 09:30:00+00:00,51240.0,73748498.4373315,833.49415,32613069.8142793,-0.11555976039315374,152223.0,560671643.26128,6368.975,249087421.43834,-0.11146773898011397,-8.221064426943752e-05,-8.962275548007881e-05
2024-01-23 09:45:00+00:00,44026.0,69918157.6613099,954.30624,37239080.4161199,0.06521915513018794,126042.0,434536456.25719,6338.22,247321854.4599,0.13832499390346698,9.131528937624291e-05,0.0001735259336452799
2024-01-23 10:00:00+00:00,34584.0,48630731.0677268,641.82193,25129820.1602565,0.03349547121793539,111263.0,366018276.17747,4819.78,188704188.18149,0.031118938388714046,7.981942847630195e-05,-1.1495860899657373e-05
2024-01-23 10:15:00+00:00,22632.0,36434515.7108693,502.78018,19603229.4797354,0.0760801452830775,79492.0,215046540.4712,2819.282,109929437.926,0.022378111130062495,0.00013815662617800404,5.833719770187429e-05
2024-01-23 10:30:00+00:00,38367.0,51732525.055203,859.2738,33564246.8749259,0.2976071374482492,91031.0,314910803.36971,4078.166,159142556.1771,0.01071512615122483,5.265973859997251e-05,-8.549688757852891e-05
2024-01-23 10:45:00+00:00,18551.0,24540424.657708,284.68496,11110788.3156327,-0.09449094947565473,53900.0,150201554.47549,1672.682,65295611.3652,-0.1305601118015728,-3.0769704151659097e-05,-8.342944275163688e-05
2024-01-23 11:00:00+00:00,20752.0,17688898.223124,187.57928,7308233.9760592,-0.17369257441874664,49396.0,127910361.85526,1596.753,62209324.213,-0.027298127990687204,-7.1947733055974676e-06,2.3574930844816322e-05
2024-01-23 11:15:00+00:00,25610.0,26076248.1890234,419.71908,16355746.0578719,0.2544554676202788,50218.0,138969387.18345,2009.485,78279902.88559,0.12657765097941542,0.00012771814622931785,0.00013491291953648954
2024-01-23 11:30:00+00:00,24362.0,22084710.2344038,203.98796,7935766.3643798,-0.2813338929829039,59756.0,186424397.76018,1989.177,77363701.30766,-0.1700260026353183,-0.00017260634332515504,-0.0003003244895545265
2024-01-23 11:45:00+00:00,34929.0,42429602.0343485,408.15326,15841901.3876402,-0.2532618441806015,101751.0,404112174.29961,4110.333,159507784.44382,-0.2105766933635589,3.070444379971601e-05,0.00020331078712487738
2024-01-23 12:00:00+00:00,52215.0,41162444.3813868,477.43452,18489420.5570276,-0.10163641470289797,98353.0,305917818.1376,4238.084,164173363.49724,0.07331677832113592,0.00011686624465678751,8.616180085851965e-05
2024-01-23 12:15:00+00:00,39528.0,31041936.2781694,463.5494,18048671.1092198,0.16285730036194535,82579.0,256688869.24037,3615.426,140766650.67131,0.0967881161959736,-1.2096680272200706e-05,-0.00012896292492925454
2024-01-23 12:30:00+00:00,26250.0,27611970.0136556,390.23298,15174284.868946,0.09910918065183338,57733.0,182043374.10908,2605.498,101280116.50346,0.11270313461420667,-0.00019812841947148885,-0.0001860317392008426
2024-01-23 12:45:00+00:00,34826.0,32474026.1389109,440.74151,17119095.4103405,0.054325406841261525,59546.0,168324020.58948,2229.386,86571202.01486,0.02862564370412346,8.901564906143492e-05,0.0002871440685332516
2024-01-23 13:00:00+00:00,38278.0,20545743.2289729,341.34667,13299569.1729921,0.2946301357682213,57841.0,174923376.70725,2715.788,105896689.33513,0.21077801410565766,7.679373854709063e-07,-8.824771167503798e-05
2024-01-23 13:15:00+00:00,16703.0,15483132.7414834,216.12736,8429227.0366312,0.08882707102898846,42953.0,119684495.4908,1394.132,54377803.1194,-0.09131416067873288,-8.85477590616135e-05,-8.931569644765602e-05
2024-01-23 13:30:00+00:00,15471.0,11417287.901663,162.7291,6342955.5664473,0.11111423677481391,31779.0,83694791.2867,1106.831,43141529.3299,0.03092507112221332,-4.596792595183454e-05,4.2579833110067966e-05
2024-01-23 13:45:00+00:00,28017.0,14524851.7712543,202.74146,7905831.1191912,0.08859370735023875,35061.0,102703648.72765,1536.203,59892981.85219,0.1663262716403482,-5.538237170274217e-05,-9.414445752753409e-06
2024-01-23 14:00:00+00:00,27340.0,15566882.9016768,161.7102,6298692.6337372,-0.19075736953623124,35120.0,112992107.69226,1166.123,45401208.9474,-0.19638265229899765,-0.0001636603094980618,-0.00010827793779455419
2024-01-23 14:15:00+00:00,71190.0,51145797.6867481,509.02683,19708123.8244938,-0.22933555772461112,138451.0,470747049.35608,6010.259,232674400.9597,-0.011467405784197915,-2.866405737867282e-05,0.0001349962521199899
2024-01-23 14:30:00+00:00,56770.0,45577675.8523091,557.20056,21567485.5203466,-0.053594325861004655,130679.0,504399968.62628,6151.886,238176323.45758,-0.05560532009449992,-7.286356249640495e-05,-4.419950511902471e-05
2024-01-23 14:45:00+00:00,61672.0,33622620.7048897,404.87856,15665637.3984977,-0.06814893841874348,100389.0,322786363.33652,4091.04,158270178.02446,-0.019350282406720765,-0.00014960314499399652,-7.673958249654333e-05
2024-01-23 15:00:00+00:00,27619.0,26822196.8734656,380.65584,14738333.0799918,0.09896539418603645,68985.0,183217450.43472,2481.344,96067592.68032,0.048672956122688404,2.2183146638964163e-05,0.00017178629163261405
2024-01-23 15:15:00+00:00,43337.0,51203989.9237986,767.20489,29877549.8739662,0.16700084967713447,119161.0,376312208.37554,5102.743,198729559.04468,0.05619512001778171,-2.1521288654697254e-05,-4.370443529211343e-05
2024-01-23 15:30:00+00:00,26097.0,22571636.7133173,315.90911,12317715.5729758,0.09143308741171863,62577.0,164948545.2794,2234.126,87126392.0859,0.0564069169366721,-5.377713986288271e-05,-3.225585120958385e-05
2024-01-23 15:45:00+00:00,67544.0,112136673.7653998,2018.07044,79138251.012168,0.41146064627763934,135882.0,583557106.45649,8219.695,322604880.13915,0.10564973528671584,-1.807059264336218e-05,3.570654721940514e-05
2024-01-23 16:00:00+00:00,43358.0,42245437.8138231,636.98787,24992207.4120276,0.1831908345781148,84793.0,262710158.463,3358.466,131698750.01122,0.0026163493770523516,-0.0001683643408303913,-0.00015029374818631425
2024-01-23 16:15:00+00:00,38562.0,36863539.660534,432.84758,16912020.3895764,-0.08245271369410245,82679.0,292842123.62884,3143.025,122870601.0777,-0.16084066352809834,1.000695226595192e-05,0.00017837129309583588
2024-01-23 16:30:00+00:00,24826.0,35620451.5480737,597.95055,23350314.017348,0.3110622130005394,65049.0,218072577.33961,3071.723,119877865.51281,0.09943090484156691,9.613486706536273e-05,8.612791479833959e-05
2024-01-23 16:45:00+00:00,19206.0,30421185.4487195,488.19506,19093099.3076927,0.25525018345373995,58599.0,185206153.86236,2206.727,86260348.21737,-0.06849371450717279,-5.9786195385256605e-05,-0.00015592106245065906
2024-01-23 17:00:00+00:00,35995.0,58282162.7333875,1064.75877,41804282.582712,0.4345480888877178,73922.0,243100016.24476,3217.056,126294232.40596,0.039031048675894464,0.00013253559306010504,0.00019232178844497128
2024-01-23 17:15:00+00:00,39498.0,38467356.4716637,492.38967,19390020.7889019,0.008128583162984704,85752.0,309496339.43762,3998.826,157535495.1388,0.01801200896304489,-0.0001449878098314832,-0.00027752340289133315
2024-01-23 17:30:00+00:00,27105.0,20958282.3943414,293.3999,11558667.4880036,0.10301667574861617,53653.0,162125532.32501,2294.339,90395723.10961,0.11513247559792616,4.1867360402206475e-05,0.00018685517023442344
2024-01-23 17:45:00+00:00,32793.0,51135709.3517071,848.4982,33543199.2696087,0.3119285796507252,92487.0,358509411.41599,4720.007,186605212.15288,0.04100593295921029,-5.060331805838638e-06,-4.692769220859816e-05
2024-01-23 18:00:00+00:00,20796.0,21227194.7105946,254.74398,10043578.631695,-0.05370645828370335,51306.0,169268432.6547,2012.009,79323751.5497,-0.06274607372873953,0.00012969067523195335,0.000134751007038858
2024-01-23 18:15:00+00:00,31887.0,23554881.5571891,307.51155,12144458.9193104,0.03116280927371795,52816.0,171203728.08401,2416.742,95445561.5094,0.11499396161004949,1.1380973667930708e-05,-0.0001183097015644563
2024-01-23 18:30:00+00:00,27496.0,29805073.5828818,421.52627,16666827.0416358,0.1183885854392388,51910.0,165723971.60596,2004.582,79206294.87295,-0.04411782911795159,-1.039529899242526e-05,-2.1776272658868834e-05
2024-01-23 18:45:00+00:00,18519.0,23072748.3393425,289.74371,11404435.8631764,-0.011436722193157722,40881.0,156029034.3308,1722.714,67789963.3179,-0.13105963119431652,-0.000133282733571759,-0.0001228874345802211
2024-01-23 19:00:00+00:00,17497.0,21517430.6626464,205.25364,8058934.3910069,-0.25093896967940854,49157.0,214029687.39465,2367.806,92924785.9917,-0.1316645169849201,-0.0001391666681703916,-5.883934598216456e-06
2024-01-23 19:15:00+00:00,22984.0,30509937.2765014,363.55794,14206468.6371121,-0.06873170479744961,63499.0,247871224.40476,3519.283,137577047.49991,0.11006872887555752,-0.00015784194843452014,-1.867528026622267e-05
2024-01-23 19:30:00+00:00,14184.0,16135712.6390624,201.81871,7908750.3163664,-0.01972097628704994,38880.0,104914655.92633,1412.596,55356614.05492,0.05526942000917101,-3.44302777345315e-05,0.00012341167070140102
2024-01-23 19:45:00+00:00,12871.0,11620232.3464001,154.83953,6071820.1086262,0.045042805965445964,30298.0,77363786.04602,1023.991,40155746.90732,0.03810190683877024,-2.5503307780455435e-05,8.926969954359265e-06
2024-01-23 20:00:00+00:00,11628.0,10466135.6510252,134.43886,5269699.5211512,0.0070000422046911925,22208.0,63857357.7938,830.446,32549044.8058,0.019429739354490883,-0.0002036067525280814,-0.0001781034447478902
2024-01-23 20:15:00+00:00,17280.0,18562028.2116474,280.00564,10990419.2807522,0.1841830165796079,37425.0,115887760.85377,1701.883,66772335.58806,0.1523621665676147,-0.00028486695379910317,-8.126020127185996e-05
2024-01-23 20:30:00+00:00,13047.0,17107068.6946665,231.80455,9107353.2122792,0.06474737137387132,27284.0,74246645.91672,933.805,36683196.9019,-0.011855782871422194,-0.00025288843760403287,3.1978516195962925e-05
2024-01-23 20:45:00+00:00,14246.0,17084433.8350615,213.97021,8406085.1628388,-0.01593634954558165,32779.0,108671748.57044,1332.2,52327188.01232,-0.0369679571613406,-0.00019661195891883653,5.627647868422514e-05
2024-01-23 21:00:00+00:00,26141.0,30573130.2224228,369.186,14469838.80247,-0.053427719229246606,60245.0,207465595.94267,2619.855,102610492.21834,-0.010819198700348642,7.50449312733786e-05,0.00027165689019170713
2024-01-23 21:15:00+00:00,17325.0,17181899.5035168,205.60923,8056766.1908772,-0.06217980273622992,37714.0,136675947.52441,1471.09,57651101.4796,-0.15638263317247325,-0.00018858826682154956,-0.0002636331980934159
2024-01-23 21:30:00+00:00,13022.0,14388776.7389094,151.12674,5912623.8663186,-0.17816170566744804,31386.0,104538606.9783,1337.94,52329248.7644,0.0011468542958954497,-0.00013315781738479346,5.543044943578934e-05
2024-01-23 21:45:00+00:00,10178.0,8757343.6301388,128.27731,5024419.3375869,0.14747566152254898,18939.0,45740339.3956,620.626,24300687.4593,0.06254950358490818,-0.0002478924057645716,-0.00011473458837762962
2024-01-23 22:00:00+00:00,9814.0,8332484.7172555,81.31096,3187313.9520274,-0.23496674517100902,21449.0,50725316.58062,688.913,27000395.12622,0.06457275957290753,-0.00018230413351813066,6.558827224623087e-05
2024-01-23 22:15:00+00:00,11792.0,10418422.3725955,163.39661,6419011.8245858,0.23224257858277975,27483.0,69528837.119,916.948,36016471.3663,0.03601535301552894,-0.00019613751617702388,-1.3833382659811377e-05
2024-01-23 22:30:00+00:00,12640.0,13007782.7396407,182.45839,7185839.60665,0.1048523411682516,33524.0,100715643.88038,1342.875,52884179.07508,0.05016811763405005,-0.00024628572060861933,-5.014820443172141e-05
2024-01-23 22:45:00+00:00,14729.0,14702404.0626066,205.95479,8128574.8159449,0.10574771055554555,34685.0,107382425.31203,1509.985,59613118.84963,0.11029563127126663,-0.00020810094310948893,3.8184777498173617e-05
2024-01-23 23:00:00+00:00,7843.0,8496899.8020073,94.91457,3747501.5186478,-0.11791321400247812,23953.0,59311586.48041,561.559,22170990.7379,-0.2523892192557403,-1.0388029645366976e-05,0.0001977129134651534
2024-01-23 23:15:00+00:00,16038.0,18977916.8190265,288.58857,11418165.4626148,0.2033107291488816,43103.0,136990305.32875,1954.535,77327761.34375,0.12895231758449555,-0.0002496100487572539,-0.000239222019111196
2024-01-23 23:30:00+00:00,21850.0,47722780.5977867,829.87181,32947766.8120476,0.38079828540316285,66015.0,265730712.99851,3717.999,147683929.59531,0.11153075178131999,3.0404611251192442e-05,0.0002800146600066
2024-01-23 23:45:00+00:00,13955.0,17736099.9640758,209.85221,8338431.8267022,-0.059722053485087856,41201.0,133863132.7107,1493.344,59328424.5368,-0.11359575507591968,-0.00020025403361547545,-0.00023065864486504495
2024-01-24 00:00:00+00:00,16915.0,29084706.5521473,491.8773,19585484.9258054,0.3467892406402444,46111.0,146690244.43164,2170.538,86439528.51274,0.17853138560992998,-0.00019050579345621576,9.748240158202748e-06
2024-01-24 00:15:00+00:00,21594.0,29523718.3025691,353.16841,14093517.0581621,-0.04527492684173806,62943.0,203868350.72666,2261.41,90211810.49426,-0.11499935941294748,-0.0001788429768456926,1.166281661113544e-05
2024-01-24 00:30:00+00:00,13665.0,13167600.8024204,153.16293,6105213.4812936,-0.07269159007746173,36301.0,111737946.7193,1529.779,60967631.6659,0.09126099871977211,-0.000225144533461561,-4.630155661544677e-05
2024-01-24 00:45:00+00:00,15763.0,20415888.2758326,359.93263,14388672.9350588,0.40955639457446047,37446.0,103709793.85316,1612.805,64437416.43726,0.2426486263871137,-0.00018474679054996095,4.039774291086928e-05
2024-01-24 01:00:00+00:00,31122.0,37728394.0827769,509.69903,20461690.2158435,0.08468386812065831,103449.0,373829094.09306,4874.835,195605087.37456,0.04649472427561552,-0.0003141396991621765,-0.0001293929086134682
2024-01-24 01:15:00+00:00,21171.0,26602106.3059866,247.49037,9909083.2989034,-0.2550151341457172,63924.0,203940429.23717,2128.183,85199978.6393,-0.16446210338983114,-0.00014487642304186987,0.00016926327612054592
2024-01-24 01:30:00+00:00,24529.0,46570708.1826044,730.91475,29181321.0798313,0.25320495301084645,57828.0,169220890.8306,1963.241,78339667.7888,-0.07411351631256224,-0.0005421352602538042,-0.0003972588372107566
2024-01-24 01:45:00+00:00,15805.0,23164140.4009595,316.25381,12626394.6639382,0.09016734015437011,33683.0,89526365.9806,990.097,39504030.2363,-0.1174883554446885,-0.00035767469692403876,0.00018446056333054628
2024-01-24 02:00:00+00:00,12099.0,17957093.2185919,207.6905,8276002.3309696,-0.078246993516631,33399.0,95379436.10632,1025.826,40856682.2246,-0.14328111189382942,-0.00017024343469155474,0.00018743126223164097
2024-01-24 02:15:00+00:00,10884.0,9450684.7209079,115.52208,4595148.4154268,-0.027552277717850404,33512.0,94618682.0945,1110.34,44145992.9457,-0.0668651904999189,-0.0003124928140141698,-0.0001422493793228341
2024-01-24 02:30:00+00:00,8705.0,9625395.8094686,126.20789,5027519.8482578,0.044636490337815804,23484.0,64015303.3927,893.933,35612650.1272,0.11262926955872543,-0.0002348834605740163,7.760935343981146e-05
2024-01-24 02:45:00+00:00,7509.0,6572557.0520252,84.83096,3381207.9729836,0.028886610255212553,16000.0,39338549.6065,503.235,20055212.7034,0.01962135889657879,-0.00020091416010123062,3.3969300472946884e-05
2024-01-24 03:00:00+00:00,8589.0,7523590.850968,69.51279,2763704.3374168,-0.26532306390339744,19696.0,61090272.81284,629.615,25024043.7483,-0.1807519398394165,-0.00010537859659784322,9.553556350461179e-05
2024-01-24 03:15:00+00:00,11073.0,9768147.5237137,101.48882,4032125.9874533,-0.17443384681390495,24564.0,78945715.4475,940.44,37352090.7609,-0.053727221314761375,-0.00026486724784592256,-0.0001594886512474858
2024-01-24 03:30:00+00:00,14951.0,15882623.521221,147.10582,5833210.3889448,-0.26546009465615505,41266.0,158086970.98306,1613.481,63980929.7182,-0.19056036913939034,-5.2500142620669264e-05,0.00021236710522387625
2024-01-24 03:45:00+00:00,10663.0,16415668.4576484,243.32819,9638494.4151289,0.1743042252584146,29823.0,79322793.1328,1088.584,43128240.0723,0.08741102951571333,-5.0175241453618174e-05,2.3249011658066365e-06
2024-01-24 04:00:00+00:00,8593.0,9179907.994397,90.99607,3605609.8397712,-0.2144562141642593,20392.0,46261925.9531,583.547,23123072.054,-0.0003411411171251322,-7.068458018834491e-05,-2.0509338733987192e-05
2024-01-24 04:15:00+00:00,16958.0,15929191.9184059,216.39161,8579020.033211,0.07714441224078605,28498.0,77236383.60559,951.788,37712208.1553,-0.023460022471311848,-0.000167469852976163,-9.678527278644822e-05
2024-01-24 04:30:00+00:00,8389.0,9152329.7561914,105.38731,4178417.2808632,-0.08691723480864111,21268.0,46845424.72657,681.908,27029297.32577,0.15397810921925115,1.2605174424267986e-05,0.0001800750273996954
2024-01-24 04:45:00+00:00,9783.0,17357267.283518,324.42474,12875888.3626218,0.48363082186887785,23434.0,64329191.9456,884.79,35120830.9871,0.09190959578040214,-6.581053301217321e-05,-7.841570743671866e-05
2024-01-24 05:00:00+00:00,8314.0,8738857.2465758,105.87306,4203157.1926586,-0.03805335776470109,18730.0,49414828.7538,606.067,24053602.6621,-0.02646216657179945,-0.00014072575675286859,-7.491522374003523e-05
2024-01-24 05:15:00+00:00,9035.0,16470373.9261866,298.47941,11851257.9927704,0.439100052722887,18813.0,63500351.8101,978.447,38862391.7764,0.22400555803594058,-0.00013683118122242638,3.894575531404598e-06
2024-01-24 05:30:00+00:00,10520.0,12796475.3726639,156.24834,6214627.209418,-0.02869703907783594,23316.0,84890063.84944,1274.792,50703897.80954,0.19457791666802926,-0.0001581000052430927,-2.126882402286867e-05
2024-01-24 05:45:00+00:00,12356.0,20424524.4395173,339.40232,13506095.4347632,0.32253707788972097,25291.0,72678506.0315,955.624,38025585.1126,0.04640524933517809,-0.00014738530695777196,1.071469828595184e-05
2024-01-24 06:00:00+00:00,11745.0,9687748.4664506,119.5028,4752098.1044204,-0.01894684386629719,14615.0,39195231.7361,508.192,20206308.7423,0.031059536953285782,-0.00017715648806567466,-2.977118110791821e-05
2024-01-24 06:15:00+00:00,16555.0,21575186.2367875,343.24087,13651122.7113846,0.26544657010731076,25633.0,75371487.11717,823.445,32722838.9154,-0.13169183289351416,-5.3173721458631755e-05,0.00012398276660796625
2024-01-24 06:30:00+00:00,10247.0,9224818.6693005,135.82292,5395990.9176058,0.16988552535200507,21030.0,51040901.68214,840.812,33400994.04974,0.3087932598740717,-0.0001013209053926637,-4.81471839357539e-05
2024-01-24 06:45:00+00:00,22107.0,16106722.4551062,211.11778,8411835.1286518,0.04451233354245265,33840.0,105387992.27422,1597.957,63678016.90892,0.20844918922507838,-0.0001448308261767993,-4.3509920782724976e-05
2024-01-24 07:00:00+00:00,10638.0,7198588.6548127,100.87054,4022363.6596619,0.11754229962082974,17136.0,56024055.5138,805.257,32106195.6213,0.14615749705558212,-0.00011031494929183168,3.451587688374502e-05
2024-01-24 07:15:00+00:00,12984.0,27209480.639779,516.2227,20592914.2631949,0.5136572826082548,24568.0,79541936.03736,1101.37,43931225.75356,0.10460539288171145,-0.00013726340869649932,-2.6948459403541847e-05
2024-01-24 07:30:00+00:00,49604.0,42908840.0589211,686.49324,27500379.4930894,0.2818048427935467,76645.0,246288882.29652,3557.427,142538223.35102,0.1574880849019471,-0.0002261826500618608,-8.891924136555929e-05
2024-01-24 07:45:00+00:00,13101.0,14851309.7697026,153.5823,6147522.8232216,-0.17212381688208434,36351.0,94074308.08286,965.929,38654863.548,-0.17820573255871164,-0.0002700094519712731,-4.382680190850863e-05
2024-01-24 08:00:00+00:00,9031.0,9655158.1802977,120.18722,4803173.630431,-0.005055424108462936,25042.0,68199380.4253,836.19,33407341.3337,-0.020303670638425864,-4.2270876535304104e-05,0.00022773857543612053
2024-01-24 08:15:00+00:00,15038.0,13141770.1558336,184.50591,7390398.7347417,0.12471891489612141,37059.0,99689929.74251,1339.25,53642028.52801,0.0761774768336676,-0.00022190912076387943,-0.00017963824423006258
2024-01-24 08:30:00+00:00,15747.0,18955671.1866296,187.01719,7469135.7396206,-0.21193655807988887,37189.0,107421831.42952,1141.141,45583659.81266,-0.15131478944170362,-8.78671819270509e-05,0.000134041938835594
2024-01-24 08:45:00+00:00,12130.0,12557821.8910993,126.17945,5035621.9752982,-0.19801028889136663,28270.0,84552372.03062,856.777,34186605.3392,-0.19135076833043596,-7.69642782089745e-05,1.0902903719411938e-05
2024-01-24 09:00:00+00:00,10900.0,8307766.669246,113.74007,4543733.3445265,0.09385194010001796,22612.0,56763905.32696,871.412,34811572.96086,0.22653903956556198,-0.00014842973012167896,-7.146545191361042e-05
2024-01-24 09:15:00+00:00,14520.0,17801398.1335234,239.61421,9589334.0083839,0.07736863548098172,30685.0,92366188.4474,1047.114,41901790.0923,-0.09270284296375586,-0.0003419536360656143,-0.00019352390594207236
2024-01-24 09:30:00+00:00,14683.0,15621129.0611555,195.6419,7832289.5896111,0.0027814966444867917,36010.0,97588827.13909,1177.722,47127515.10863,-0.03416166603865889,-0.0002737783781143917,6.817525794922119e-05
2024-01-24 09:45:00+00:00,9783.0,7766754.390494,90.60478,3623560.3596196,-0.06690486722366262,17756.0,35843727.5525,375.844,15025821.2422,-0.1615927098992811,-0.00032307343970467404,-4.929506159001562e-05
2024-01-24 10:00:00+00:00,9961.0,8259475.4923015,109.73696,4389392.8044507,0.06287446667575192,23611.0,53628322.8101,653.585,26133402.9501,-0.02538801958661252,-0.00023013375470333651,9.29396850022357e-05
2024-01-24 10:15:00+00:00,10959.0,12504451.7580736,161.02603,6445358.811621,0.030890267933498583,21022.0,53397884.031,701.269,28070281.9356,0.05136308095294084,-0.0001495369288475202,8.059682585681571e-05
2024-01-24 10:30:00+00:00,26216.0,15321761.3637446,222.22736,8914311.2030351,0.16361441630709028,38450.0,116591481.97391,1698.435,68139126.76721,0.16885257162195932,-0.00027791765150209904,-0.00012838072265708433
2024-01-24 10:45:00+00:00,43287.0,25970020.1813441,379.20668,15256512.2801453,0.174932647230287,73116.0,251686829.71065,3716.036,149548581.98295,0.18837034226127347,-0.00040239396400940666,-0.00012447631250545044
2024-01-24 11:00:00+00:00,63123.0,44409072.6131973,620.21144,25074359.2679844,0.1292448949061329,119277.0,457151877.00165,5887.545,238026825.05419,0.041346812859442306,-0.0001591109222099379,0.00024328304179910276
2024-01-24 11:15:00+00:00,20315.0,19640914.7504357,222.7368,8964541.956584,-0.08715637021079814,61242.0,182649646.44586,1832.009,73713753.9372,-0.19283989461156914,-0.00021028099964699157,-5.1170077437490136e-05
2024-01-24 11:30:00+00:00,13000.0,14682252.0978775,184.09847,7400861.087679,0.008137040331692047,36608.0,100150671.7607,1337.633,53764262.4235,0.07366753469141618,-0.0001890067699893244,2.127422965969572e-05
2024-01-24 11:45:00+00:00,12268.0,12284494.7954172,136.85611,5499272.7489568,-0.10468068234953631,33608.0,85469756.41073,955.593,38382169.4484,-0.1018537770494583,-0.00027157291962051096,-8.256614963286779e-05
2024-01-24 12:00:00+00:00,11124.0,11044893.1277699,136.07406,5465992.0558215,-0.010222735052367038,30058.0,81443501.7445,1161.402,46642056.53027,0.14538435924803084,-0.00035172143627130244,-8.01485166501692e-05
2024-01-24 12:15:00+00:00,15700.0,15458333.6889727,209.26857,8420302.4577281,0.08941916084199608,36326.0,106283652.9222,1404.709,56512676.8198,0.06343121008773522,-0.00015508068202952133,0.00019664075424152827
2024-01-24 12:30:00+00:00,11999.0,10239644.4036009,122.04189,4910472.0995464,-0.04089011180513835,26238.0,62941741.3093,715.993,28802736.5298,-0.08478107117305844,-0.0003647807014230919,-0.00020970001939346616
2024-01-24 12:45:00+00:00,49133.0,17444748.6513749,209.95432,8435794.0123209,-0.032855768700796095,34654.0,82259543.0829,965.545,38775918.2219,-0.05722991476327122,-0.00028680047651739795,7.798022490668188e-05
2024-01-24 13:00:00+00:00,22004.0,23664635.247918,197.03072,7895242.1513211,-0.33273916385288727,58862.0,189077286.94197,2014.051,80665653.7092,-0.14674411703445678,1.8486121544790412e-05,0.000305286598061727
2024-01-24 13:15:00+00:00,22150.0,15738659.1275414,224.37843,8982172.8952338,0.14141526574086782,35325.0,94646740.2852,1172.447,46928929.8002,-0.00833500110434715,-0.00016880089973987682,-0.0001872870212853428
2024-01-24 13:30:00+00:00,28339.0,15106601.2043473,181.86903,7281993.9390928,-0.035918954821257176,38865.0,119991273.02461,1485.017,59448671.86391,-0.009116740486332153,-0.0003195979828911668,-0.00015079708315113294
2024-01-24 13:45:00+00:00,19065.0,14227905.7254168,146.72974,5870942.8049698,-0.17472846415029042,35647.0,113776728.02052,1291.15,51628765.2611,-0.09245473728531572,-0.00019274985259231398,0.0001268481302982849
2024-01-24 14:00:00+00:00,15481.0,15964891.0630327,166.25791,6640385.1833717,-0.16812646485916094,46253.0,133416590.2615,1702.029,67959554.6798,0.01875718074637489,-0.00021685552817089933,-2.4105675578312002e-05
2024-01-24 14:15:00+00:00,14657.0,19587824.3497605,202.91547,8096747.422138,-0.17328772429624129,45239.0,126445222.95978,1401.133,55910708.46606,-0.11565328990175905,-0.0001005937667079572,0.00011626176146251055
2024-01-24 14:30:00+00:00,34954.0,28008403.493934,413.38185,16489273.3540189,0.17745185708925626,71226.0,240737103.3991,3405.179,135836025.02846,0.12850095070943524,-0.00029174119910401993,-0.00019114743239612153
2024-01-24 14:45:00+00:00,70363.0,44413127.8663965,600.2701,24049427.5752559,0.0829873386806419,120539.0,500146282.53579,6606.575,264752937.11232,0.05870200922017066,-0.00015597966805455982,0.00013576153104999378
2024-01-24 15:00:00+00:00,28149.0,29917971.9315278,354.56773,14154839.5205422,-0.05375674842279554,75066.0,216977258.6644,2438.131,97315395.7969,-0.1029899041408916,-0.00017564297966225762,-1.9663311608297818e-05
2024-01-24 15:15:00+00:00,29050.0,19471333.3207262,300.31394,11991057.617971,0.2316627136372993,50949.0,130596333.15276,1772.168,70776545.70116,0.08389790115120421,-0.00011021003519749257,6.543294446537118e-05
2024-01-24 15:30:00+00:00,23731.0,21248782.3773504,290.23637,11610659.4668515,0.09283056889204033,42375.0,134125632.6049,1668.551,66741526.4535,-0.004790879158742656,-0.00019167843265221744,-8.146839745570844e-05
2024-01-24 15:45:00+00:00,24269.0,15423185.627815,216.02577,8648313.6506567,0.12146917755562336,36848.0,131604641.52283,1880.697,75316372.69183,0.14458535535412032,-1.5215876495238872e-05,0.00017646255615844098
2024-01-24 16:00:00+00:00,17599.0,19095002.6991267,270.64915,10847927.3634174,0.1362058999775395,29579.0,102951321.9941,1300.785,52129450.8181,0.012700950476137951,-0.00010012808162839134,-8.491220513207054e-05
2024-01-24 16:15:00+00:00,12767.0,12978249.7708934,147.82229,5915523.5523531,-0.08839425087657482,25044.0,65848981.35136,783.613,31348471.3611,-0.04786769004582181,-0.0002751066055440112,-0.0001749785239155699
2024-01-24 16:30:00+00:00,14371.0,13996855.905868,182.7797,7310685.2969815,0.04461821228245855,33975.0,134736339.9784,1875.185,74988050.3653,0.11310802085497595,-0.00026991392506469335,5.192680477605904e-06
2024-01-24 16:45:00+00:00,13782.0,17607666.675177,184.21177,7372275.3450651,-0.16260621227474592,27305.0,82808590.3206,911.556,36461923.7822,-0.11936856693164843,-0.00017452404112963947,9.538988393487102e-05
2024-01-24 17:00:00+00:00,23376.0,19495983.9762614,287.74671,11544236.3637083,0.18426814237893652,40319.0,112646044.84281,1738.243,69749054.65161,0.23837556389911652,-0.00010002983485242447,7.449420627736458e-05
2024-01-24 17:15:00+00:00,14689.0,14385239.5854645,202.73464,8138766.3295382,0.1315440776894643,33032.0,103625677.47638,1103.352,44282560.99897,-0.14533613526312372,-0.00015192129957096023,-5.189146471806794e-05
2024-01-24 17:30:00+00:00,9731.0,11162127.7529855,120.85975,4845745.1947508,-0.13175242176300606,23394.0,58960381.0439,739.853,29655662.6425,0.005952204427557728,-0.0001983266971072099,-4.6405397537085946e-05
2024-01-24 17:45:00+00:00,17469.0,10045449.1741994,136.98024,5498804.0483241,0.09478510178462818,29547.0,90052382.4708,1343.365,53927942.6547,0.19770163043018774,-0.00010976837763266719,8.855831947585102e-05
2024-01-24 18:00:00+00:00,16395.0,13739559.3759578,208.25525,8355131.9279067,0.21621541117642362,24771.0,80787798.1645,1134.058,45484759.8892,0.12603043832396565,-0.0002735665243393326,-0.0001637981467066396
2024-01-24 18:15:00+00:00,15188.0,15843314.542775,163.82379,6558274.0836649,-0.17210832796907916,45078.0,169910711.39356,2005.972,80246839.9596,-0.05542341266847828,-0.00014918459364517857,0.0001243819306946392
2024-01-24 18:30:00+00:00,34535.0,41102652.6185318,478.1796,19001567.1229038,-0.07540920537393081,95925.0,377386070.54313,4355.637,173061463.45414,-0.08284127601704105,-9.833001194553136e-05,5.08545816977346e-05
2024-01-24 18:45:00+00:00,15645.0,13212699.8223161,184.49625,7345456.7642769,0.11187824790668555,46692.0,121523892.97792,1622.996,64619071.89892,0.06347929309112588,-0.00016033202563673209,-6.200201369033209e-05
2024-01-24 19:00:00+00:00,11035.0,9477389.2302597,111.17089,4422606.8814996,-0.06670354587126914,32197.0,82008537.27304,923.343,36731750.344,-0.10419691496984118,-8.073541161393279e-05,7.95966140234583e-05
2024-01-24 19:15:00+00:00,11274.0,8636112.5397335,125.92236,5011145.7836474,0.16050960674536063,24568.0,56659683.0752,836.141,33271947.897,0.1744487823146037,-0.00012432757947093847,-4.359216785765341e-05
2024-01-24 19:30:00+00:00,10139.0,6790610.3535442,77.40239,3078665.4263172,-0.0932581120015632,22860.0,48168179.8957,541.676,21543921.8056,-0.10547079618745414,-0.00020910576411682313,-8.47781846466944e-05
2024-01-24 19:45:00+00:00,8989.0,6798578.2404788,62.77131,2494072.9143494,-0.2662957382766691,25354.0,57400420.7356,657.152,26100861.5368,-0.09056898181890405,-8.543735424617321e-05,0.00012366840987176886
2024-01-24 20:00:00+00:00,11981.0,12952058.036835,196.2389,7798067.194166,0.20414333721925737,33239.0,85155045.04771,1197.132,47558095.36024,0.11697657686856999,-0.00014195899670142257,-5.6521642456175414e-05
2024-01-24 20:15:00+00:00,20436.0,17510962.2046918,265.38002,10590170.0836672,0.2095474777313746,50684.0,161184573.76174,2291.98,91483512.80974,0.1351398049414978,-0.00028299276303406635,-0.00014103376633300968
2024-01-24 20:30:00+00:00,12642.0,11765703.2094285,155.72055,6209138.2527804,0.05546402833018571,30063.0,76904622.6907,794.935,31689590.5928,-0.17587293236581492,-0.00011663745517811273,0.0001663553078561364
2024-01-24 20:45:00+00:00,11915.0,10409851.9346524,110.99441,4413741.873743,-0.1520067909802827,33082.0,76566307.00664,943.862,37519150.7804,-0.019956629822925787,-0.00014123438625097859,-2.4596931071485528e-05
2024-01-24 21:00:00+00:00,42110.0,36856822.8442021,422.42821,16732843.4406481,-0.09200836374965393,89330.0,277778439.57977,3305.16,130922890.82724,-0.05735743187769837,9.103276680140932e-05,0.00023226715305213474
2024-01-24 21:15:00+00:00,34135.0,24006011.8933829,272.08524,10778069.574912,-0.10205246729191986,48510.0,144666243.75077,1680.362,66558970.32067,-0.07982721338452203,5.038798750211785e-06,-8.599396805131221e-05
2024-01-24 21:30:00+00:00,11500.0,10588918.123566,156.8501,6223194.5442272,0.17541650083727944,23167.0,62929698.4155,907.612,36022094.9392,0.14483608999236908,-0.00012260228526387286,-0.00012764108401519536
2024-01-24 21:45:00+00:00,11081.0,8511569.5766278,128.81241,5114602.6796413,0.20180012243233159,25817.0,63349022.46454,885.183,35157128.54194,0.10995015153136478,-0.00012225083421233074,3.514510531488213e-07
2024-01-24 22:00:00+00:00,7119.0,6065057.7474763,96.54464,3838059.6259298,0.2656300354359644,17635.0,34430664.5903,478.119,19004856.2254,0.10394942714838873,-0.00011661098337881781,5.639850833460969e-06
2024-01-24 22:15:00+00:00,9131.0,8680693.9933663,132.09651,5259085.2940711,0.21167392793480366,22261.0,68430545.80612,1031.154,41055637.91312,0.1999213926903458,-5.71781958630584e-05,5.9432787514523966e-05
2024-01-24 22:30:00+00:00,6571.0,6666992.246559,81.67416,3255715.5792946,-0.023333023680969234,18456.0,42266036.9009,432.803,17250501.3775,-0.1837180562754548,-9.035237432125019e-05,-3.317417845671855e-05
2024-01-24 22:45:00+00:00,6340.0,5277376.3883514,50.30355,2003816.8705261,-0.24060111575552323,14519.0,37125406.3765,323.646,12894379.224,-0.30536091143438593,-8.210462016364345e-05,8.247754157864051e-06
2024-01-24 23:00:00+00:00,4622.0,3138233.7521203,34.79108,1385977.1155503,-0.11671518119777691,8211.0,19886839.8568,245.405,9773567.8714,-0.01708185495765646,-8.727439073980669e-05,-5.169770576074484e-06
2024-01-24 23:15:00+00:00,22285.0,13762275.5216323,217.01257,8671884.9765879,0.2602399890856648,33845.0,119439630.72122,1748.158,69859888.66232,0.16979411675137546,-0.0001997749975107965,-0.00011250060677348017
2024-01-24 23:30:00+00:00,18702.0,16408268.675778,225.99672,9059683.8559566,0.10428272902802571,45616.0,145082168.38726,1908.094,76488443.86666,0.054415504219561095,-0.0001852234334626448,1.455156404972513e-05
2024-01-24 23:45:00+00:00,8980.0,10528700.9705739,150.88693,6055206.7251996,0.15022864494356347,24208.0,67152192.1599,843.603,33852090.4528,0.008219966138791612,-8.616990469110021e-05,9.905352877126461e-05
2024-01-25 00:00:00+00:00,8901.0,9187140.1237665,94.16369,3779786.7623675,-0.17715704529433463,26461.0,84640727.8657,840.895,33742773.7707,-0.20268233457916673,-0.00015418473107722393,-6.801482638607581e-05
2024-01-25 00:15:00+00:00,9941.0,8464175.911314,97.34466,3900279.9508178,-0.07840290852076326,21826.0,71652123.0171,646.817,25912542.2919,-0.27671250478605103,-0.00018891239050694154,-3.472765943079992e-05
2024-01-25 00:30:00+00:00,9429.0,7488819.4334621,74.7122,2993024.9834341,-0.2006684070761693,21278.0,62513061.9036,710.036,28436644.6384,-0.0902175074306385,-9.720590504790503e-05,9.170648545975268e-05
2024-01-25 00:45:00+00:00,9449.0,9760164.4983491,146.08699,5857638.4860855,0.20031552482057036,19652.0,53549402.4476,723.165,28991909.0902,0.08280980795517245,-0.00018656649088291,-8.93605858358626e-05
2024-01-25 01:00:00+00:00,10727.0,14766627.7875014,231.16801,9276882.2488892,0.2564659152228692,23992.0,66583761.6197,773.11,31023689.0714,-0.06813047756012969,-0.00024274700093241284,-5.6180510048520205e-05
2024-01-25 01:15:00+00:00,8016.0,7634728.7498508,95.34247,3826227.5341761,0.0023218006928860113,19158.0,49566324.7027,488.968,19617285.3559,-0.20844301151780176,-0.0003012360676162461,-5.848906668326492e-05
2024-01-25 01:30:00+00:00,6268.0,5059164.4966131,50.63597,2030776.4266412,-0.1971890109520178,16172.0,36005623.7315,364.035,14596430.7964,-0.18921383474714715,-0.00021579615455155992,8.543991306453336e-05
2024-01-25 01:45:00+00:00,13389.0,25471258.5278439,219.30253,8774936.0785616,-0.3109931282767766,34661.0,103167152.92326,1149.917,46002828.5945,-0.1081884632656519,-0.00021901737704498988,-3.2212224923000576e-06
2024-01-25 02:00:00+00:00,10491.0,10273185.3098786,113.64645,4542624.9666736,-0.1156345710408917,26913.0,76217368.6478,936.335,37420161.4523,-0.0180673482649778,-8.079602347887203e-05,0.00013822135356456045
2024-01-25 02:15:00+00:00,9590.0,5431757.5272552,69.95602,2800328.4098724,0.03109477763727586,18587.0,40406017.9541,574.195,22980961.2291,0.13750190653311445,-0.0002152133876533006,-0.00013441736417441064
2024-01-25 02:30:00+00:00,5093.0,3889664.4452953,44.56978,1783710.7454077,-0.0828459521411069,11222.0,21614166.3464,305.242,12213895.0862,0.1301749871314668,-0.00018316910845483288,3.204427919989428e-05
2024-01-25 02:45:00+00:00,7549.0,6049616.9211047,71.58019,2862574.9076962,-0.053634322626340825,15826.0,38610276.2678,441.554,17656153.7925,-0.08541686311502583,-0.0002499687552073415,-6.679964675448957e-05
2024-01-25 03:00:00+00:00,7428.0,6878631.3869835,74.10669,2960586.9318825,-0.13919302683238788,16669.0,44427779.3858,436.958,17452917.9557,-0.21432409195412994,-0.00020382729638571118,4.6141458822646086e-05
2024-01-25 03:15:00+00:00,8451.0,7419069.4851775,101.46132,4055301.8277638,0.09321036441722375,13937.0,36382299.2054,564.869,22575373.3602,0.24100861425763198,-0.0001947719368050984,9.055359578624689e-06
2024-01-25 03:30:00+00:00,8223.0,9929617.7195931,157.45101,6305232.7610153,0.26998499621467364,21348.0,47336058.39411,744.589,29812035.71441,0.2595909640892067,-0.0002071899927157731,-1.241805590801448e-05
2024-01-25 03:45:00+00:00,6284.0,6629156.9582241,86.80222,3477267.9955641,0.049083018392019895,14141.0,29075836.1401,388.221,15549491.2723,0.06958171021296189,-0.0002094787519680558,-2.288759253232797e-06
2024-01-25 04:00:00+00:00,4589.0,4398314.8607071,47.21629,1889338.8877303,-0.14088056559618,12375.0,25231692.3316,226.848,9075807.3674,-0.2806025653670863,-0.0002302073838748581,-2.0728631907829254e-05
2024-01-25 04:15:00+00:00,7156.0,9312096.7581902,70.33397,2812799.3574055,-0.39588270387513336,13164.0,32640552.13646,342.091,13681682.2531,-0.16167580769460388,-0.00010710431970961835,0.00012310306416551953
2024-01-25 04:30:00+00:00,6763.0,10994792.0064974,93.1905,3725236.4612499,-0.3223634500682756,10562.0,20142119.1501,271.066,10835227.0219,0.07587756195417072,-0.0002946621399733641,-0.00018755782026325107
2024-01-25 04:45:00+00:00,6235.0,5306754.7046392,54.8082,2191356.6425271,-0.17412551945866217,8979.0,21473350.7751,279.38,11167502.9385,0.04012671850446159,-0.00019340295816701005,0.00010125918180570181
2024-01-25 05:00:00+00:00,8237.0,5412488.7440103,76.36455,3050097.4047651,0.12705912160666322,16273.0,41906543.6463,469.66,18752798.2082,-0.10501813910125635,-0.00018746959774844593,5.933360418097777e-06
2024-01-25 05:15:00+00:00,12974.0,12484908.4777296,117.86654,4700592.2667113,-0.246996119339417,33577.0,94457222.69332,980.518,39083543.1859,-0.1724604625991405,-0.00019205507144048168,-4.585473691420816e-06
2024-01-25 05:30:00+00:00,14984.0,18763001.8159559,160.53395,6393347.9996926,-0.318515441995454,28452.0,78931533.04968,952.044,37906170.9177,-0.03951768189168148,-0.0001454240589463449,4.663101249491319e-05
2024-01-25 05:45:00+00:00,8685.0,6165842.3782138,96.99303,3863640.9325987,0.2532402535135738,19030.0,52987560.5736,780.083,31068196.5031,0.17266000422669436,-0.00022355168521491882,-7.812762626890901e-05
2024-01-25 06:00:00+00:00,6758.0,5373333.1728459,64.39216,2568078.2308572,-0.04413958775719895,12748.0,34504520.5298,510.234,20345444.5112,0.17929153622804628,-0.00027764586085361797,-5.4094175638397246e-05
2024-01-25 06:15:00+00:00,8415.0,6166898.0454527,91.01022,3633934.0566727,0.17852898811980933,18557.0,66926001.5647,1052.462,42020052.1399,0.2557167963867544,-0.0001652098168426829,0.00011243604400945628
2024-01-25 06:30:00+00:00,6144.0,4945877.9628045,54.36037,2170632.9244136,-0.12224565962287959,12280.0,26849626.3619,293.116,11702477.4881,-0.12829494680000608,-0.00012494524272214967,4.026457412287243e-05
2024-01-25 06:45:00+00:00,9091.0,12231724.6783539,142.50481,5693505.5327546,-0.06905924021814869,18496.0,59665742.37286,952.732,38058551.58676,0.27572540198784456,-0.00011553723200137018,9.408010718914284e-06
2024-01-25 07:00:00+00:00,13684.0,14325142.6389993,173.92006,6955494.0417423,-0.028911024898781168,28826.0,96222135.3507,1164.705,46585234.3031,-0.031714810042176134,-0.00017486229638753945,-5.9325064384552206e-05
2024-01-25 07:15:00+00:00,9957.0,8267317.4137178,95.21385,3809608.840648,-0.07839299013080347,15069.0,35726479.3828,423.608,16946374.1148,-0.0513269481034514,-0.00017253040891250184,2.331887474227301e-06
2024-01-25 07:30:00+00:00,10618.0,10501547.6541449,165.86687,6643190.5588315,0.26518314778288343,22983.0,62522951.59063,891.283,35695078.20693,0.14182319608466587,-0.00011898292808569724,5.3547480826310334e-05
2024-01-25 07:45:00+00:00,23116.0,8750436.6642615,127.7422,5119912.587657,0.17020733572479374,19350.0,54289808.0447,700.595,28072031.8167,0.034154764134978866,-0.00018424072775790796,-6.525779967070378e-05
2024-01-25 08:00:00+00:00,8976.0,6758996.0384495,98.49803,3950202.1859504,0.16887246670337408,19917.0,63597799.20673,1054.449,42282859.94093,0.3296956960251409,-0.0002591913245230895,-7.495059676543292e-05
2024-01-25 08:15:00+00:00,12721.0,11878575.0837923,160.17621,6428834.8234491,0.08242525355097707,33327.0,122195779.6264,1694.831,68018420.2654,0.11326954946167156,-0.0002963022424146267,-3.71109178924911e-05
2024-01-25 08:30:00+00:00,8015.0,7559791.5351655,68.68362,2754831.5210057,-0.27118849555806146,22170.0,57608779.2693,560.724,22485549.7413,-0.219370726944646,-0.00019960528122038213,9.669696119551929e-05
2024-01-25 08:45:00+00:00,13474.0,7564964.7888432,68.86685,2758371.7995002,-0.27075092178400006,22900.0,80310966.3165,694.308,27803813.0858,-0.3075961014781696,-0.00018322438523179753,1.6380895987211375e-05
2024-01-25 09:00:00+00:00,6676.0,4447261.6116389,46.84457,1877897.8414257,-0.15548128020574925,13910.0,32186344.5213,460.648,18463188.7356,0.14726844630533242,-0.00027274021613734467,-8.951583090599513e-05
2024-01-25 09:15:00+00:00,7970.0,7480437.5343889,97.08207,3893272.4561783,0.04092105262031409,14436.0,34940499.1237,464.729,18632970.5109,0.06655434113483105,-0.00020175144763984307,7.098876849731539e-05
2024-01-25 09:30:00+00:00,8226.0,6478474.7650661,67.42842,2703045.6695504,-0.1655302312433038,15140.0,30541500.4758,353.427,14167649.8784,-0.07223616013064305,-0.00023984942263478146,-3.8097974993434036e-05
2024-01-25 09:45:00+00:00,9376.0,8721031.3896353,107.97543,4327518.0474744,-0.007567372680819973,17705.0,45500213.4613,466.309,18688166.7693,-0.17854597384712778,-0.0001269869942324895,0.00011286242840036209
2024-01-25 10:00:00+00:00,8639.0,7926461.4257793,91.47309,3664218.8092723,-0.07544650445023826,17672.0,59941023.4976,654.466,26214753.1382,-0.12531513115555581,-0.00020336034298579784,-7.637334875276736e-05
2024-01-25 10:15:00+00:00,19195.0,19033857.7959598,190.25574,7612684.5867674,-0.20009021099408475,37096.0,137334046.23636,1535.164,61398726.6576,-0.1058484281176838,-0.00017247003375924348,3.089030922787117e-05
2024-01-25 10:30:00+00:00,11687.0,16035078.7564664,125.62473,5023898.8615746,-0.3733864438241523,19199.0,46476288.7831,573.327,22925900.8942,-0.01343667945636573,-0.0002484703711866155,-7.600033742960477e-05
2024-01-25 10:45:00+00:00,8424.0,7680966.8453324,121.44346,4862094.8940495,0.2660111655094872,19158.0,38748952.1184,653.715,26176413.1787,0.3510772161639999,-0.00010805990921762605,0.00014041046197021956
2024-01-25 11:00:00+00:00,8510.0,6607003.4904281,90.93785,3645261.0671461,0.10345365260580652,21014.0,58273937.07681,816.371,32722687.21391,0.12306423266987143,-0.00031638275795879917,-0.0002083228487403943
2024-01-25 11:15:00+00:00,17008.0,26932237.4646039,446.45586,17931057.4268395,0.3315683444723567,49252.0,213652426.73847,3651.322,146698053.36967,0.3732402258106975,-6.392051374368277e-05,0.00025246224421415775
2024-01-25 11:30:00+00:00,20799.0,23096999.7291281,333.90419,13432510.1812137,0.16313896512486736,59488.0,231697319.9142,3108.14,125047274.7289,0.07940199545861248,-0.00014352086502659415,-7.960035128284915e-05
2024-01-25 11:45:00+00:00,12052.0,12619632.522519,166.95157,6720092.5830939,0.06502191265907076,29908.0,84332415.1815,818.963,32959083.9289,-0.2183531360280493,-0.00025826436795020467,-0.00011474350292317581
2024-01-25 12:00:00+00:00,11021.0,11429386.3799624,144.89316,5823361.6788884,0.019015629587554095,31121.0,91420920.6199,1055.798,42430459.6739,-0.0717560185088757,-0.0003129061878270869,-5.4641819875911324e-05
2024-01-25 12:15:00+00:00,21672.0,17430616.2385145,191.74524,7710767.5734822,-0.11526162150887465,39873.0,106428617.0691,1421.082,57137484.6679,0.0737240836419557,-0.0003369389823423544,-2.4032794515349565e-05
2024-01-25 12:30:00+00:00,12886.0,15535703.3932031,147.08068,5892148.432983,-0.24147001473253848,43727.0,168592500.60247,1792.981,71800654.7253,-0.14823429904985863,-1.975019997139538e-05,0.0003171887823700814
2024-01-25 12:45:00+00:00,40919.0,43657466.0263566,546.02584,21779347.0236609,-0.0022624304162585096,75724.0,285827699.1627,3343.847,133393924.0882,-0.06661303660238349,-9.648197893275396e-05,-7.673177896094785e-05
2024-01-25 13:00:00+00:00,24584.0,15983305.235245,190.23017,7585596.2801832,-0.05081005855333354,35181.0,90232941.3415,1105.693,44086575.1127,-0.02282748501242371,-0.00012820752475301226,-3.1725545820648904e-05
2024-01-25 13:15:00+00:00,14505.0,16131718.3158447,201.29418,8021843.5577252,-0.00545702563550432,49785.0,154971462.86298,1557.202,62040243.0687,-0.1993333234060819,-0.0002560507681655808,-0.00012784324341197362
2024-01-25 13:30:00+00:00,12183.0,12738452.6349034,161.09526,6419435.5860176,0.007883103231600908,31269.0,82061896.1605,1012.305,40327268.2224,-0.017149978023264678,-0.00031494541729287247,-5.889464912911535e-05
2024-01-25 13:45:00+00:00,16096.0,19466090.2897289,244.18807,9742986.4963328,0.0010214019682828201,47323.0,151334871.2069,1944.865,77592045.3993,0.02543511327562742,-0.0002349622891317434,7.998312816326347e-05
2024-01-25 14:00:00+00:00,30045.0,18215646.2421986,233.15463,9288720.7289433,0.019861783154849544,50963.0,178011130.68124,2382.351,94877664.9718,0.06597452202800769,-0.00016887799156503142,6.608429756482792e-05
2024-01-25 14:15:00+00:00,12899.0,10636593.7347999,135.92297,5426730.1243037,0.02038871834485656,30176.0,92234568.5875,1141.943,45590629.6228,-0.011419897745830077,-0.0001959909960551353,-2.7113004488654724e-05
2024-01-25 14:30:00+00:00,21259.0,19902631.9183072,282.74011,11314190.4248878,0.13695419493545247,37957.0,124773210.98816,1647.355,65895971.86736,0.0562519205122165,-0.0003678810157742612,-0.00017189001971829043
2024-01-25 14:45:00+00:00,18050.0,19890596.1555713,250.3579,10022643.357764,0.007777070066015579,44371.0,134846308.7086,1436.194,57482505.0756,-0.14743672813738695,-0.0002990160291364538,6.886498663760676e-05
2024-01-25 15:00:00+00:00,16304.0,19967836.3174765,285.87913,11429219.6320975,0.14476295281870621,38992.0,117789492.09716,1505.567,60147542.08316,0.021271779210094932,-0.0003234476851573031,-2.4431656022727566e-05
2024-01-25 15:15:00+00:00,14820.0,15062632.6739773,184.04613,7357500.278216,-0.023079107422295575,26259.0,75986023.0259,1020.036,40780474.468,0.0733677811799649,-0.0003689153105902595,-4.5467625431783176e-05
2024-01-25 15:30:00+00:00,19641.0,19274298.3871854,230.69172,9201644.2378241,-0.04519022659295835,40020.0,120640001.5321,1452.298,57870084.0922,-0.04061532895783537,-0.0001570487679792323,0.00021186654261029503
2024-01-25 15:45:00+00:00,27350.0,19095380.5913159,258.46771,10297687.9505037,0.07855278414160849,39877.0,138920121.35924,1405.113,55962274.9854,-0.19432441552963298,-0.00021370073179543,-5.665196381521298e-05
2024-01-25 16:00:00+00:00,42978.0,42402202.886887,513.10527,20385890.1849203,-0.03845136351513978,85933.0,286178450.38279,3532.805,140354411.52766,-0.019112645694159935,-0.00026734393956848266,-5.364320777268006e-05
2024-01-25 16:15:00+00:00,27494.0,19245646.957599,250.7412,9964387.4833908,0.03549519591041195,47336.0,134316729.90165,1536.46,61057810.84494,-0.09083833578068767,-0.00035216493757095287,-8.48209980048864e-05
2024-01-25 16:30:00+00:00,20408.0,22403000.7469018,269.61029,10725385.8834201,-0.04250452833615537,31585.0,96960231.9893,1298.222,51656006.4641,0.06550913512254142,-0.00034223689429271344,9.928043279927579e-06
2024-01-25 16:45:00+00:00,13154.0,16835269.6790845,198.62809,7905634.9017379,-0.06082467908909572,22472.0,55296759.515,618.107,24594565.5485,-0.11045183246846901,-0.00018307776373306146,0.00015915913055941644
2024-01-25 17:00:00+00:00,14162.0,11729996.048129,138.26759,5493820.5213191,-0.06328689305988389,26266.0,74551753.8447,930.489,36961016.3588,-0.008446764759039382,-0.00025991584111735637,-7.68380773834565e-05
2024-01-25 17:15:00+00:00,18416.0,22847498.4615886,253.08085,10031476.7112915,-0.12187526978881302,57368.0,167408795.73,1867.79,74020379.5387,-0.11569306480071162,-0.00029182206735319454,-3.190622623705508e-05
2024-01-25 17:30:00+00:00,18718.0,17709023.6807811,233.74209,9263649.533394,0.046206691049543336,51102.0,155402745.32026,2106.045,83435523.29687,0.073797288779202,-0.00026379417555844417,2.8027891795900928e-05
2024-01-25 17:45:00+00:00,19765.0,16875006.6787412,290.50439,11544978.2408367,0.36829317589317867,33149.0,98256477.87864,1378.495,54788450.25364,0.11521299025823284,-0.0003104826899417914,-4.668851438438537e-05
2024-01-25 18:00:00+00:00,16499.0,12885341.6929623,185.34849,7380322.9555945,0.14553779503192765,29610.0,80262905.6515,970.753,38649208.6031,-0.03693472621302485,-4.42185724106761e-05,0.00026626411753127854
2024-01-25 18:15:00+00:00,27239.0,19236172.3807717,281.4657,11228939.3844237,0.16748167589182583,46026.0,139823500.32588,2092.243,83445548.00288,0.1935840228344654,-0.0002861913447779057,-0.00024197277236837067
2024-01-25 18:30:00+00:00,22972.0,34170729.5538154,484.84642,19372553.7364589,0.13386831299279756,56555.0,195404523.88406,2470.92,98767488.48396,0.010902782809286915,-0.00020278415198688682,8.34071927915403e-05
2024-01-25 18:45:00+00:00,32323.0,34495971.5202799,448.9509,17890405.1360247,0.037246052079273895,65623.0,292096804.53664,3132.78,124793368.7112,-0.1455341737876068,-0.0002960311138013608,-9.324696181245429e-05
2024-01-25 19:00:00+00:00,15125.0,23321292.9766058,286.9552,11428640.9529413,-0.019896455620563525,36345.0,128861619.51634,1845.159,73471582.8148,0.1403175451397085,-0.00025202308905860693,4.4008024740804785e-05
2024-01-25 19:15:00+00:00,13558.0,14787879.3366051,216.35925,8611111.6754489,0.16461751944829972,32544.0,106397238.24254,1320.319,52539399.4182,-0.012391669444788866,-0.0002410291958279969,1.0993893230448748e-05
2024-01-25 19:30:00+00:00,16728.0,8980289.4153271,148.64085,5923540.465765,0.31923152847501846,18968.0,48621418.9643,806.12,32131757.3846,0.3217120383998895,-0.0003315309814968832,-9.050178566916145e-05
2024-01-25 19:45:00+00:00,15128.0,10954917.9512484,160.56389,6410921.1203434,0.17041882903610883,27643.0,90110459.26996,1187.504,47409797.60106,0.052259593062909726,-0.0001797922077692445,0.00015173877372909317
2024-01-25 20:00:00+00:00,8328.0,8193442.2817899,112.51044,4492361.5493015,0.09657489362825444,20758.0,55489975.2202,776.303,30991060.1506,0.11699671977212689,-0.00015880528442325698,2.0986923345844843e-05
2024-01-25 20:15:00+00:00,9397.0,10946187.8309061,132.82971,5306797.1606599,-0.030384414622160683,20351.0,54510546.5357,634.417,25340732.9001,-0.07024476874382946,-0.000302607495236249,-0.00014380221081289335
2024-01-25 20:30:00+00:00,7944.0,11657472.5180771,155.99873,6228414.3448572,0.06857028145661492,17560.0,43260088.6048,546.943,21831635.9493,0.009319983079166816,-0.00017690763988949918,0.00012569985534582884
2024-01-25 20:45:00+00:00,13938.0,12121290.415663,143.47954,5719775.4677989,-0.056243143814479035,29302.0,73699271.85834,723.381,28818595.5992,-0.21794083245236795,-0.00013029483122741002,4.6612808661805616e-05
2024-01-25 21:00:00+00:00,19461.0,22339692.5368436,332.72582,13213650.357694,0.18297513145281363,50667.0,208487038.36931,3015.956,119808537.67974,0.1493140160350248,-0.00028142703524614633,-0.00015113220401730132
2024-01-25 21:15:00+00:00,30489.0,20350071.1112623,273.81932,10912304.4052642,0.07245860180066166,45216.0,152064682.97502,1907.414,76013314.59332,-0.0002502473791777815,-0.0003666551641766736,-8.52281289311918e-05
2024-01-25 21:30:00+00:00,10347.0,9314651.9767121,141.42722,5636490.1901028,0.21024171470813813,17013.0,43863538.498,582.447,23210743.4858,0.05831605386137806,-0.00030333455150423247,6.332061267144695e-05
2024-01-25 21:45:00+00:00,7216.0,5046393.1635002,46.52043,1854212.4032102,-0.2651335941791304,13062.0,28147578.5406,248.43,9899097.2186,-0.29662885890368407,-0.0001451200619986845,0.00015821448950603667
2024-01-25 22:00:00+00:00,10783.0,7732975.1757982,116.78863,4659106.653855,0.20499718360316233,17305.0,38516302.4965,520.754,20768002.141,0.07840061453911362,-0.00029556379007702636,-0.00015044372807793138
2024-01-25 22:15:00+00:00,7654.0,8617873.2123598,128.76361,5139697.5517586,0.19279952840039916,12102.0,33633239.7017,503.173,20082421.9533,0.19420086387246993,-0.0001051603696604084,0.00019040342041698466
2024-01-25 22:30:00+00:00,6857.0,4321372.6594448,56.7587,2265861.2574278,0.0486766293925287,12387.0,30518428.9774,391.735,15635344.8651,0.024649393104640982,-0.00020112149722219664,-9.596112756149466e-05
2024-01-25 22:45:00+00:00,7388.0,5414431.584096,66.80418,2668358.6614327,-0.014353170785068592,14253.0,36326098.054,520.19,20780951.5636,0.1441334289583427,-0.00025216395999476827,-5.104246277198854e-05
2024-01-25 23:00:00+00:00,5140.0,4789653.4718,57.02406,2278604.4692349,-0.04853055334770284,10014.0,27391727.0921,449.433,17958228.9025,0.3112155244624426,-0.0002680786995989876,-1.5914739606159856e-05
2024-01-25 23:15:00+00:00,8343.0,7379465.8931533,104.5605,4177419.5346018,0.13217395271861831,15239.0,39296112.0034,495.677,19801989.3155,0.007834531507171949,-0.00022367015800453432,4.440854159604157e-05
2024-01-25 23:30:00+00:00,7353.0,7625244.6440341,74.04023,2956063.614406,-0.22466392820096892,14725.0,38240803.4574,361.155,14416350.9357,-0.24602259198033238,-0.0001455913938762644,7.807876412790904e-05
2024-01-25 23:45:00+00:00,5725.0,3987206.1288535,53.35783,2129928.3462831,0.06838135649412735,10162.0,21197701.0904,247.777,9888888.6467,-0.06698480136806217,-0.0002730696933410289,-0.00012747829946491152
2024-01-26 00:00:00+00:00,6487.0,6309389.134234,90.1311,3600758.4191539,0.14139684287869025,11224.0,26413586.9414,378.071,15099797.3439,0.14333561567383746,-0.00019495863072136393,7.811106261890188e-05
2024-01-26 00:15:00+00:00,7633.0,6067518.9657894,52.39289,2092911.8404596,-0.3101259832033152,15504.0,40483736.1003,384.94,15374337.3924,-0.2404684511177776,-0.00021644793985479974,-2.148930913214997e-05
2024-01-26 00:30:00+00:00,6924.0,5697248.7874916,59.46245,2373268.2820489,-0.1668721621357142,15983.0,40002108.5219,423.486,16899358.2319,-0.15507662689090052,-0.00021256041633579297,3.887523517320801e-06
2024-01-26 00:45:00+00:00,5002.0,3398556.4287811,45.37583,1811675.5818137,0.0661441819657893,9008.0,18343681.064,236.007,9419974.4896,0.027053889209507798,-0.00015572186504148554,5.683855129490212e-05
2024-01-26 01:00:00+00:00,5201.0,3729236.763917,32.16604,1283888.5508771,-0.31144701602235136,10640.0,25412509.0293,202.606,8085071.0036,-0.36369360504481385,-0.00015090400804103796,4.81785700046089e-06
2024-01-26 01:15:00+00:00,7397.0,6619652.349791,67.44285,2688458.3489234,-0.1877342776140557,20848.0,56718494.3922,571.592,22776981.0003,-0.1968411275940949,-0.00025970848809334367,-0.00010880448005323728
2024-01-26 01:30:00+00:00,4970.0,3587477.8358672,59.02512,2353518.1752323,0.3120739878597103,9811.0,25236526.2992,389.854,15541159.4852,0.23164014737580252,-0.00024113472805315387,1.8573760041107334e-05
2024-01-26 01:45:00+00:00,6329.0,5732024.3757501,70.77099,2824619.2755896,-0.014442685366296337,12012.0,29025979.8029,380.865,15198710.7411,0.047248764335010573,-0.00015924734971450752,8.188737833769721e-05
2024-01-26 02:00:00+00:00,6727.0,6907500.2826778,104.17221,4159838.3735806,0.20444102883712767,15226.0,44573702.873,664.719,26540210.7378,0.19084612797006018,-0.00023739740436787217,-7.815005465161562e-05
2024-01-26 02:15:00+00:00,14433.0,15278043.7915243,261.74547,10472959.5079189,0.3709817370374229,40263.0,123119994.88679,1793.331,71757613.35819,0.16565328684706015,-0.00021044477693443064,2.695262743301896e-05
2024-01-26 02:30:00+00:00,19941.0,21307573.9016543,352.01155,14123557.6136443,0.3256842547004153,49072.0,202155040.44263,3234.506,129782669.66763,0.2839914293847281,-0.00023575490909469795,-2.531013215900657e-05
2024-01-26 02:45:00+00:00,12296.0,17699889.3661211,261.11731,10491518.8907482,0.18548977044226556,38869.0,152609770.58037,2356.004,94666069.76387,0.24062921271499205,-0.00020177386698321727,3.3981042109942905e-05
2024-01-26 03:00:00+00:00,6752.0,6685553.3332471,94.62523,3798590.4453769,0.13635783189002426,24269.0,80980044.16661,933.887,37477563.8833,-0.07440001375665117,-0.00028177327005177833,-7.999940306824271e-05
2024-01-26 03:15:00+00:00,7862.0,6989682.7366263,95.63215,3841992.6248849,0.09933247892716501,20099.0,50174565.4337,566.528,22752561.8491,-0.09306391983942819,-0.00032742821615703454,-4.565494610631049e-05
2024-01-26 03:30:00+00:00,5775.0,6833070.1841058,82.54077,3311983.5671642,-0.030601624766534496,15651.0,38981124.4514,346.889,13913280.2808,-0.2861529534302437,-0.00035649383579604434,-2.9065619637336226e-05
2024-01-26 03:45:00+00:00,5659.0,5707344.9924802,73.572,2951720.0983003,0.03435839332978263,13440.0,32883050.7595,365.76,14667311.4418,-0.107910543393692,-0.000250004929044131,0.00010648890675035716
2024-01-26 04:00:00+00:00,5759.0,5144032.3680175,83.29826,3339897.9712164,0.29855247100771654,12832.0,28337281.0913,305.213,12232871.7526,-0.1366234669312938,-0.0002625912781866712,-1.2586349141585629e-05
2024-01-26 04:15:00+00:00,6139.0,4857930.3840021,56.80216,2278517.1405821,-0.0619391549596503,13276.0,37243031.5285,536.795,21527052.6657,0.15603117051449233,-0.0001994186951663364,6.317258302068751e-05
2024-01-26 04:30:00+00:00,9336.0,6352907.5750398,86.40136,3468859.6901633,0.09205419697659245,14220.0,37832373.3107,537.508,21576461.9667,0.1406348626084002,-0.0003641144574986793,-0.0001646957623329115
2024-01-26 04:45:00+00:00,9316.0,8328630.4483304,148.2144,5954603.0901592,0.4299117068768228,21144.0,60057646.02347,919.128,36925965.01717,0.2296840606353321,-0.0003253385621973028,3.877589530176806e-05
2024-01-26 05:00:00+00:00,5739.0,4327323.3017814,47.65147,1913199.1506387,-0.11575862619226707,15629.0,39739630.41,318.233,12771433.6651,-0.357244466879278,-0.00038513729275144084,-5.979873055395046e-05
2024-01-26 05:15:00+00:00,5986.0,5689374.3228281,65.49649,2630232.2629072,-0.07538786739567094,15184.0,35915244.6033,386.268,15508464.9192,-0.13638539341731026,-0.0002875770951955232,9.756019755613465e-05
2024-01-26 05:30:00+00:00,5771.0,5023182.5040401,50.03579,2007447.8180723,-0.2007267040535644,16415.0,39874919.84151,398.143,15965741.4147,-0.1992088521728096,-0.00039592566090530345,-0.00010834856571051432
2024-01-26 05:45:00+00:00,5617.0,5670763.1667989,55.84662,2239910.3071613,-0.2100145108244006,11869.0,24831482.0816,308.584,12373596.9411,-0.0033944087236926768,-0.00021492341503792626,0.00018100224586703462
2024-01-26 06:00:00+00:00,5040.0,4874884.5525464,62.18599,2495505.7495154,0.023821476228342853,11978.0,30524920.8976,388.709,15593161.6827,0.02166762266211153,-0.00027682972779372804,-6.190631275515557e-05
2024-01-26 06:15:00+00:00,5545.0,4921292.5679067,67.00276,2688602.5055258,0.09264079240442813,10812.0,27273028.5724,345.335,13853194.0551,0.015889674175700197,-0.0003474284473167626,-7.059871952286301e-05
2024-01-26 06:30:00+00:00,6997.0,4367405.1002223,40.83101,1638959.151268,-0.24945860818609322,8666.0,22921831.2974,258.489,10372309.2782,-0.09498424068965905,-0.0004018831720888667,-5.445472477383362e-05
2024-01-26 06:45:00+00:00,6784.0,5286490.4078567,44.46792,1783036.2371048,-0.32543668878888754,13084.0,38666506.758,471.065,18882119.9026,-0.023334586660413104,-0.0003605278216202431,4.135535047034011e-05
2024-01-26 07:00:00+00:00,11368.0,11205858.0195605,92.25029,3692493.7236663,-0.34097081772393867,32659.0,115222228.42016,1200.334,48029748.4135,-0.16631106563295006,-0.0002457628116235809,0.0001147650099966313
2024-01-26 07:15:00+00:00,8082.0,7314573.2742455,94.16095,3766739.8881778,0.029927446742637365,15743.0,48120333.1544,633.365,25327186.6614,0.05266048678984059,-0.00041540884792968624,-0.00016964603630675867
2024-01-26 07:30:00+00:00,11412.0,10614831.1545001,96.90454,3870425.112351,-0.27075145030259784,30440.0,95970945.36576,1120.991,44756513.4591,-0.06729034941718959,-0.00027548554501233063,0.00013992330291756616
2024-01-26 07:45:00+00:00,10722.0,21484954.8758294,211.34102,8438458.6640874,-0.21447741334745118,24677.0,71215348.5518,1070.677,42737110.5983,0.20022190349076951,-0.00024032925223067578,3.5156292781834964e-05
2024-01-26 08:00:00+00:00,12560.0,25614783.7383156,305.30152,12201063.4787048,-0.04734206594499013,19684.0,65303501.9417,983.386,39291242.1401,0.20334257648777987,-0.00035007386565675234,-0.00010974461342527775
2024-01-26 08:15:00+00:00,10229.0,9922301.6390275,155.46083,6221708.4848539,0.2540857376038608,25988.0,80433717.5666,1257.693,50334879.0539,0.2515865380018567,-0.00027013938533345945,7.993448032372896e-05
2024-01-26 08:30:00+00:00,15616.0,12889298.7303014,194.09673,7789299.1852279,0.20864592375628122,36500.0,117387686.82741,1580.518,63417114.29281,0.08047302075301,-0.00027914803007755596,-9.008644745733818e-06
2024-01-26 08:45:00+00:00,9475.0,7560366.4725433,94.07439,3776995.734144,-0.0008432136561702386,23750.0,65298881.0474,702.188,28185583.7126,-0.13672077498111235,-0.00027225040031169544,6.897629766910995e-06
2024-01-26 09:00:00+00:00,12432.0,11267410.3431113,148.74524,5969123.5078412,0.05953778660251219,20593.0,70750194.3973,716.694,28749093.3144,-0.1873070156398855,-0.0003862827313611344,-0.00011403233104978483
2024-01-26 09:15:00+00:00,14195.0,13179274.9297321,205.1607,8238846.0841909,0.25027304280666907,21550.0,57552391.6171,844.892,33930737.448,0.17912519339747046,-0.00036332236300386315,2.2960368356805816e-05
2024-01-26 09:30:00+00:00,8480.0,10763510.7698022,135.99685,5466153.3528752,0.015682237845831004,21801.0,61156717.9984,757.481,30439077.7139,-0.004554897314916206,-0.0002588481272851299,0.00010447423571768866
2024-01-26 09:45:00+00:00,22171.0,17157991.1083934,273.50634,11011367.2867406,0.2835264008679925,37448.0,137212826.30405,2142.019,86208665.01745,0.2565686071711717,-0.00029701286418015743,-3.816473689433053e-05
2024-01-26 10:00:00+00:00,38648.0,43318841.2377241,447.28576,18019450.2745712,-0.16805483435327873,116316.0,463682571.22798,5437.898,219060026.51818,-0.05512934877824338,-0.0003548549661157677,-5.7842101934824086e-05
2024-01-26 10:15:00+00:00,13106.0,14920086.2803454,180.1057,7227608.1003152,-0.031157331866598192,39473.0,125866936.773,1610.822,64615076.6223,0.02672041250726176,-0.00037740016605859506,-2.2545199943380112e-05
2024-01-26 10:30:00+00:00,18914.0,16741003.3212406,262.20925,10545359.6792167,0.2598240949916053,45189.0,136340518.53477,2221.562,89336771.14947,0.31049481268749957,-0.0003627001764263286,1.4699989632660504e-05
2024-01-26 10:45:00+00:00,71982.0,62713646.9389844,862.43213,34941859.4997586,0.11433033176190088,152849.0,645822464.58304,9142.844,370401908.78914,0.147070376464161,-0.0003565913888112459,6.108787614422795e-06
2024-01-26 11:00:00+00:00,32674.0,43549768.7628267,591.28396,24028883.1021063,0.10351369408955025,98167.0,358116571.96447,4648.58,188912088.16146,0.05503125490770433,-0.0004975109805753924,-0.00014091959176276703
2024-01-26 11:15:00+00:00,38676.0,53302692.1713103,689.6369,28147231.3059291,0.05612794248614317,120499.0,470567254.38777,6221.234,253833403.73876,0.07884006535477739,-0.000484499636177786,1.3011344398350388e-05
2024-01-26 11:30:00+00:00,30795.0,39202729.4977884,552.38381,22595443.9839318,0.1527485087591418,91391.0,328858678.89567,4613.741,188632109.09237,0.14719252492170543,-0.0004034170675725404,8.108256860417384e-05
2024-01-26 11:45:00+00:00,59270.0,81575716.462398,1126.88117,46430668.0237909,0.13834533209874866,173268.0,784926743.38827,10859.743,447244394.91934,0.1395825118373044,-0.00042842767337900273,-2.501060580861747e-05
2024-01-26 12:00:00+00:00,21417.0,30349481.3456454,374.25117,15438791.5561671,0.017400685061939924,84805.0,284605663.71942,3068.603,126533799.97639,-0.11081319800343814,-0.00042441079725709727,4.016876122392432e-06
2024-01-26 12:15:00+00:00,45473.0,52294513.3259768,616.00862,25456717.0411472,-0.026409639479259894,122019.0,464825943.64418,6371.426,263336736.47338,0.1330552438999053,-0.0004365774527239538,-1.216665546621698e-05
2024-01-26 12:30:00+00:00,24074.0,39049792.048745,545.60545,22598038.2121405,0.15739608466707655,81016.0,276561501.97452,3489.487,144444345.39382,0.04457304695378639,-0.0003391168955885665,9.746055713577562e-05
2024-01-26 12:45:00+00:00,32691.0,54150107.7826411,622.13658,25716282.8575191,-0.05018534918732065,88686.0,320367470.15925,3299.958,136314518.20396,-0.1490114889866937,-0.0003921675265661474,-5.30506309779355e-05
2024-01-26 13:00:00+00:00,23433.0,30966320.5467841,340.70319,14029141.7514076,-0.09390967323920263,78379.0,282562576.00595,3337.161,137354729.2065,-0.027792490088229593,-0.00028710968869095004,0.00010505783787628786
2024-01-26 13:15:00+00:00,19520.0,21260720.378318,263.82607,10857802.8363548,0.021395572976703914,41759.0,147691144.00293,1949.087,80203094.73133,0.08609213196613719,-0.0003512639099336395,-6.415422124383952e-05
2024-01-26 13:30:00+00:00,14086.0,17098452.2813009,222.42649,9157965.1698791,0.0712039919419345,30314.0,95187799.0329,1297.095,53387800.819,0.12173621748618091,-0.0004446025002788223,-9.333859034477143e-05
2024-01-26 13:45:00+00:00,15502.0,17887109.7012118,200.80585,8258843.4428171,-0.07655920036565911,33306.0,108493083.99307,1280.451,52649009.7541,-0.029449476107381023,-0.0003676885466562521,7.691395362208198e-05
2024-01-26 14:00:00+00:00,19630.0,28000612.0670321,303.07717,12429548.1458334,-0.11219453945666136,74270.0,280599155.20361,2829.687,115982841.7213,-0.17332009330434472,-0.00047425231477322115,-0.00010656376811724044
2024-01-26 14:15:00+00:00,15631.0,19768769.3507158,302.29827,12429076.2546422,0.2574456238665317,48346.0,176206693.46467,2636.327,108368398.95767,0.23001455650602987,-0.0002569964129381688,0.00021725590183585552
2024-01-26 14:30:00+00:00,20180.0,16673767.1332766,246.50912,10158512.5112581,0.21850238522094867,45828.0,146369790.78391,1961.819,80836504.13951,0.1045517480974103,-0.0003999676096560757,-0.0001429711967180225
2024-01-26 14:45:00+00:00,16537.0,21764906.1671502,317.32105,13098948.5796034,0.20367609021661304,47035.0,168850706.33539,2407.937,99363416.54459,0.1769381212681853,-0.00034520987797775665,5.475773167695763e-05
2024-01-26 15:00:00+00:00,30600.0,33124822.3208858,484.28096,20053006.6117983,0.21075406337527847,70747.0,274046701.2155,4108.353,170250704.4052,0.2424940979042931,-0.00016592700932998485,0.0001792828686504322
2024-01-26 15:15:00+00:00,41163.0,51646319.0668056,675.14068,27982890.6358141,0.08363543197019108,91205.0,346840844.54956,3810.193,157874389.5092,-0.08964361037564383,-0.0003349958638854725,-0.00016906885455725273
2024-01-26 15:30:00+00:00,31641.0,36957026.6678155,452.4672,18716491.2762978,0.012878630336206065,56646.0,185329272.02069,1772.348,73273582.7887,-0.2092605556609557,-0.0004802253446148501,-0.0001452294807293697
2024-01-26 15:45:00+00:00,26020.0,32540640.5241127,472.14549,19489681.3947404,0.1978671028493426,44497.0,152915790.67258,1820.594,75121834.4854,-0.017474465455967758,-0.000521180279438116,-4.0954934821257893e-05
2024-01-26 16:00:00+00:00,23591.0,28600626.1568857,431.07132,17824995.0531956,0.24647586073245265,40421.0,129922069.37226,1714.091,70868538.17806,0.09093918408893997,-0.0005599908094380495,-3.881053000220902e-05
2024-01-26 16:15:00+00:00,28320.0,45334479.3084175,638.35235,26531164.5938677,0.17046296763979885,97307.0,353244553.37004,4458.329,185277316.6569,0.049003105012144,-0.0004330947376545821,0.00012689607178550943
2024-01-26 16:30:00+00:00,30949.0,49821861.4499034,611.74506,25514254.2655127,0.024219229189886837,107417.0,366533114.72582,4737.187,197542503.04082,0.07789716729190443,-0.0002774840823273074,0.00015561065532487817
2024-01-26 16:45:00+00:00,32227.0,43369602.1139448,500.22969,20915691.6268943,-0.03546767286715802,93585.0,341695853.54683,3876.575,162062009.26041,-0.05142536803889464,-0.0004030288208197063,-0.0001255447384913566
2024-01-26 17:00:00+00:00,36376.0,45223419.8700917,568.71072,23840762.9572198,0.054354713805568666,108415.0,433615811.02669,5326.719,223255450.06419,0.029738512235422787,-0.000401404252837713,1.6245679823612136e-06
2024-01-26 17:15:00+00:00,27642.0,37149297.1084144,420.4166,17632104.6811118,-0.05074356429112137,73539.0,261291110.74517,2665.444,111715208.73974,-0.1448985124588279,-0.0004251763167079993,-2.3772063871163596e-05
2024-01-26 17:30:00+00:00,24260.0,30818599.6371923,315.30698,13203393.423159,-0.14315422643506703,60528.0,209222415.21512,2063.169,86341160.6327,-0.17464712809165261,-0.00023683718775422655,0.0001883391289556613
2024-01-26 17:45:00+00:00,18344.0,21376523.6503102,320.2552,13411118.3665257,0.2547520434952564,46930.0,134820131.82463,1995.054,83514700.08873,0.23890548033825443,-0.0003805386158408258,-0.0001437014280867288
2024-01-26 18:00:00+00:00,14898.0,17071282.3513088,209.68574,8787650.1498613,0.029524316805360495,31538.0,108226200.9834,1393.644,58404562.6455,0.07930541984853057,-0.0003808416646719786,-3.030488322508518e-07
2024-01-26 18:15:00+00:00,31017.0,35334051.3322699,462.30491,19434284.7684293,0.10003150137954031,88796.0,365024137.81115,4876.423,204968935.34161,0.12304318596954467,-0.00029620577789207575,8.46358867807595e-05
2024-01-26 18:30:00+00:00,24272.0,28108806.8145817,355.32533,14902949.6687379,0.06037582932953667,70854.0,220761897.35417,2698.998,113178530.86944,0.025344792066783306,-0.00031983003590871383,-2.362425801827328e-05
2024-01-26 18:45:00+00:00,24803.0,20292381.850253,288.92597,12163203.2804853,0.19879503256377484,54406.0,141629153.87017,1742.932,73353383.20397,0.03585146418670693,-0.0003902846458298184,-7.045460992038954e-05
2024-01-26 19:00:00+00:00,20475.0,29837235.5150113,368.69142,15530384.3772658,0.041006923677789464,55271.0,169600985.1632,2001.195,84283536.7154,-0.006096142256515225,-0.0005038674486249795,-0.00011358280279516464
2024-01-26 19:15:00+00:00,18423.0,21906170.2750644,195.29083,8210332.7820275,-0.25040911497220963,40198.0,114468003.43584,1139.19,47864122.6388,-0.16371175870769628,-0.00047512615635713436,2.8741292267042695e-05
2024-01-26 19:30:00+00:00,14263.0,14867957.110796,178.8638,7526331.5456199,0.012423090749278609,29333.0,101554498.77777,1198.33,50401627.27357,-0.007397449051212646,-0.0003511526079446588,0.0001239735484137583
2024-01-26 19:45:00+00:00,13865.0,17955717.81118,198.76066,8352280.0078974,-0.06968018814631705,38587.0,129054408.16974,1413.057,59337890.9882,-0.08042054774052676,-0.000378881200034835,-2.7728592090880966e-05
2024-01-26 20:00:00+00:00,14175.0,17470488.072556,208.3101,8747915.7303141,0.001450639957335298,33213.0,121187324.47,1275.449,53541601.3287,-0.11638281374956405,-0.00043965979268086535,-6.0778592645860385e-05
2024-01-26 20:15:00+00:00,19409.0,24031261.5124148,320.33029,13500719.2931345,0.12359638599579048,62349.0,249744372.59777,3636.692,153218851.25587,0.22700543489433667,-0.00036230558016334943,7.73542125163118e-05
2024-01-26 20:30:00+00:00,17469.0,24031185.9251176,273.62,11501700.045898,-0.042768835317750664,52869.0,196163574.68827,1988.71,83558789.184,-0.14807028453895155,-0.00040808969973307047,-4.578411956934758e-05
2024-01-26 20:45:00+00:00,12866.0,17633689.8169741,205.39149,8620591.4726618,-0.022258918906051806,31485.0,116502306.126,1068.886,44846784.5535,-0.2301133592154453,-0.00046271576854045875,-5.4626068806129524e-05
2024-01-26 21:00:00+00:00,19329.0,29939150.0722296,350.97983,14711098.0076588,-0.017266824731658192,58976.0,219387309.75227,2621.711,109874481.30074,0.00164846749622094,-0.00038790499387490827,7.481077466664487e-05
2024-01-26 21:15:00+00:00,9552.0,14162487.2505676,195.09898,8180432.1440187,0.15522534979734548,22796.0,61220931.18723,687.04,28792968.455,-0.05937502430522035,-0.0004903436271773208,-0.00010243863330394731
2024-01-26 21:30:00+00:00,8310.0,9088882.6503379,145.5535,6104337.7119898,0.3432537192595084,17808.0,45570485.0166,656.875,27541929.5745,0.20876174850749463,-0.0003978945217704181,9.24491054075105e-05
2024-01-26 21:45:00+00:00,8516.0,11242546.2554578,144.52798,6066648.9588018,0.07923042004060044,18932.0,56203923.08864,747.804,31385413.71264,0.11684067545041721,-0.0005013049408431758,-0.00010341041907224735
2024-01-26 22:00:00+00:00,10860.0,13691432.3587625,151.67749,6370754.3639736,-0.06938088038738699,20484.0,74755241.2299,724.107,30404611.326,-0.1865557297181456,-0.0005211032645433352,-1.9798323700470633e-05
2024-01-26 22:15:00+00:00,16321.0,38416101.3519462,237.55498,9957179.4468848,-0.48161426607750457,35466.0,129008445.35303,1325.712,55555292.561,-0.1387340199477075,-0.00011544938686614956,0.0004056538776762153
2024-01-26 22:30:00+00:00,10690.0,17150895.2527544,218.13388,9134942.4725765,0.06524380657149043,24673.0,72903010.9478,773.392,32377098.8426,-0.11177608656567983,-0.00042040073331065073,-0.0003049513464450371
2024-01-26 22:45:00+00:00,6367.0,5751989.6840332,59.34521,2486361.5643062,-0.13547773870039193,13781.0,37481943.1666,366.325,15341831.3192,-0.18137481554739443,-0.0003557924250401925,6.460830827137443e-05
2024-01-26 23:00:00+00:00,6970.0,8857196.9456568,119.8077,5022831.7425426,0.13418088665299166,18146.0,67574118.3232,829.293,34766383.3857,0.028985186885191583,-0.00044585595772498324,-9.006353268503631e-05
2024-01-26 23:15:00+00:00,8261.0,7236683.2047391,83.70682,3509723.6686816,-0.030018706253942207,15170.0,49762794.1322,660.04,27662152.6699,0.11176042874170755,-0.00045949978382793635,-1.3643826102693879e-05
2024-01-26 23:30:00+00:00,8455.0,8837270.1674019,100.46799,4207967.3723242,-0.04767710104729883,16526.0,55642341.6669,584.816,24481824.5857,-0.12002896167601362,-0.00037764418556092937,8.185559826756617e-05
2024-01-26 23:45:00+00:00,6595.0,4886184.7796443,37.74613,1580091.3805174,-0.35324124986021255,12918.0,33190799.0803,372.299,15579623.4934,-0.06120829114674142,-0.0004083822849434255,-3.073809938314298e-05
2024-01-27 00:00:00+00:00,7656.0,7287610.4019958,80.05803,3350813.7922475,-0.0804080878610528,15072.0,64863403.94303,556.742,23291259.1147,-0.2818366690975119,-0.00040918375348553257,-8.014685430879354e-07
2024-01-27 00:15:00+00:00,11593.0,13094992.5423305,133.15278,5569123.3465006,-0.1494270304472476,28562.0,86992509.34392,897.274,37513645.531,-0.13754308701012619,-0.00045283605778913055,-4.365230430281031e-05
2024-01-27 00:30:00+00:00,10012.0,8314382.5118005,84.55168,3535452.2036565,-0.1495574809942466,18516.0,58575104.9718,564.958,23610272.5707,-0.19384617126792103,-0.0004241755211873384,2.8660536603553055e-05
2024-01-27 00:45:00+00:00,9175.0,9003521.3752838,96.32268,4025521.7103275,-0.10578949223617262,17326.0,44545958.8196,498.852,20835940.628,-0.0645193781828628,-0.00037386620599995395,5.030931518668069e-05
2024-01-27 01:00:00+00:00,10121.0,8460328.4836272,71.35239,2978548.2024738,-0.29587882828946477,24355.0,76852037.40292,772.841,32252695.9914,-0.1606547573409014,-0.00031450929270379814,5.935691329561621e-05
2024-01-27 01:15:00+00:00,7871.0,6638279.555758,72.13736,3015996.7523357,-0.09133180457287482,16984.0,50552358.5286,693.624,28994126.6546,0.14709293487054897,-0.00041409249925280904,-9.95832065484592e-05
2024-01-27 01:30:00+00:00,7269.0,7472608.1371665,119.82214,5015033.6681899,0.34224452189500854,13606.0,43065829.40713,649.645,27176873.00883,0.26210842252259425,-0.00048742970878290937,-7.333720953006662e-05
2024-01-27 01:45:00+00:00,8528.0,6795427.1571535,89.79144,3761919.1677839,0.10719137466546247,19930.0,62867245.8139,883.184,36993290.8237,0.17687009649532803,-0.00038671415112402825,0.0001007155576573382
2024-01-27 02:00:00+00:00,6244.0,5484793.1452728,62.85249,2629709.2044387,-0.0410908361402188,14442.0,35065184.1368,378.603,15833656.086,-0.096901586244175,-0.0003338764037800057,5.28377473436592e-05
2024-01-27 02:15:00+00:00,5338.0,3144605.1285537,37.75231,1579339.5563846,0.00447559666163011,8918.0,20888659.7851,264.171,11048666.4741,0.05786264774928984,-0.00021584686573417216,0.00011802953804718186
2024-01-27 02:30:00+00:00,5471.0,4410167.9760403,55.74721,2333292.9147885,0.05814242335661013,9750.0,25249543.1289,327.222,13692035.7939,0.08453731016055,-0.00029537805259515393,-7.953118686110372e-05
2024-01-27 02:45:00+00:00,5208.0,4450614.9094536,40.25942,1685822.2045934,-0.24243178127475074,10438.0,30620903.0115,360.006,15070543.6615,-0.015669547312820997,-0.0003147142560347473,-1.933620343841369e-05
2024-01-27 03:00:00+00:00,5495.0,4013283.2647484,41.84481,1751207.2780922,-0.12729445565214237,8021.0,21698288.9116,222.185,9294913.7509,-0.14325836578469575,-0.0003918203547847539,-7.710609875211105e-05
2024-01-27 03:15:00+00:00,6820.0,9412128.4382475,71.29879,2981722.1747789,-0.3664085239928824,13503.0,38221743.15612,429.949,17971319.2682,-0.05962848450974112,-0.00019748216291587162,0.0001943381918696474
2024-01-27 03:30:00+00:00,6793.0,8359499.7188688,68.34384,2856249.1425275,-0.31664591456819735,13461.0,37761505.4164,466.099,19473704.9701,0.0314051177441923,-0.00030802417575140855,-0.00011054201283577925
2024-01-27 03:45:00+00:00,5686.0,6675451.6412208,59.38771,2483043.8472468,-0.25606716048572753,9722.0,28966512.5399,442.905,18516910.6297,0.2785046597648808,-0.00020113167125129227,0.00010689250450113263
2024-01-27 04:00:00+00:00,7168.0,10382505.9145285,72.04219,3013166.0079206,-0.41956864118821224,10368.0,28050601.1032,372.002,15556425.3,0.10916876560091482,-0.00023463227478165544,-3.35006035321328e-05
2024-01-27 04:15:00+00:00,7034.0,7582215.5091304,54.28625,2270074.1711254,-0.4012108549560989,9892.0,25146912.4799,309.084,12923190.1104,0.027815253322215572,-0.00019133720849551556,4.329506628764079e-05
2024-01-27 04:30:00+00:00,5304.0,5121188.6721323,78.41263,3280152.8672135,0.28101231070158894,10697.0,36088095.5931,441.195,18452538.2494,0.022638515340671184,-0.0002897604575605434,-9.842324906728095e-05
2024-01-27 04:45:00+00:00,4386.0,4017642.5206159,59.26001,2480438.7549289,0.2347732493375998,10560.0,23755968.0185,266.803,11164976.6882,-0.060027637728316874,-0.00028067828779412515,9.082169768248605e-06
2024-01-27 05:00:00+00:00,5439.0,3824597.2420271,39.62343,1658496.9285761,-0.13272074227765274,6743.0,15947017.6603,150.978,6317527.7952,-0.2076853578801201,-0.00037192421970896254,-9.124593191600638e-05
2024-01-27 05:15:00+00:00,7099.0,5161370.9299608,57.81647,2419711.3802584,-0.06237648365381976,12580.0,34413562.53513,359.701,15051922.34843,-0.12523312092058358,-0.0003506310557748822,2.129316393606473e-05
2024-01-27 05:30:00+00:00,5313.0,3657903.9763472,35.43963,1481533.8891093,-0.18995473982410738,13006.0,38766345.7004,321.74,13445400.0672,-0.3063364717886594,-0.00039115417894337,-4.052312316815687e-05
2024-01-27 05:45:00+00:00,6079.0,3919772.0538511,32.43902,1356173.9340295,-0.30803428597482585,11957.0,31175115.33832,319.129,13335201.7502,-0.14449703839212014,-0.0003737149402943104,1.7439238646943522e-05
2024-01-27 06:00:00+00:00,6694.0,5466409.5068162,63.57203,2655237.0740648,-0.0285261026441872,17150.0,53944504.3962,669.462,27950031.7433,0.03625131257184644,-0.00034199218924303086,3.172275105178812e-05
2024-01-27 06:15:00+00:00,6412.0,5861845.7743844,59.11894,2470348.6071305,-0.15714309034685192,11940.0,37317942.7428,451.474,18862792.0865,0.010923470058612716,-0.00036068392476701366,-1.8691735524711817e-05
2024-01-27 06:30:00+00:00,4991.0,4411064.3495414,45.33304,1894786.33538,-0.14089381372230791,7387.0,17617563.2673,258.916,10819952.4825,0.2283143041220621,-0.00032085634704087066,3.9827577726470054e-05
2024-01-27 06:45:00+00:00,7578.0,6962319.3350731,55.22965,2305191.5007736,-0.3378093161682315,21245.0,71383363.5171,709.48,29602982.6631,-0.1705915438963994,-0.0003901415966304604,-6.92852495873808e-05
2024-01-27 07:00:00+00:00,6973.0,6149384.3735271,59.79982,2495094.5754877,-0.1885058978492219,16244.0,46547692.5598,513.147,21403768.0859,-0.08035105893154648,-0.00022158581672853596,0.00016855577990071424
2024-01-27 07:15:00+00:00,8004.0,7693819.1015916,96.06763,4006020.0320398,0.041360598460414844,24906.0,66364688.13903,778.441,32450817.3821,-0.02204566036330935,-0.0002733635968652481,-5.177778013631951e-05
2024-01-27 07:30:00+00:00,10642.0,11285489.4229359,112.71369,4692832.795535,-0.16834217468715362,31690.0,88596036.85,973.576,40529008.272,-0.08508304179296922,-0.0002001452922141445,7.321830465123469e-05
2024-01-27 07:45:00+00:00,9025.0,8661393.1261087,92.37316,3846408.2867054,-0.11182687803169289,25320.0,87578568.3891,1128.033,46959140.8125,0.07238886582084203,-0.00023950607147191008,-3.9360779258146295e-05
2024-01-27 08:00:00+00:00,8814.0,9794367.4827966,136.95709,5709020.7355209,0.1657762985815181,16478.0,51884230.5143,692.611,28862966.7187,0.11259110649217274,-0.000264718874419013,-2.5212802945873136e-05
2024-01-27 08:15:00+00:00,9421.0,12989294.476136,145.83472,6068513.7095773,-0.0656130368394674,27013.0,95676421.8782,850.349,35374722.1233,-0.26053417490186925,-0.00012696324142686422,0.0001377556329913432
2024-01-27 08:30:00+00:00,8442.0,10429476.6163763,134.54697,5595691.6834465,0.07305321048616764,26682.0,88116757.3985,1170.112,48643998.3331,0.10408053517248606,-0.00012325163783524456,3.7116035898066002e-06
2024-01-27 08:45:00+00:00,7566.0,8592666.4045533,103.32925,4296523.9817751,4.440519146631239e-05,21900.0,67493244.80834,825.733,34332038.448,0.01734739663183782,-0.00015855208349027492,-3.530044565458468e-05
2024-01-27 09:00:00+00:00,21010.0,24876530.4105164,266.93645,11097433.3294383,-0.10779894572862703,70446.0,296081147.40888,2893.761,120242837.97383,-0.18777106191244308,-0.0003523648577961266,-0.0001938127743059681
2024-01-27 09:15:00+00:00,13152.0,18118408.7521803,251.79029,10443762.1286415,0.15283436547756835,48795.0,184614145.55972,2167.75,89890796.57934,-0.02617650119056969,-0.00031540994525128746,3.6954912545184015e-05
2024-01-27 09:30:00+00:00,7201.0,6409604.365549,77.92011,3238439.6482246,0.01049595685839777,18542.0,56883726.065,767.381,31888223.2918,0.12117209956893138,-0.00025345909822169243,6.195084703009002e-05
2024-01-27 09:45:00+00:00,17703.0,11035975.0825463,157.50132,6558895.7352322,0.18863909825336145,32075.0,95847925.23643,1317.284,54841791.99623,0.14435011213754811,-0.0004101238000199844,-0.00015666470179986902
2024-01-27 10:00:00+00:00,9429.0,8967168.1679067,123.62497,5155042.3860742,0.14975927506835096,25139.0,73078087.52582,876.378,36532393.79052,-0.00018199634432558565,-0.0003211475700672686,8.897622995363008e-05
2024-01-27 10:15:00+00:00,9455.0,9647252.4160567,160.98583,6715223.7316442,0.3921525926838012,25567.0,78847248.25661,1168.061,48729391.90971,0.23604546733499632,-0.00033977876422489604,-1.863119415723702e-05
2024-01-27 10:30:00+00:00,7943.0,7948530.4408302,82.07041,3427050.4392515,-0.13768954783205056,24123.0,70862858.0321,610.103,25464589.1948,-0.28129940276287324,-0.00044807631808093084,-0.00010829755385621809
2024-01-27 10:45:00+00:00,8379.0,6370878.5887133,84.32708,3518194.4851122,0.10446131914837031,19866.0,55935518.1235,598.78,24970980.909,-0.10715117168069888,-0.0003989107347672517,4.916558331302667e-05
2024-01-27 11:00:00+00:00,7364.0,6590471.9597557,78.51844,3278408.0350734,-0.0051067495339358615,16542.0,51768595.2916,524.208,21877781.5696,-0.15478558201675208,-0.0003761429579237817,2.276777684429021e-05
2024-01-27 11:15:00+00:00,7491.0,5418555.9250343,88.98651,3716088.6950595,0.3716158867681989,13103.0,37042790.1477,410.036,17116888.5208,-0.07583157464380186,-0.0005058138174426469,-0.00012967085951842705
2024-01-27 11:30:00+00:00,6298.0,5810974.1647162,53.46303,2231637.1637403,-0.2319232195900529,11537.0,29799144.7941,287.393,11990797.5123,-0.19522539353719415,-0.0003777792950925703,0.0001280345223495516
2024-01-27 11:45:00+00:00,5953.0,4665374.5166154,57.98904,2421089.7972648,0.037897295765757066,9609.0,24639665.6931,284.113,11858685.1347,-0.03743132862221732,-0.00039465265331830733,-1.6873358225311108e-05
2024-01-27 12:00:00+00:00,8109.0,8150672.296175,102.33428,4274120.1927815,0.048777337002565035,10743.0,29590023.6872,343.826,14355689.265,-0.02969396599638685,-0.00039590003286981253,-1.247379550761707e-06
2024-01-27 12:15:00+00:00,7478.0,6399903.8006654,54.71478,2283311.1769996,-0.28645453178149227,12546.0,32439737.9395,333.051,13894386.6891,-0.143372445547311,-0.0005096120194717095,-0.00011371198660370396
2024-01-27 12:30:00+00:00,8330.0,8161544.3094294,96.12126,4013807.1578668,-0.016409883793813917,14682.0,34779398.8236,437.362,18257952.9752,0.04992918755173159,-0.00043904304643670845,7.056897303669984e-05
2024-01-27 12:45:00+00:00,7783.0,5579040.102186,58.42237,2441112.2674311,-0.12489882749736314,13215.0,36552698.74676,463.062,19341915.22056,0.05830299177427767,-0.0004225501972970905,1.6492849139737586e-05
2024-01-27 13:00:00+00:00,7093.0,5438470.4443312,53.60852,2238254.6599772,-0.176880822323766,8337.0,22688609.1788,233.969,9765305.5394,-0.13918870368443748,-0.00046477865154861335,-4.222845425339017e-05
2024-01-27 13:15:00+00:00,8178.0,4111591.8374678,47.44778,1981095.307447,-0.036336588961080274,8035.0,22071913.8892,267.762,11175951.063,0.012685272251673707,-0.0004335116547202922,3.1266996829870664e-05
2024-01-27 13:30:00+00:00,14064.0,5209133.5424685,66.57711,2781405.6472811,0.06789569689666641,11502.0,37329150.9636,501.191,20932616.7549,0.1215158242046055,-0.00028546463877838796,0.00014804701594250957
2024-01-27 13:45:00+00:00,6657.0,4050641.976732,40.1685,1677015.0646441,-0.17197566495516758,8903.0,26257471.0944,307.417,12830066.2796,-0.022749278978636878,-0.000342721207319053,-5.7256568542385367e-05
2024-01-27 14:00:00+00:00,6670.0,4140902.4704729,33.5111,1398716.4481748,-0.32443883518219474,8873.0,24551520.5055,220.444,9196705.0499,-0.2508239929303143,-0.000372352295574559,-2.9631088255044347e-05
2024-01-27 14:15:00+00:00,5929.0,3926258.4371437,49.3321,2059366.2440642,0.04902225721155595,7338.0,22076778.087,218.265,9107496.5176,-0.17492521039897702,-0.0004477607187905089,-7.54084232159613e-05
2024-01-27 14:30:00+00:00,7403.0,4914912.0312416,49.22978,2056153.1244374,-0.16330013177551161,10194.0,29530854.6078,390.0,16284013.3132,0.10284741362675609,-0.0003500479256615715,9.771279312964509e-05
2024-01-27 14:45:00+00:00,6240.0,5036319.2704582,71.1775,2975124.378794,0.18146774222410467,14228.0,47785029.13468,821.031,34308804.61398,0.4359645786667681,-0.0002891490559601612,6.089886970173097e-05
2024-01-27 15:00:00+00:00,7666.0,6734360.0870956,64.21706,2682030.3284348,-0.20347878825959598,20837.0,64766048.8699,531.233,22178542.188,-0.3151182579455617,-0.0005029277686205877,-0.0002137787126610391
2024-01-27 15:15:00+00:00,7586.0,5525072.74235,67.85482,2834341.2355234,0.02599236885987466,13144.0,51537514.1848,645.264,26944936.905,0.045643637695932604,-0.00035446475774431757,0.00014846301087700908
2024-01-27 15:30:00+00:00,7169.0,4441312.5925595,53.33984,2230468.2419583,0.004418489117378632,16133.0,48888263.4135,756.701,31637153.4626,0.29426374567699276,-0.0002841503511431689,7.031440660121291e-05
2024-01-27 15:45:00+00:00,10212.0,8014774.007819,91.63695,3836298.5997074,-0.04269325723599704,27664.0,83114983.28583,1187.383,49694905.45993,0.19581099569088933,-0.0004505146077428665,-0.00016636425660010445
2024-01-27 16:00:00+00:00,7443.0,6332108.6199436,55.35493,2315992.2493493,-0.2684925706881104,17364.0,44511998.6889,369.482,15452030.9906,-0.3057138998140164,-0.0003970750452236737,5.3439562519130845e-05
2024-01-27 16:15:00+00:00,8499.0,7237158.7204496,79.47258,3324719.0357962,-0.08120875492152935,15464.0,47918122.6942,565.646,23652521.1854,-0.012794331015689053,-0.00040731665490837586,-1.024160968476906e-05
2024-01-27 16:30:00+00:00,6708.0,4644659.8516657,55.39422,2319375.987304,-0.0012719719519569406,14676.0,37624186.5082,431.505,18061242.2593,-0.03991320820378952,-0.000391139418948886,1.6177235957925973e-05
2024-01-27 16:45:00+00:00,7906.0,6542097.9873149,93.51981,3912585.0267766,0.1961254736211795,12280.0,34194800.2962,299.774,12536201.4517,-0.2667773261952272,-0.0004723094345560988,-8.11700156067019e-05
2024-01-27 17:00:00+00:00,7165.0,7062201.0284896,87.42931,3656304.9576438,0.03545762656540452,13407.0,43620756.6473,423.284,17692042.2735,-0.18882460400442935,-0.000501917608490495,-2.960817393393711e-05
2024-01-27 17:15:00+00:00,7137.0,6268231.8967452,55.95941,2340142.6226194,-0.25333246721949565,9552.0,27191895.0995,373.742,15624158.146,0.14917758316060103,-0.0003227252381214955,0.00017919237036778668
2024-01-27 17:30:00+00:00,5276.0,3990906.1532321,36.79716,1538640.8849672,-0.22892655156969466,7966.0,20736924.0465,229.069,9575313.8247,-0.07649622449033078,-0.00031958909152763595,3.1361465939738764e-06
2024-01-27 17:45:00+00:00,5866.0,4254426.6737814,41.16148,1721571.9269586,-0.1906914567041107,7770.0,18968414.7376,277.765,11614096.2701,0.22457215647842665,-0.00025746219159348497,6.212689993390086e-05
2024-01-27 18:00:00+00:00,6402.0,4231266.8186809,31.56065,1319443.7640515,-0.3763362980437913,11583.0,29155262.27022,311.889,13034156.1812,-0.10587968234376333,-0.00023650882446142477,2.0953367133813572e-05
2024-01-27 18:15:00+00:00,13469.0,6029370.3563175,51.87815,2166491.2033871,-0.2813540799937502,17195.0,45393173.469,522.73,21823301.1315,-0.03847651689725484,-0.0003142917934314847,-7.778296897065218e-05
2024-01-27 18:30:00+00:00,7214.0,3831978.6446653,36.18265,1512116.0093684,-0.21079100402947348,8907.0,21376251.3199,307.696,12855787.0665,0.20281024713926699,-0.00027629744851817714,3.79943449129172e-05
2024-01-27 18:45:00+00:00,5931.0,3744867.5305014,48.32769,2020067.4368612,0.07884587126676457,7454.0,20158884.547,198.908,8312428.3371,-0.175308701459175,-0.0004074307480918782,-0.00013113329957192832
2024-01-27 19:00:00+00:00,5428.0,2796523.9170931,27.73103,1159004.1730798,-0.1711108451491099,6571.0,14903659.6124,170.238,7112802.7136,-0.045495817995994225,-0.00030436986341638936,0.0001030608846726011
2024-01-27 19:15:00+00:00,8111.0,8628400.2971475,118.74165,4966867.9562947,0.15128361810861235,17567.0,55667112.5415,716.944,29988803.6124,0.07743341600638098,-0.0002528512094047266,5.151865401309408e-05
2024-01-27 19:30:00+00:00,6974.0,3569632.6330672,43.28691,1811496.1334762,0.014948214387918934,7893.0,17096295.2649,212.516,8890868.4127,0.04009298797659766,-0.0004041021561182389,-0.00015125094671297745
2024-01-27 19:45:00+00:00,12447.0,15031745.9020192,212.40063,8903978.7677707,0.1846898990721546,41158.0,182435828.34329,2778.675,116484626.91549,0.2769928798887087,-0.00038595220349004465,1.8149952627055654e-05
2024-01-27 20:00:00+00:00,6774.0,6547169.4396262,73.09872,3065920.66137,-0.06343628658401013,14236.0,70183934.2088,772.138,32370916.2635,-0.07754056171330503,-0.0003357719989349108,5.018020455516137e-05
2024-01-27 20:15:00+00:00,6479.0,6756899.3683947,86.08183,3612029.7245886,0.069138232688152,12764.0,32810570.6471,420.739,17644907.4291,0.07556236183045861,-0.0003862707042626553,-5.049870532580769e-05
2024-01-27 20:30:00+00:00,5238.0,4229694.6753668,53.71961,2254719.5849584,0.06613822415579929,11502.0,30159585.2026,414.666,17399828.6318,0.15385065908001905,-0.0004456333369349083,-5.936263267436459e-05
2024-01-27 20:45:00+00:00,11757.0,10379383.5668476,141.9359,5963869.8970711,0.14917612566512584,33899.0,116691202.51064,1522.099,63940807.44734,0.09589765246458626,-0.0002786605417454841,0.00016697279519028996
2024-01-27 21:00:00+00:00,6682.0,6564278.888499,78.52434,3301321.5271823,0.005844383902215977,16215.0,47449195.2789,569.844,23949726.2727,0.00948924979345711,-0.00024563209548174916,3.302844626240642e-05
2024-01-27 21:15:00+00:00,7048.0,4490329.3193383,48.71409,2047982.233967,-0.08782537389984002,16278.0,40755402.6351,464.122,19502891.0671,-0.04292978078428222,-0.0003694833449180764,-0.00012385124943392611
2024-01-27 21:30:00+00:00,12886.0,6841913.0119416,88.31567,3716081.0369327,0.08626959461390449,18486.0,69280410.3564,979.107,41188780.2625,0.18904550508901719,-0.0003565447314344137,1.2938613483726158e-05
2024-01-27 21:45:00+00:00,11419.0,14789361.0180671,120.18887,5063553.6560375,-0.31524375531144033,32298.0,96262336.84687,1309.767,55168829.33317,0.1462183682685827,-0.0004247266923894768,-6.818196095537132e-05
2024-01-27 22:00:00+00:00,6040.0,5287818.5715756,61.06312,2573448.7757753,-0.02665012388710042,16262.0,40315008.3501,422.873,17819427.7392,-0.11599037338878304,-0.00030348189348869994,0.00012124479890118778
2024-01-27 22:15:00+00:00,8606.0,10854261.9751916,103.27934,4350506.3005336,-0.19837823880111305,26840.0,79376971.0747,793.002,33395273.005,-0.15856519711309192,-0.00036623938356723047,-6.275749007933484e-05
2024-01-27 22:30:00+00:00,6808.0,5379176.5675583,72.74941,3066022.8185136,0.13995991022295828,18882.0,60763580.3425,923.293,38903508.8659,0.28048770815072066,-0.0002742682040192331,9.197117954862222e-05
2024-01-27 22:45:00+00:00,6225.0,4852314.323215,48.91253,2062024.0128639,-0.15008638125583595,16399.0,48818339.4074,402.071,16944287.8851,-0.30582284892174993,-0.00035771054714859565,-8.344234313106824e-05
2024-01-27 23:00:00+00:00,5505.0,5234438.8429394,47.48177,2000842.4577111,-0.23550832563074642,12717.0,33112120.3826,357.859,15074566.3762,-0.08948347601916218,-0.00047953033995686755,-0.0001218197928078979
2024-01-27 23:15:00+00:00,8893.0,14380559.2938228,94.96876,4001138.5954694,-0.44353505121485826,19565.0,70155122.2551,737.901,31077736.0125,-0.1140280277897806,-0.00049121101110491,-1.1680671146763189e-05
2024-01-27 23:30:00+00:00,6136.0,7608257.9672641,63.69524,2682942.3969206,-0.2947288568646219,13669.0,49220996.7368,460.978,19411393.0004,-0.21125559060907428,-0.0005626003445390086,-7.138933343497911e-05
2024-01-27 23:45:00+00:00,5587.0,12063311.8383657,49.98686,2104498.2837735,-0.6510911245649087,11505.0,38280854.2226,370.929,15610421.6996,-0.18442667925711953,-0.0005679651661420654,-5.3648216020718564e-06
2024-01-28 00:00:00+00:00,5136.0,4574511.1388404,55.11556,2321674.8736548,0.015048298360171852,10997.0,27592855.3682,271.455,11429467.0634,-0.17156329702853845,-0.0004376485637960537,0.00013031660234474884
2024-01-28 00:15:00+00:00,9181.0,10298262.3483271,92.4673,3894494.5057896,-0.24365987696511915,17271.0,52031468.0887,528.844,22263158.8611,-0.14424252557520933,-0.0005322926081786995,-9.464404438297436e-05
2024-01-28 00:30:00+00:00,10766.0,18642991.1249883,73.11854,3073686.6317378,-0.6702582100553642,30654.0,127240928.92244,920.693,38678438.0255,-0.3920440796360969,-0.0005388387642900336,-6.5461561113977496e-06
2024-01-28 00:45:00+00:00,6059.0,6678367.8925558,59.37901,2492859.4132158,-0.2534525041681144,15671.0,43505945.4368,468.533,19662315.6368,-0.0961090288055938,-0.00042050116495679263,0.00011833759933388421
2024-01-28 01:00:00+00:00,5858.0,5118244.1700843,61.41501,2577362.0481599,0.007127429841804256,15638.0,42011226.7496,539.461,22635054.9635,0.0775717214073266,-0.00034656410621597324,7.393705874036982e-05
2024-01-28 01:15:00+00:00,7489.0,14370997.0311143,156.28121,6573976.6960322,-0.08510499559647244,16928.0,59002408.7908,891.177,37464427.2087,0.2699287360126108,-0.0003901459913041213,-4.3581885087462524e-05
2024-01-28 01:30:00+00:00,11849.0,11273282.5064687,161.95638,6830459.2813098,0.21179599240778857,42412.0,142109824.47197,2184.757,92129369.90807,0.29659395823462953,-0.0004235084728239265,-3.336248151875054e-05
2024-01-28 01:45:00+00:00,14215.0,34017579.196542,183.65847,7735177.4904139,-0.5452246942251431,37428.0,143602418.12247,1513.397,63750525.189,-0.11212462822692915,-0.0003964601788207561,2.704829400279607e-05
2024-01-28 02:00:00+00:00,8075.0,10295579.127758,93.79738,3950242.9635523,-0.23263316914305177,16227.0,60485487.8925,688.536,28984095.6638,-0.04161819062076433,-0.0006082609626987248,-0.00021180078387850187
2024-01-28 02:15:00+00:00,6270.0,5634654.2654169,56.6432,2385522.4294124,-0.15326750602828743,10807.0,26981743.4812,334.53,14085318.8091,0.04406291008690322,-0.00047330713730905785,0.0001349538253894167
2024-01-28 02:30:00+00:00,5428.0,5659789.3724692,52.34552,2204357.8154493,-0.22104598938896425,9858.0,23577551.5138,200.577,8442125.4676,-0.2838844641981758,-0.0004965854804369702,-2.3278343128652068e-05
2024-01-28 02:45:00+00:00,8178.0,13122068.4166993,69.18772,2915201.0802059,-0.5556796401859968,16599.0,48866546.512,710.704,29933776.9854,0.22512348925861803,-0.0006033583965527224,-0.00010677291611393969
2024-01-28 03:00:00+00:00,5197.0,5100638.5117673,41.24445,1736918.6252301,-0.31894070861011403,10170.0,26421291.9101,345.602,14546954.8018,0.10115393685493257,-0.0004613647497968368,0.00014199364675526738
2024-01-28 03:15:00+00:00,5434.0,4634074.226346,46.13511,1943113.8616751,-0.16137991462115242,8574.0,22326424.2789,250.139,10530707.1697,-0.056659764398346635,-0.0005201143229278543,-5.8749573131677835e-05
2024-01-28 03:30:00+00:00,6942.0,9914968.5462012,113.47503,4778429.5309324,-0.03611806559624475,10061.0,33991327.6639,314.526,13240394.4864,-0.22095455539021092,-0.0004746013544675431,4.5512968458893965e-05
2024-01-28 03:45:00+00:00,4952.0,3994065.9396755,55.03889,2318354.0571121,0.16089924008638468,6688.0,16455505.8133,217.309,9149833.8055,0.11206959048378051,-0.0004960900374591847,-2.1488682991233077e-05
2024-01-28 04:00:00+00:00,6457.0,6781643.9030879,105.85814,4465905.8626182,0.31705702229063637,19858.0,67236214.0327,1025.367,43255927.0159,0.2866853863860537,-0.0005170423352105051,-2.0952297749232685e-05
2024-01-28 04:15:00+00:00,20910.0,26561185.2646485,385.81589,16323003.9255293,0.2290870127135729,76316.0,298609630.70252,4228.303,178926101.59032,0.19839471466055425,-0.0003430936940712359,0.00017394864113917663
2024-01-28 04:30:00+00:00,11553.0,13478024.0812892,190.89547,8089371.7595958,0.20037947859520888,43078.0,142495522.74755,1810.771,76722363.13925,0.0768389302332535,-0.0004533295861503775,-0.0001102358920803681
2024-01-28 04:45:00+00:00,19958.0,39515424.4665919,520.92882,22122896.9035604,0.11970944015869445,65914.0,244306316.20353,3347.953,142175091.14733,0.16390843557957657,-0.00030572769307904034,0.00014760189307239102
2024-01-28 05:00:00+00:00,32860.0,32192303.0375835,440.10927,18762209.4177235,0.16563325064498868,85353.0,367394859.17407,5233.945,223131270.98567,0.21466735537500492,-0.0002322349628935164,7.349273018419922e-05
2024-01-28 05:15:00+00:00,17353.0,22041306.3331373,295.61056,12626197.2315959,0.14568501891500385,70666.0,249816321.6479,2977.166,127140821.4258,0.017874417388922925,-0.00041664814199513704,-0.00018441317910067312
2024-01-28 05:30:00+00:00,19091.0,34257745.1448471,349.61966,14947834.3598714,-0.12733110152640692,58873.0,212331698.96391,2430.946,103903794.39953,-0.021306805281198216,-0.0004360097210162038,-1.9361579020937825e-05
2024-01-28 05:45:00+00:00,18443.0,29549430.8014042,251.05838,10685517.7190652,-0.27676997970753325,52818.0,206922219.15961,1820.314,77457229.4483,-0.25133966025607757,-0.00048312296136302673,-4.7113240347229635e-05
2024-01-28 06:00:00+00:00,11071.0,16582880.1195118,253.74952,10786368.7814647,0.30090414978918023,29849.0,111873621.98969,1393.443,59200824.4987,0.058351798141581535,-0.000572029288268,-8.890632690494726e-05
2024-01-28 06:15:00+00:00,26305.0,35802424.1927307,274.16136,11648797.8568213,-0.34927323389534815,43412.0,156898748.6607,1376.69,58461007.8837,-0.2547931913705146,-0.0005354196744858656,3.6609613781379835e-05
2024-01-28 06:30:00+00:00,11883.0,10188018.5573679,115.28575,4891388.2044532,-0.03977634573196098,24076.0,68217869.9391,815.999,34602880.1504,0.014481401465362698,-0.0005399090773398404,-4.489402853025126e-06
2024-01-28 06:45:00+00:00,12994.0,13345297.2261643,137.68788,5837680.596306,-0.12513292175151292,25256.0,97090326.48355,768.587,32553628.6484,-0.3294156106496241,-0.0004996328487974357,4.0276228542523995e-05
2024-01-28 07:00:00+00:00,8865.0,10799624.1226528,124.69378,5281348.3691024,-0.021938484317341467,22661.0,76551611.696,1044.876,44236671.9796,0.15573456912368222,-0.0005841859363180624,-8.455308751997848e-05
2024-01-28 07:15:00+00:00,7505.0,8589914.4369943,100.99062,4284212.2571886,-0.0025017621275188473,17508.0,52030911.2869,649.114,27524445.6084,0.05800359546383427,-0.00047695175742298,0.00010723417889479947
2024-01-28 07:30:00+00:00,11542.0,22520018.1159643,210.02419,8924728.1714396,-0.20739600425872529,23750.0,99584182.17701,1030.448,43758047.98091,-0.12118477002441086,-0.0006058370497829398,-0.00012888529236221302
2024-01-28 07:45:00+00:00,7936.0,8720777.8317512,95.18759,4039363.66918,-0.07362307649365607,13467.0,45801384.4465,453.494,19234269.0979,-0.16010097378749344,-0.0005104166961666616,9.542035361853607e-05
2024-01-28 08:00:00+00:00,8849.0,9769151.6449658,92.92917,3939621.9460203,-0.19345669118557485,17391.0,58755014.5669,529.643,22438822.2677,-0.23619039385478935,-0.0004464437479528986,6.397294821347543e-05
2024-01-28 08:15:00+00:00,10047.0,13738731.6606015,170.69164,7233059.6160072,0.05294430296639585,24138.0,71388214.40445,722.36,30587944.6123,-0.143053377438355,-0.0005478624057840559,-0.00010141865783097614
2024-01-28 08:30:00+00:00,30834.0,16655449.5806398,238.69804,10138006.9219639,0.21738015811332545,38029.0,140539604.85251,2119.467,89983189.42641,0.28053852891992004,-0.00047467887994908834,7.318352583496335e-05
2024-01-28 08:45:00+00:00,9885.0,11691970.3350212,178.71273,7604172.6640969,0.3007512756545345,28337.0,96431578.24079,1395.256,59350891.43969,0.2309430691156089,-0.0003317651804487678,0.0001429136995003688
2024-01-28 09:00:00+00:00,9334.0,13130738.7959018,80.69614,3429717.4254227,-0.47760480522342885,27177.0,85494782.72671,727.09,30895325.7502,-0.27725821939429807,-0.0003766203546616366,-4.4855174213154214e-05
2024-01-28 09:15:00+00:00,8930.0,10998143.9630066,116.29527,4940208.1270971,-0.10162875777694802,19479.0,78852778.4123,834.582,35437561.2471,-0.10117152595926271,-0.0004644985673102359,-8.787821264810702e-05
2024-01-28 09:30:00+00:00,9143.0,11994889.5601983,182.37564,7753279.6570434,0.2927638254828955,22939.0,73502355.8327,996.927,42353187.8472,0.15243075864400413,-0.0005576199805804925,-9.312141327022516e-05
2024-01-28 09:45:00+00:00,28729.0,28908174.6483987,415.17374,17690048.8785578,0.223878649808676,46676.0,181839776.72205,2491.895,106190283.56645,0.16795439898462328,-0.00039862515908879173,0.00015899482148995503
2024-01-28 10:00:00+00:00,8396.0,8631196.316376,97.42223,4151326.3237061,-0.03806467341502284,22710.0,64361008.25059,626.153,26671539.1981,-0.17118951604194288,-0.00035543578080777507,4.31893782817383e-05
2024-01-28 10:15:00+00:00,6213.0,5009749.3795863,61.00269,2598293.6590831,0.03729486735229237,16753.0,42723490.6695,450.743,19191332.7523,-0.10160277395121375,-0.0004788793844183763,-0.0001234436036110509
2024-01-28 10:30:00+00:00,7574.0,7433570.5060462,69.00206,2937109.1993227,-0.20977161730456162,19014.0,55632306.978,551.081,23445405.917,-0.15712983370358624,-0.00033019895492410867,0.0001486804294952293
2024-01-28 10:45:00+00:00,8365.0,9288716.0586093,107.36644,4569604.1615005,-0.01609562986584434,25106.0,79255996.532,1040.478,44264794.2304,0.11700807931997592,-0.0003945780986221805,-6.437914369961106e-05
2024-01-28 11:00:00+00:00,7127.0,7388918.5540591,73.42511,3129012.7912665,-0.15305256963549074,16698.0,42049687.8796,447.742,19074914.2406,-0.09274407480898283,-0.0003549924131825198,3.958568544071284e-05
2024-01-28 11:15:00+00:00,8708.0,11172899.4712493,87.13836,3707749.7977092,-0.33629586353118457,18871.0,57762673.8068,502.159,21349976.0533,-0.2607691214326503,-0.0005531666578510135,-0.00019817424466772593
2024-01-28 11:30:00+00:00,11043.0,12685904.5117093,143.3477,6088139.3485812,-0.040172603701731036,29323.0,86610258.11885,870.252,36942970.0556,-0.14691467597509267,-0.0003351517228373758,0.0002180149350117233
2024-01-28 11:45:00+00:00,12820.0,12358639.1042011,98.51312,4178095.2759909,-0.32385835677155905,33297.0,103965741.15565,1008.74,42760433.6088,-0.17741299906125485,-0.00043447075565502283,-9.931903281668042e-05
2024-01-28 12:00:00+00:00,9298.0,8047806.2795907,120.93356,5133673.6217774,0.27579453168410306,18316.0,53036953.31491,759.364,32224394.06721,0.215167616279758,-0.0003621866789278881,7.228407672599246e-05
2024-01-28 12:15:00+00:00,9735.0,14361044.5916117,81.87882,3471103.2587682,-0.5165945991427845,29937.0,96187789.13195,848.144,35941474.9859,-0.25268112906523643,-0.0004574532022304121,-9.526652330116292e-05
2024-01-28 12:30:00+00:00,15840.0,19331528.9604299,232.24986,9839889.8011566,0.018014645535598284,47928.0,169119146.5455,2000.022,84661884.4348,0.0012099299711456624,-0.0005259080583964871,-6.845485616757685e-05
2024-01-28 12:45:00+00:00,10699.0,9125459.8782682,97.95499,4153702.6899633,-0.08964529012830957,21120.0,53735411.2608,588.685,24951785.0099,-0.071309424290111,-0.000297275445596558,0.00022863261280114955
2024-01-28 13:00:00+00:00,7922.0,7524554.4697259,79.67405,3375998.9969382,-0.1026713912375522,19269.0,53384299.2878,720.112,30504277.1126,0.14281830124428319,-0.0003286955226791417,-3.142007708234473e-05
2024-01-28 13:15:00+00:00,6929.0,6515942.2217806,53.45662,2266331.6356891,-0.3043733174571387,13431.0,45061988.6016,430.795,18258612.0281,-0.18962244700174202,-0.00045504312891394557,-0.0001263476062351998
2024-01-28 13:30:00+00:00,12244.0,18205582.3813841,213.34522,9024982.8830616,-0.008547741676202758,35835.0,119456735.43715,1286.556,54424081.69735,-0.08880681364368526,-0.0002896659737218676,0.00016537715519326923
2024-01-28 13:45:00+00:00,8126.0,8451589.5948121,113.2907,4799954.3559332,0.13587019390520094,19422.0,52555930.1695,660.597,27969403.5835,0.0643671796234937,-0.00042908539068251813,-0.00013941941696060667
2024-01-28 14:00:00+00:00,11774.0,5363851.1213735,62.72335,2660319.5641751,-0.008056150710654797,17261.0,53991525.0092,696.664,29542112.0831,0.09432404726727417,-0.00026845010798956265,0.0001606352826915014
2024-01-28 14:15:00+00:00,7397.0,6397468.007677,87.08899,3692536.6116473,0.1543743891227698,15441.0,42299646.9012,529.442,22441617.7661,0.06107825526379784,-0.000309721802058584,-4.127169406764608e-05
2024-01-28 14:30:00+00:00,10476.0,12289605.0809243,205.07571,8712633.6828636,0.41788668154800046,31529.0,92460347.55611,1234.128,52414208.33931,0.13376619761248865,-0.00024960969180351695,6.011211025480634e-05
2024-01-28 14:45:00+00:00,6737.0,4426313.6692513,48.14136,2044010.8958871,-0.0764274524481049,13611.0,36030860.0671,343.553,14580936.9737,-0.1906417472940679,-0.00038431853622370224,-0.0001347088444205724
2024-01-28 15:00:00+00:00,12551.0,15503269.6719443,138.90807,5883414.1219298,-0.24100989708296183,37720.0,120000301.95295,1113.92,47137303.8512,-0.21438024598168592,-0.0003949890838055667,-1.067054758152608e-05
2024-01-28 15:15:00+00:00,7991.0,8795917.2120131,136.33279,5770375.4590232,0.31205770130311383,23184.0,65994416.2611,893.88,37819545.3806,0.14614379589239568,-0.0004105550235033339,-1.556593969809228e-05
2024-01-28 15:30:00+00:00,9352.0,7781846.4063868,113.31513,4801479.2590564,0.23402056743645772,17115.0,58680607.3124,772.345,32718066.8776,0.11512366269209462,-0.0003945206566195534,1.603436688313309e-05
2024-01-28 15:45:00+00:00,11087.0,9977983.8195253,85.84782,3628599.392845,-0.2726788380345099,32899.0,109800155.7581,997.975,42151991.3171,-0.2322052546088409,-0.000321033945285162,7.348671133478035e-05
2024-01-28 16:00:00+00:00,11749.0,14471225.592775,169.28494,7151997.8203727,-0.011556032414634765,39697.0,116886595.5404,1413.113,59666097.5759,0.02092284063962424,-0.00031975381832110634,1.2801269626550038e-06
2024-01-28 16:15:00+00:00,8212.0,8436000.6390041,111.02854,4697369.4216198,0.11364842717089729,18957.0,62424464.6244,800.245,33848176.1385,0.08445226858284283,-0.0003234820209183694,-3.7282025964202603e-06
2024-01-28 16:30:00+00:00,7769.0,7516539.0054165,81.13085,3431678.7702242,-0.08689923174713932,16613.0,42015814.71015,437.761,18508737.86925,-0.11896327623613889,-0.00040237113282842626,-7.888911190967463e-05
2024-01-28 16:45:00+00:00,10883.0,10265087.0036852,127.06456,5367634.6610786,0.04580402662960403,35123.0,120315387.73478,1460.772,61665927.4663,0.025071333389785844,-0.0003623833802843564,3.998775254565601e-05
2024-01-28 17:00:00+00:00,6333.0,5740216.4059166,72.06057,3049695.5801859,0.06257163999688053,16567.0,44566572.91635,488.492,20667818.43195,-0.07249684777230603,-0.0004548170976159739,-9.243371733269612e-05
2024-01-28 17:15:00+00:00,12365.0,8615510.6387442,94.32834,3983529.6321274,-0.07526557643296206,28032.0,82975090.7568,968.398,40874110.9892,-0.014785988990309695,-0.00037830796353550907,7.650913408063786e-05
2024-01-28 17:30:00+00:00,7996.0,7424618.5567751,86.80861,3663399.0248575,-0.013175155910310932,21260.0,64338500.2577,744.29,31393836.0541,-0.024104201112682966,-0.00038697782189496267,-8.669858360121907e-06
2024-01-28 17:45:00+00:00,10323.0,9336529.8512317,83.06066,3500877.8599028,-0.25006872667130065,32877.0,112047243.73989,1191.305,50187931.9651,-0.10416480959392727,-0.0003486274903180683,3.835033157706391e-05
2024-01-28 18:00:00+00:00,7521.0,6513714.0431949,83.41096,3517553.7579716,0.08004549620857504,20513.0,53149340.7929,685.013,28877562.2693,0.08665740114532627,-0.00037167636785595846,-2.3048877537235057e-05
2024-01-28 18:15:00+00:00,6022.0,6134331.6619567,65.43233,2757082.804652,-0.1010975745734104,13174.0,34770750.5445,411.744,17344935.1854,-0.0023260980115020757,-0.0002181323017843571,0.00015354406607137605
2024-01-28 18:30:00+00:00,21079.0,20170834.9604232,168.32917,7070252.9209948,-0.2989627910924656,60481.0,210207402.87684,2036.816,85520789.3242,-0.186319909253563,-0.00018084218899780172,3.7290112787857765e-05
2024-01-28 18:45:00+00:00,8872.0,10650765.1720449,156.81534,6594840.5709989,0.23837873889256356,24002.0,65883604.018,906.496,38106939.0098,0.15679582432645423,-0.0003791699077237414,-0.00019832771872785315
2024-01-28 19:00:00+00:00,7891.0,7178018.819176,75.67894,3179162.217761,-0.11419507308398169,21592.0,59988335.879,765.364,32140117.769,0.0715455695863445,-0.0004544573417967134,-7.528743407192451e-05
2024-01-28 19:15:00+00:00,12114.0,12246954.6559377,147.29125,6179358.3163307,0.00912569531475449,36016.0,142828943.72267,1552.076,65082800.88004,-0.08866089486160678,-0.0003145432463960683,0.0001399140953992628
2024-01-28 19:30:00+00:00,9883.0,8397738.5831681,108.40314,4547917.3295888,0.08312905541126492,20571.0,53006796.636,696.519,29210998.9324,0.1021605071890388,-0.0002638048660011037,5.073838039670875e-05
2024-01-28 19:45:00+00:00,18034.0,19557725.0487566,184.81656,7726647.8424473,-0.2098623103469256,61980.0,238170029.3545,2328.294,97299870.2615,-0.18293774808520746,-0.00038274673876646244,-0.00011894187276695334
2024-01-28 20:00:00+00:00,10498.0,12466243.5521441,149.20688,6240493.2230456,0.001182625213877131,28436.0,87217915.8493,1114.994,46617955.5231,0.06899952995091319,-0.000366697899138699,1.604883962791348e-05
2024-01-28 20:15:00+00:00,13421.0,14017956.4344538,163.4938,6832616.264942,-0.02516229139526105,35187.0,125325469.5838,1308.382,54647509.8204,-0.12791055159207765,-0.0004458440466314695,-7.914614749182647e-05
2024-01-28 20:30:00+00:00,9304.0,10856603.7191821,152.96673,6385683.8321738,0.1763685950683067,28021.0,67210402.2306,946.424,39493539.6324,0.17522104679263828,-0.0003501732890903629,9.567075754013388e-05
2024-01-28 20:45:00+00:00,13701.0,13494245.0156511,207.44721,8685553.8971426,0.2872974941641848,34901.0,131402085.42183,2101.671,87974719.38623,0.33901557351714073,-0.000208305670353969,0.00014186761873524745
2024-01-28 21:00:00+00:00,8858.0,9330895.7772511,117.65707,4933716.0879553,0.05750106007695255,20718.0,66279166.09816,830.31,34812130.84466,0.05046978995188156,-0.00036220571033304054,-0.00015390003997772794
2024-01-28 21:15:00+00:00,7857.0,6977475.0029872,93.18459,3909035.5002016,0.12047280671820726,19825.0,53019677.8777,602.82,25279632.8998,-0.0464056398791296,-0.00028182656732421494,8.037914300906834e-05
2024-01-28 21:30:00+00:00,6579.0,4955262.5684039,55.16537,2310729.2366936,-0.0673635534764847,19300.0,47503033.6298,430.37,18019915.2925,-0.24131517860806273,-0.0002030813419426688,7.87452253803167e-05
2024-01-28 21:45:00+00:00,6577.0,5325354.5373555,70.42026,2947436.3935395,0.10694466363291455,17966.0,49316333.9094,676.182,28297128.3192,0.14757631299947027,-0.0003426391551723273,-0.00013955781322927407
2024-01-28 22:00:00+00:00,12371.0,9002500.9357035,142.31158,5971038.7526518,0.3265288824288679,24600.0,77762012.08634,1129.329,47388053.84164,0.2187970082107582,-0.000392887104573707,-5.024794940133859e-05
2024-01-28 22:15:00+00:00,9465.0,6066630.2715283,60.90904,2552781.678158,-0.15841857377113389,18641.0,48425155.90673,473.272,19827034.7461,-0.18112665308550957,-0.00027157383407475186,0.00012131327049935692
2024-01-28 22:30:00+00:00,6000.0,4435012.0536069,43.65992,1830134.1030056,-0.1746881041654933,11342.0,30285161.4242,373.46,15650850.4149,0.03356559310883234,-0.00023100618569287648,4.056764838189508e-05
2024-01-28 22:45:00+00:00,13665.0,14876548.77427,136.63071,5701766.8109909,-0.23345570299846796,43591.0,180895904.77154,1746.756,72855761.9706,-0.19450070400861552,-0.0002959516423213141,-6.494545662860673e-05
2024-01-28 23:00:00+00:00,6140.0,4979224.5062308,65.80481,2750837.8821365,0.10492623045786043,17946.0,48574448.54382,707.858,29579266.86802,0.21789408854887737,-0.0002175500762235876,7.840156609795201e-05
2024-01-28 23:15:00+00:00,8526.0,8171236.9499201,99.2138,4148490.2445986,0.015388556230563122,24296.0,67624739.2409,878.66,36731311.5006,0.08632763432186685,-0.00029604483836781855,-7.849476214438766e-05
2024-01-28 23:30:00+00:00,8088.0,8273805.6771336,117.95519,4941127.0748284,0.19440249569415013,24899.0,66706030.86343,963.308,40343174.56833,0.2095810242682925,-0.00041102795234925957,-0.0001149831139812818
2024-01-28 23:45:00+00:00,12841.0,11271878.2372166,168.70289,7085427.2512646,0.25718662003826376,34410.0,103515416.4694,1472.145,61829014.8497,0.1945856367776322,-0.0004000979127681529,1.093003958096972e-05
2024-01-29 00:00:00+00:00,6782.0,4571019.2476037,60.68637,2551038.3351299,0.11617921384481167,14638.0,33284081.4814,382.939,16090391.9759,-0.03314790375743293,-0.00023461594120674126,0.00016548197156218691
2024-01-29 00:15:00+00:00,12130.0,11027660.90872,111.14859,4667133.5008092,-0.15355875748433356,27460.0,82857619.73903,805.357,33772047.1022,-0.1848173479139491,-0.0003180627832156975,-8.344684200878305e-05
2024-01-29 00:30:00+00:00,8370.0,8265773.9557781,96.53787,4048012.1208243,-0.02053645732845588,21296.0,59011788.7389,739.637,31003630.0197,0.0507605575854273,-0.0004415146286806824,-0.00012345184546447285
2024-01-29 00:45:00+00:00,8577.0,6125778.5757883,84.16735,3535200.6177167,0.15420450608166836,19673.0,55369458.60284,706.015,29647540.48554,0.07089869518858993,-0.0003562907503555039,8.52238783242143e-05
2024-01-29 01:00:00+00:00,5476.0,5466595.448505,73.44247,3082543.885815,0.12777465054891213,13265.0,32380324.7963,397.94,16695241.4134,0.031196661455830332,-0.00046041920885339584,-0.00010412845849749885
2024-01-29 01:15:00+00:00,7286.0,6284906.5103481,81.62541,3431666.9822203,0.0920343768264682,16941.0,52057092.366,831.904,34961047.5629,0.343180956673411,-0.00034127519374672406,0.00011914401510537687
2024-01-29 01:30:00+00:00,13252.0,10714107.8645454,165.09316,6960038.8950178,0.2992288267042036,43097.0,167882353.10587,2569.7,108319408.20667,0.290420418855597,-0.00025836884073289447,8.290635301477778e-05
2024-01-29 01:45:00+00:00,13053.0,13959400.9456037,177.33426,7491641.6945476,0.07334716206528591,45193.0,146317674.08555,1736.699,73343449.42955,0.002523446165048515,-0.000355091305901104,-9.672246516778671e-05
2024-01-29 02:00:00+00:00,6783.0,6700440.6011331,65.75396,2772851.6242208,-0.17233752546007552,21777.0,61347241.6046,558.452,23539792.2382,-0.23257210520008387,-0.000377441258809974,-2.234995290884001e-05
2024-01-29 02:15:00+00:00,7168.0,6520349.03737,102.95357,4344524.2969815,0.33260482593240925,20609.0,66502836.0682,911.416,38438718.6843,0.15600238897722551,-0.0003417822700345195,3.565898877511131e-05
2024-01-29 02:30:00+00:00,6375.0,5283507.0754476,69.53549,2939239.5174091,0.11260928600539377,21750.0,57792370.0062,738.336,31200336.1581,0.07973893975114055,-0.00037627125104477044,-3.448898101154896e-05
2024-01-29 02:45:00+00:00,11453.0,12198440.2560339,147.08748,6214999.7826658,0.018982698151361,25249.0,75555111.6694,913.734,38599024.4216,0.02174488446246836,-0.000512294608058535,-0.00013602335701179413
2024-01-29 03:00:00+00:00,7311.0,5137091.7527695,58.90584,2487911.010791,-0.031393196568964665,13338.0,37099857.3635,371.869,15699342.0051,-0.1536710316010269,-0.0003992504752988661,0.00011304413275858849
2024-01-29 03:15:00+00:00,13546.0,10374539.2201633,150.89141,6385243.3743203,0.23094495838626616,26919.0,92805480.47235,1397.013,59102728.28975,0.27369047579811356,-0.0004145361712641047,-1.5285695965872037e-05
2024-01-29 03:30:00+00:00,21774.0,14206196.9243654,190.73587,8092302.8152779,0.13926378162456565,44925.0,147451600.38571,1879.426,79710704.86791,0.08117788697307371,-0.00041667113815024284,-2.134966885947165e-06
2024-01-29 03:45:00+00:00,11152.0,14701916.1923608,171.41929,7276993.3989083,-0.010061912515938798,32152.0,97107993.5275,973.008,41289693.5316,-0.14961287878104135,-0.0004301629573531326,-1.3491819203181876e-05
2024-01-29 04:00:00+00:00,7638.0,8163777.784362,81.56897,3455948.4528122,-0.15334578081432126,20124.0,64096343.18205,571.801,24217554.358,-0.24433896987801773,-0.0005860279759763937,-0.00015586501862152602
2024-01-29 04:15:00+00:00,6717.0,5233943.1831409,47.42059,2006755.1920359,-0.23317654708217828,17193.0,44384371.0362,403.672,17074549.1219,-0.23060533591998156,-0.0006020431340248025,-1.6015158049498268e-05
2024-01-29 04:30:00+00:00,6287.0,5562421.3975755,39.52421,1670358.3173244,-0.3994132418473505,19194.0,54722524.608,473.209,19989665.6712,-0.26941727142911576,-0.0005165173771597528,8.5525756865934e-05
2024-01-29 04:45:00+00:00,10419.0,9071795.7833176,98.03558,4141239.2565898,-0.08700783053224137,17592.0,74112031.46904,696.022,29388233.0132,-0.20692410042823306,-0.0004431144504958202,7.34029266631353e-05
2024-01-29 05:00:00+00:00,5473.0,3820323.9994674,39.69949,1676791.5667815,-0.12217311044023216,10333.0,32685991.3973,374.081,15795531.144,-0.0334984212652778,-0.0003837962231337,5.931822736293668e-05
2024-01-29 05:15:00+00:00,6728.0,6605857.3733094,80.18118,3387873.7995342,0.025718118959914715,14281.0,45333651.5512,557.657,23553546.2524,0.039119746433773805,-0.0003206639546172619,6.313226851517584e-05
2024-01-29 05:30:00+00:00,7196.0,6935069.9929197,55.2011,2329616.4443667,-0.3281635378604393,18386.0,60361334.2232,458.419,19338704.2199,-0.3592353625454776,-0.00034904167326603154,-2.8377718647831784e-05
2024-01-29 05:45:00+00:00,7243.0,8263494.3949029,89.00709,3753932.5907366,-0.09144184981789161,14952.0,47343519.2666,491.749,20731998.7759,-0.12418852265061542,-0.000484923031531261,-0.00013588135826658743
2024-01-29 06:00:00+00:00,6730.0,5889746.6872337,61.13606,2576916.0770982,-0.1249484183475037,10880.0,41852724.07178,374.94,15797903.4655,-0.2450716737861257,-0.0004065439630759641,7.837906845509224e-05
2024-01-29 06:15:00+00:00,7210.0,8522725.8224528,115.49876,4871555.124534,0.1431917970891592,15505.0,73132099.6509,1188.071,50094731.6374,0.3699793080338152,-0.000403801238064738,2.7427250124389957e-06
2024-01-29 06:30:00+00:00,6338.0,6752664.786909,97.20699,4103439.8379805,0.21535422458274578,15439.0,59403916.7814,810.301,34188876.8358,0.1510647340515061,-0.0004089623260454579,-5.161087980098955e-06
2024-01-29 06:45:00+00:00,5320.0,5218137.8521335,34.82072,1468608.720385,-0.43711386628678606,14760.0,36482815.4647,332.929,14036262.9462,-0.23052742682202298,-0.00039138019453652305,1.7582131507154486e-05
2024-01-29 07:00:00+00:00,5273.0,6635427.1001052,90.91142,3833686.5472646,0.15552065885971977,10652.0,33681590.8477,375.817,15840489.5778,-0.059397779076002744,-0.00029959497971979724,9.178521481878477e-05
2024-01-29 07:15:00+00:00,6365.0,4731559.0443811,55.43523,2339199.0069105,-0.011235415232370483,14088.0,32741516.1325,478.66,20193295.4563,0.23349788535025473,-0.0003481543709000148,-4.855939118186825e-05
2024-01-29 07:30:00+00:00,5887.0,2947915.4162307,32.90425,1389321.5070214,-0.057421051247236066,12216.0,30965992.2681,344.543,14543304.2411,-0.060691863823658876,-0.0004080635498294174,-5.9909178927952667e-05
2024-01-29 07:45:00+00:00,10429.0,9406778.7989957,76.98163,3243020.6898967,-0.31049283517904425,30718.0,101289744.02699,827.014,34819449.742,-0.3124782755355391,-0.00029431610260486463,0.00011374744722303376
2024-01-29 08:00:00+00:00,13280.0,19793985.1575822,216.06283,9083463.694696,-0.08219960534662463,35139.0,131150228.55034,1322.569,55581581.8268,-0.15239824678664793,-0.0003201200215793976,-2.580391897311074e-05
2024-01-29 08:15:00+00:00,12453.0,10079393.4930152,81.90657,3444625.9014348,-0.31650135420908987,28318.0,84456753.14577,938.945,39477809.76317,-0.06513550917515387,-0.00030488240826505043,1.523761331512219e-05
2024-01-29 08:30:00+00:00,8441.0,7024486.820987,88.46605,3716048.1682606,0.058026945728816504,22573.0,63265630.1964,781.012,32795096.8598,0.03674291263650886,-0.0004274564171410341,-0.00012257400887882852
2024-01-29 08:45:00+00:00,7720.0,6549364.2600535,73.14343,3073522.8649169,-0.061428638604445696,18338.0,50928136.7724,641.985,26973764.5045,0.059287310079569444,-0.00034762090459962175,7.983551254220345e-05
2024-01-29 09:00:00+00:00,10568.0,6253309.4853313,93.097,3919298.6656031,0.25351181635797637,24256.0,69250084.38097,958.793,40365227.95407,0.1657813362942966,-0.00037160135082645425,-2.3980446226090635e-05
2024-01-29 09:15:00+00:00,17889.0,10522121.8729848,83.36108,3504354.072294,-0.3339073402501993,36836.0,125854475.46894,1155.984,48581643.9327,-0.22797113488920606,-0.0003201621231350325,5.1439227691574274e-05
2024-01-29 09:30:00+00:00,21417.0,8715805.2487595,116.97486,4931990.7111733,0.1317349505658718,28806.0,90042509.85881,1426.156,60112171.47161,0.33519537751375705,-0.0004150573372348303,-9.489521409911106e-05
2024-01-29 09:45:00+00:00,18425.0,12252026.7900598,178.5635,7542379.8720072,0.23120525301600114,38666.0,143741686.1308,2014.749,85101745.6897,0.1840927705865414,-0.00033787035689006236,7.71869803433134e-05
2024-01-29 10:00:00+00:00,12243.0,8430282.7417731,107.81644,4556501.1726053,0.08098418811679231,18408.0,48657486.1252,541.167,22863185.9108,-0.06023973980196984,-0.00038001652713356103,-4.2146170242673975e-05
2024-01-29 10:15:00+00:00,11036.0,8693949.9806334,93.57566,3958507.1051996,-0.0893651069956577,28385.0,81867176.0302,777.258,32864210.491,-0.19713340352971953,-0.00048538109754943176,-0.00010536457041609992
2024-01-29 10:30:00+00:00,8752.0,10729287.2494648,103.42899,4368916.0922146,-0.18560925984481758,22404.0,64031129.5008,626.327,26445992.0882,-0.1739645296161897,-0.00033869843018493153,0.00014668266736528324
2024-01-29 10:45:00+00:00,9424.0,7794113.5438755,103.10242,4362970.5155145,0.11955528770628665,20567.0,57893614.90265,815.81,34509927.70685,0.1921842422477702,-0.00043308679863748466,-9.43883684527691e-05
2024-01-29 11:00:00+00:00,9400.0,9461503.6845766,93.7968,3972272.6603834,-0.1603295220697981,21975.0,63250018.1251,713.924,30223457.2661,-0.04431783066616424,-0.00034463286658922767,8.845393204914842e-05
2024-01-29 11:15:00+00:00,5941.0,5738218.3361746,61.30607,2594981.8222595,-0.095544411093478,14438.0,35375525.4753,374.326,15836806.4287,-0.1046461520546107,-0.0004944768362285977,-0.00014984396963946267
2024-01-29 11:30:00+00:00,7023.0,6692302.7134409,67.11769,2838026.5035549,-0.15185351736855113,16092.0,47280047.5842,467.087,19743080.1074,-0.1648451676263658,-0.0006047846313507033,-0.00011030779512388733
2024-01-29 11:45:00+00:00,6526.0,6163769.1770745,52.46492,2218193.4807994,-0.2802477130228237,14454.0,41607648.2021,436.081,18429150.0346,-0.11414603656114097,-0.00040729918582254823,0.00019748544552911085
2024-01-29 12:00:00+00:00,7631.0,10149525.6973831,132.07584,5578765.3009536,0.09931546897644661,21946.0,76817212.2915,950.911,40136166.9129,0.04497848114025249,-0.00032315245560429723,8.414673021661656e-05
2024-01-29 12:15:00+00:00,10175.0,11341506.5604989,125.88542,5327778.2281909,-0.060481391996560885,28034.0,93412633.31975,1232.815,52159917.60145,0.11676366991833786,-0.00048215210942015145,-0.0001589996538147176
2024-01-29 12:30:00+00:00,6711.0,6510499.5960699,37.01253,1564812.3249043,-0.5192957769788027,15680.0,45098849.9204,412.248,17421240.8396,-0.22741972931244614,-0.00047732720406959173,4.8249053499205274e-06
2024-01-29 12:45:00+00:00,14687.0,18863470.0378328,146.85016,6188336.5134317,-0.34388142785815135,46192.0,148098171.00217,1439.251,60627642.412,-0.18125062582830065,-0.0003385699887790105,0.00013875721529110763
2024-01-29 13:00:00+00:00,16770.0,21542875.9659408,211.94583,8913676.1946844,-0.1724711028576792,48714.0,146100701.04087,1619.136,68081363.30927,-0.06802140134529533,-0.0003767692579953754,-3.819926921622141e-05
2024-01-29 13:15:00+00:00,9730.0,11936879.2833219,140.34253,5906223.9965172,-0.01042410560868745,25797.0,73127431.3528,782.388,32916066.7945,-0.09976143874935472,-0.00032986719579761615,4.690206219670756e-05
2024-01-29 13:30:00+00:00,11569.0,12756695.1703638,127.64916,5366549.2118369,-0.1586301718168509,34672.0,101342302.54984,993.451,41737779.2666,-0.17630094804539465,-0.00033245314526809895,-2.585949470557125e-06
2024-01-29 13:45:00+00:00,13404.0,12807520.1411133,163.96052,6890791.7489529,0.07605401717586746,36431.0,102039283.7925,1285.211,53990755.6645,0.05823470447503043,-0.000409241540374451,-7.67883951056092e-05
2024-01-29 14:00:00+00:00,16948.0,16612195.7238177,205.99489,8649794.3015778,0.041378809325750554,37200.0,121679185.781,1410.081,59190835.9225,-0.027100065757630243,-0.0004047792579709071,4.462282404915641e-06
2024-01-29 14:15:00+00:00,9823.0,10075519.3299072,155.20674,6526992.0218714,0.29561401415752475,24870.0,76617090.0973,1136.979,47805623.1051,0.24791017368028911,-0.00034667081053255035,5.8108447436922006e-05
2024-01-29 14:30:00+00:00,10824.0,13221553.2768992,109.43433,4597649.8969312,-0.30452197247289403,33689.0,125192141.7598,1159.432,48676508.6482,-0.22237118138623724,-0.0004688712915102296,-0.00012220048097866254
2024-01-29 14:45:00+00:00,17598.0,21395625.3202115,248.95866,10436585.3279942,-0.024418761144109236,59494.0,194764680.43753,2272.254,95216547.1295,-0.02224010107376395,-0.0004848429386510586,-1.5971647139068068e-05
2024-01-29 15:00:00+00:00,15881.0,18325333.6531165,234.08437,9802926.9922445,0.06987705411599587,55377.0,174176067.02673,1993.429,83451398.6382,-0.04175814665291422,-0.00043297083034783473,5.187210830293054e-05
2024-01-29 15:15:00+00:00,17131.0,18975951.1035536,289.37822,12142710.716808,0.27979995843623895,43761.0,155897459.19894,2262.678,94948864.42484,0.21809380233293219,-0.0002877068180302049,0.0001452640123176252
2024-01-29 15:30:00+00:00,15091.0,15173348.5258815,233.6405,9830111.4427566,0.29570759229436683,41138.0,124891257.60979,1627.008,68440331.70139,0.09599875942037261,-0.0004946410029818885,-0.00020693418495199012
2024-01-29 15:45:00+00:00,14218.0,15069839.6090948,174.76774,7347328.7956703,-0.02489621837300604,36035.0,100344048.88604,1238.072,52024105.4116,0.03691461504973548,-0.000508155744156107,-1.3514741173281664e-05
2024-01-29 16:00:00+00:00,51524.0,60242431.5505484,807.60712,34254481.2774951,0.13722107145534945,164818.0,625272233.60704,8616.26,365380239.56254,0.1687077081761723,-0.0004351143181967631,7.304142595820906e-05
2024-01-29 16:15:00+00:00,37229.0,58327152.3353531,726.87816,31010065.4646069,0.06331491331220573,148966.0,532885196.4612,6285.817,268105261.59523,0.006240231012876629,-0.0004370886208002938,-1.974302604068612e-06
2024-01-29 16:30:00+00:00,53404.0,85445178.7799449,1144.32134,49089393.6981587,0.14902664841004754,177449.0,680342576.42453,9042.465,387711677.68591,0.13975426827904425,-0.0004373392795482439,-2.5065874709184754e-07
2024-01-29 16:45:00+00:00,38460.0,50722385.3897022,604.21378,26020529.4045702,0.02599785891981954,149948.0,544898214.74442,6623.876,285224452.23976,0.04689075692252764,-0.0003383110945161942,9.902818503348954e-05
2024-01-29 17:00:00+00:00,35041.0,50478220.7506666,645.46411,27889595.5184467,0.10501499869439823,136635.0,518176196.74652,5886.649,254294514.3467,-0.018501753097334483,-0.00040517466476216893,-6.686357024854317e-05
2024-01-29 17:15:00+00:00,26619.0,39422944.8890449,439.51302,18972880.733907,-0.03747014398311466,104086.0,330702053.80528,3735.642,161235539.8057,-0.024889395451793805,-0.00034393705617496463,6.1237608587561e-05
2024-01-29 17:30:00+00:00,22010.0,30256050.5449398,325.70307,14023054.8944843,-0.07304128318693615,68054.0,248917890.29442,2820.27,121401187.98892,-0.02456840008304173,-0.0004571817803972283,-0.00011324472422202803
2024-01-29 17:45:00+00:00,17678.0,22024613.119345,211.64626,9125763.7125455,-0.1713122348078825,49190.0,154699259.90606,1639.449,70661464.3167,-0.08646667916047368,-0.0004039742854109021,5.3207494985940684e-05
2024-01-29 18:00:00+00:00,16551.0,22396474.8261969,271.98004,11690458.1510505,0.0439551975721022,43707.0,134370734.276,1483.056,63737292.1917,-0.05132181445429318,-0.0003668407204557923,3.713356495538278e-05
2024-01-29 18:15:00+00:00,14004.0,19214806.4327268,229.71771,9889179.9321435,0.0293291235346691,35188.0,106950091.99766,1438.327,61907432.05486,0.15768824315203966,-0.00044174641201662126,-7.490569156054505e-05
2024-01-29 18:30:00+00:00,12027.0,14060855.7346855,177.68479,7643760.8791727,0.08723978446304281,28543.0,68929312.0722,728.636,31340147.0079,-0.09065835518356058,-0.00026744839277578075,0.0001742980192407373
2024-01-29 18:45:00+00:00,13716.0,18649988.2433343,216.32348,9297493.5108836,-0.002949129020859309,29410.0,109247809.271,1286.931,55296433.8692,0.01231199487088519,-0.00037933966246092056,-0.00011189126968425
2024-01-29 19:00:00+00:00,12637.0,14486140.7601107,175.76587,7549763.3390001,0.042342948894886545,36717.0,124343175.51342,1638.143,70331540.0711,0.13124889694504094,-0.0003893503999349089,-1.0010737474530629e-05
2024-01-29 19:15:00+00:00,14435.0,18729542.5561722,249.86252,10757244.5372734,0.14869271419855568,38310.0,147951784.75636,1798.494,77428651.10196,0.046674107101389195,-0.0002698603407839132,0.00011949005915212751
2024-01-29 19:30:00+00:00,12854.0,18386162.4300262,236.01316,10170724.7377242,0.10634557661848176,28986.0,87023555.356,1000.605,43107021.6047,-0.009302218730186551,-0.00026263098290116906,7.229357882110321e-06
2024-01-29 19:45:00+00:00,9633.0,11847041.6212315,160.97257,6936908.9170564,0.1710786775028328,20524.0,49632486.0053,652.832,28123717.407,0.1332786112707236,-0.0004446353153350033,-0.0001820043324354259
2024-01-29 20:00:00+00:00,10089.0,12070491.7109553,80.71172,3474917.3628942,-0.4242293609728708,21231.0,60687803.5796,596.45,25668069.4125,-0.15409463191947725,-0.00021609000686420796,0.00022854530847205012
2024-01-29 20:15:00+00:00,10592.0,12299826.5432588,170.24169,7333727.582601,0.19249284643293052,24169.0,62673322.0332,760.261,32738678.4019,0.044740484142752335,-0.0004227715839279839,-0.00020668157706538182
2024-01-29 20:30:00+00:00,9399.0,14308636.2472305,123.20525,5304559.7883655,-0.2585513117097765,20526.0,51115337.3319,551.242,23722377.5111,-0.0718098031099027,-0.0002676000211729038,0.00015517156275635102
2024-01-29 20:45:00+00:00,8930.0,8182326.7971932,93.29544,4015760.1426729,-0.01843076127185872,17610.0,46873240.4964,531.701,22880790.1464,-0.023716307893954403,-0.0003772986897546981,-0.00010969866858090427
2024-01-29 21:00:00+00:00,12494.0,18756600.6776738,228.73078,9868039.9723049,0.05222051072942446,34845.0,88167018.64628,1083.063,46709993.53458,0.05957974425736845,-0.00045899527206157977,-8.16965823080551e-05
2024-01-29 21:15:00+00:00,10805.0,14739122.9858951,207.55988,8946964.3133816,0.21404296876328077,23841.0,60121530.3293,683.48,29453982.4866,-0.020185204026793913,-0.0003850296267859608,7.396564527795135e-05
2024-01-29 21:30:00+00:00,9106.0,12566826.5661227,132.81534,5732984.2866085,-0.08760031716148298,17844.0,56712479.7658,580.655,25053164.4574,-0.11648495848322582,-0.000344667456687088,4.036217009684151e-05
2024-01-29 21:45:00+00:00,12028.0,13117508.3539209,171.73478,7419612.6111358,0.13125334643572528,31574.0,83777003.6159,1088.705,47024752.4299,0.12261719565666573,-0.0004492399969505367,-0.0001045725402626374
2024-01-29 22:00:00+00:00,8982.0,10789528.1421745,122.04306,5272476.9461314,-0.022667742897457988,18886.0,51471728.6743,617.18,26649493.5189,0.035500233051476204,-0.0004144336478432059,3.4806349107796564e-05
2024-01-29 22:15:00+00:00,6600.0,7738162.2816995,88.58311,3824888.8261408,-0.011421914687280044,17899.0,39402684.3281,388.299,16756559.828,-0.14947115336250993,-0.0005055737819448748,-9.114013410105315e-05
2024-01-29 22:30:00+00:00,8269.0,8293173.2424347,84.20383,3631717.1289474,-0.1241670654208582,21438.0,48009684.292,537.68,23182835.6271,-0.03424336281407192,-0.0004050849806873877,0.00010048880125701487
2024-01-29 22:45:00+00:00,7581.0,6814944.742978,71.7575,3096541.03914,-0.09124984693951577,14482.0,40613540.4318,366.286,15800733.5257,-0.22189824587032647,-0.00032049117226149164,8.459380842573694e-05
2024-01-29 23:00:00+00:00,6419.0,6751346.4801226,68.8584,2969580.7140185,-0.12029971420913521,14604.0,39804046.1817,434.762,18735583.1227,-0.058609115406276224,-0.000489552927315441,-0.0001690617550540452
2024-01-29 23:15:00+00:00,7318.0,8015320.6138008,95.02808,4096291.3281609,0.02211540262229672,15640.0,36964050.1099,436.721,18817313.679,0.01814133586839839,-0.00036692006068393907,0.00012263286663127815
2024-01-29 23:30:00+00:00,6017.0,6707097.5308168,68.41761,2949584.8779789,-0.12045862925756645,13454.0,32376301.2832,432.801,18651376.931,0.15216230339925607,-0.0004455645515726884,-7.864449089112213e-05
2024-01-29 23:45:00+00:00,13855.0,18339652.5632254,252.87686,10933657.2806978,0.1923516264012468,42181.0,156079310.61727,2095.559,90592768.87537,0.1608555742217126,-0.0005142075375340488,-6.864298596021001e-05
2024-01-30 00:00:00+00:00,7862.0,8901120.6811743,119.6189,5176465.4817729,0.16310421287086352,25001.0,73540114.2801,854.865,36980787.9062,0.0057310426618963906,-0.000346458733301673,0.00016774880423220395
2024-01-30 00:15:00+00:00,10529.0,14397082.1197507,136.90652,5916367.5421166,-0.17811574694011012,36055.0,130947462.24242,1099.507,47478214.5966,-0.274850939704281,-0.00039138898427004183,-4.493025096685699e-05
2024-01-30 00:30:00+00:00,7012.0,8868517.5023763,120.45882,5209198.2326093,0.1747618993171085,21804.0,65731263.4544,828.855,35828346.3323,0.0901462850217487,-0.00031658550094852266,7.480348332045139e-05
2024-01-30 00:45:00+00:00,7644.0,10260639.6729314,76.86368,3322105.600533,-0.3524564342129567,21552.0,65380541.15142,519.516,22440428.813,-0.31354410906363017,-0.0005218495364281206,-0.00020526403547904692
2024-01-30 01:00:00+00:00,5969.0,7305952.5266328,83.98053,3627559.4101305,-0.006957847889990099,12780.0,32590023.8535,363.758,15703198.4019,-0.03631869234035201,-0.00037122854130991733,0.00015062099511808924
2024-01-30 01:15:00+00:00,16305.0,20849196.145649,276.80203,11981867.3532257,0.1493841076195339,36452.0,178162393.56667,2696.579,116804503.32497,0.31121389858585036,-0.00023061135171273704,0.00014061718959546
2024-01-30 01:30:00+00:00,20253.0,24359564.0385053,336.66158,14617417.4668593,0.20013785499227033,77606.0,251639452.31267,3238.919,140600838.53427,0.11747849744617156,-0.00028312408044331373,-5.2512728728970615e-05
2024-01-30 01:45:00+00:00,19795.0,33481188.5682489,429.34404,18676301.5342941,0.11562954201723463,61611.0,235401572.17449,3218.563,140017136.08019,0.18960238699173293,-0.0003848540740063281,-0.00010172999356328205
2024-01-30 02:00:00+00:00,15661.0,29300337.6685097,392.93692,17060785.4853653,0.16454531537370243,40383.0,141548072.69701,1731.679,75169216.4713,0.06210158907925334,-0.00040086754627613247,-1.6013472270870466e-05
2024-01-30 02:15:00+00:00,11459.0,15393782.9178815,229.22608,9972581.7496096,0.2956635549310491,39199.0,108746735.22743,1438.353,62570552.81583,0.15075735717438543,-0.00027542898237851646,0.00012543856389868324
2024-01-30 02:30:00+00:00,9826.0,12180828.7128595,153.29028,6672256.9710763,0.09553415918775543,24773.0,66348656.1886,711.902,30979754.7261,-0.0661527601090155,-0.0005227037186612132,-0.0002472747362816108
2024-01-30 02:45:00+00:00,27836.0,34923452.2841328,487.19042,21273230.5607658,0.21827764263907712,87946.0,347369754.37298,4871.615,212739551.23151,0.22485938141342032,-0.0003570790968132168,0.00016562462184843696
2024-01-30 03:00:00+00:00,16483.0,17630614.9965564,213.00935,9304551.9752324,0.055499422686021704,49779.0,146101385.50387,1592.878,69553401.5018,-0.04787485400051006,-0.0003864082938963418,-2.9329197083427516e-05
2024-01-30 03:15:00+00:00,13845.0,16389837.3322083,179.09654,7809956.2890577,-0.046975741033127405,40290.0,115590745.2764,1178.71,51378988.7608,-0.11101898966145052,-0.0003411101503006573,4.529814359521822e-05
2024-01-30 03:30:00+00:00,16065.0,18870167.7333509,196.07359,8535117.538811,-0.09538509043285925,28628.0,95334204.40263,1048.13,45607500.494,-0.04320803263048323,-0.0004449349425006255,-0.00010382479220005791
2024-01-30 03:45:00+00:00,10464.0,14780134.7320754,186.59121,8119729.8650402,0.0987355680079165,27302.0,80517933.2123,957.831,41663474.4057,0.03488683187748398,-0.0003374634154721561,0.00010747152702883511
2024-01-30 04:00:00+00:00,12482.0,14987549.7367315,193.0893,8403517.3389284,0.12139976000654085,20760.0,63505758.1751,792.7,34486939.0777,0.08610431774112715,-0.0003863363833624969,-4.8872967891355756e-05
2024-01-30 04:15:00+00:00,8958.0,13192416.2932913,158.84003,6915369.7443126,0.048385616489263095,21012.0,65438487.5822,810.66,35276944.4823,0.07817114318197427,-0.0004021916859338291,-1.5855302569534047e-05
2024-01-30 04:30:00+00:00,6849.0,10233250.612875,86.49356,3762426.1949889,-0.2646664608692002,23576.0,72108510.5669,492.784,21421010.2375,-0.4058673499398864,-0.00032983500607961457,7.235667985305838e-05
2024-01-30 04:45:00+00:00,6536.0,6926699.3215724,43.76345,1901352.2940939,-0.4510077005443677,20414.0,59460596.47106,663.789,28823335.8013,-0.030506334885874398,-0.00031675550483546293,1.3079501243851155e-05
2024-01-30 05:00:00+00:00,5271.0,5201663.9139241,56.85308,2469107.9977955,-0.0506468550626441,12624.0,36767056.9861,406.714,17659148.4174,-0.039403756244284605,-0.0003153313844540733,1.4241203807330294e-06
2024-01-30 05:15:00+00:00,5661.0,5933557.29624,76.40319,3317994.2893217,0.11838282624295537,13640.0,40923131.64941,455.897,19789879.2205,-0.03282674502818428,-0.00044377981834166146,-0.00012844843388748473
2024-01-30 05:30:00+00:00,5929.0,6623094.3092261,47.80279,2076545.7284679,-0.3729378953353477,16571.0,50412033.0539,459.068,19931827.3139,-0.20924326568662266,-0.00036442338470891403,7.93564336341035e-05
2024-01-30 05:45:00+00:00,6853.0,9909591.3840331,115.91894,5030705.4992534,0.01532047171171147,21735.0,74610895.4989,931.424,40410601.6981,0.08323593834082277,-0.0004223116545325113,-5.788826982389139e-05
2024-01-30 06:00:00+00:00,6207.0,5778715.4323533,35.85514,1554868.448762,-0.46186363839383526,15477.0,57469811.7144,452.834,19628980.4527,-0.3168942139484463,-0.0003122818348157452,0.00011002981971586223
2024-01-30 06:15:00+00:00,6001.0,7716261.1730169,90.5931,3929416.9458385,0.018476917183501307,13262.0,38163778.5277,465.654,20189071.5752,0.05802267773597869,-0.0003612993766596047,-4.901754184238882e-05
2024-01-30 06:30:00+00:00,6043.0,7312103.6883056,75.96074,3295556.323733,-0.09860240931658226,15946.0,50646797.7325,616.837,26755299.0776,0.05654455071030684,-0.00032318335654044913,3.81160201179398e-05
2024-01-30 06:45:00+00:00,11267.0,11207083.3382797,93.19931,4036161.7377351,-0.2797123719159109,31318.0,115420242.669,1096.722,47469104.0296,-0.17745617351141763,-0.00024362434632028876,7.955901022071998e-05
2024-01-30 07:00:00+00:00,5931.0,8121800.3946973,121.53191,5265610.0209607,0.2966607808777475,15320.0,46226080.684,574.016,24860149.9503,0.0755897788628539,-0.0002926085891806174,-4.898424286103875e-05
2024-01-30 07:15:00+00:00,7597.0,10879816.047132,158.60384,6876551.2414692,0.26409329196000697,17854.0,53397995.4554,635.72,27549842.8618,0.03186805522730385,-0.0005163758006681538,-0.0002237672114873135
2024-01-30 07:30:00+00:00,8414.0,10370244.071787,145.05357,6297510.5775079,0.21453468865612013,19922.0,72387079.37521,1079.838,46865628.64681,0.2948617087833443,-0.00047069856311181615,4.5677237556773775e-05
2024-01-30 07:45:00+00:00,9443.0,13802466.0076868,91.98099,3991879.0901637,-0.4215701617463774,14488.0,50171384.4065,479.848,20818561.1115,-0.17010218642470498,-0.0003482339844676345,0.00012246457864328875
2024-01-30 08:00:00+00:00,9499.0,12313811.8633843,78.58347,3407962.8007744,-0.44648126208454786,13461.0,36235673.3967,346.096,15004755.3998,-0.17182411732596692,-0.0002687277602143872,7.950622425312304e-05
2024-01-30 08:15:00+00:00,14149.0,14851537.0263935,168.92763,7313625.8387938,-0.015101827400578749,39256.0,135365667.1793,1437.722,62209537.4577,-0.0808668290268949,-0.0003506311396371113,-8.190337942082238e-05
2024-01-30 08:30:00+00:00,10837.0,14172895.8417779,198.62182,8623069.998869,0.21683953584848892,24445.0,80563185.35621,1105.159,47955497.28211,0.19050648432220862,-0.0004358852182694115,-8.525407863402279e-05
2024-01-30 08:45:00+00:00,13378.0,14348494.1485574,90.99112,3952384.8145332,-0.449087162232899,18935.0,65275513.1798,669.831,29081136.5255,-0.10897256539686984,-0.0003962713681285563,3.961385013973029e-05
2024-01-30 09:00:00+00:00,7995.0,10224660.9023047,100.4624,4359645.0011857,-0.14722942054674693,14813.0,38117800.5293,428.321,18580563.7029,-0.02509780496817049,-0.00047211255118726245,-7.584118305814513e-05
2024-01-30 09:15:00+00:00,7172.0,7970282.5026126,107.49855,4667684.2282199,0.17127196600368122,11942.0,34538917.3242,393.014,17059085.9158,-0.012181780009218657,-0.0004882835089436101,-1.617095775685584e-05
2024-01-30 09:30:00+00:00,7211.0,9050658.7566461,74.58656,3237258.4665184,-0.28463583622767596,13071.0,32273171.9798,314.485,13648382.9498,-0.15419637348676996,-0.00032173697680689604,0.00016654653213699078
2024-01-30 09:45:00+00:00,7918.0,15378824.9848756,203.71154,8838939.6835072,0.14949480109174917,14934.0,50525646.4613,600.934,26067733.3538,0.031861447780446195,-0.0002786103010040428,4.312667580386176e-05
2024-01-30 10:00:00+00:00,7647.0,6383596.0924457,50.10384,2173672.6558451,-0.31898177003479034,16601.0,46681635.8946,463.999,20114398.5162,-0.13823077830368935,-0.0002839449904518979,-5.334689447522578e-06
2024-01-30 10:15:00+00:00,8257.0,10619373.3818339,110.47453,4785261.1629266,-0.09876769732712509,17942.0,60370989.6274,606.086,26242935.5038,-0.13061105455560162,-0.00029709597561136973,-1.315098515952684e-05
2024-01-30 10:30:00+00:00,8371.0,8875474.5227011,107.58031,4664229.0435668,0.051037672777257015,13466.0,37580557.3694,509.786,22097161.9913,0.17598905061970327,-0.0004449019041651523,-0.000147805928552458
2024-01-30 10:45:00+00:00,9000.0,10127190.5911257,135.82416,5899983.5806713,0.1651767639963968,23157.0,89334619.5029,1233.452,53562143.728,0.1991352070685486,-0.0004564800038935167,-1.1578099730513713e-05
2024-01-30 11:00:00+00:00,8733.0,11574935.6932178,163.8291,7121629.8544701,0.2305260337027939,23161.0,77962868.4876,967.128,42027144.1869,0.07813232124942715,-0.0004119793341720066,4.450066972161437e-05
2024-01-30 11:15:00+00:00,8777.0,9767204.9998396,118.0095,5130300.3519706,0.05051554708943873,27439.0,91737845.07183,1002.837,43593571.76843,-0.04960549848763984,-0.00044645843963755667,-3.447910546405808e-05
2024-01-30 11:30:00+00:00,7754.0,8749183.1039346,113.90622,4950395.9394652,0.13162471985274937,14926.0,43968815.4371,568.103,24681097.6168,0.12266375027126997,-0.00043639708778118894,1.0061351854773193e-05
2024-01-30 11:45:00+00:00,12510.0,14250237.8101613,220.44787,9587024.758737,0.3455248798586166,20069.0,58520880.1178,729.907,31732754.8496,0.08449342476474508,-0.0004744487380945314,-3.8051650312453944e-05
2024-01-30 12:00:00+00:00,14545.0,12709518.3428117,190.83945,8306240.0272219,0.30708966353863065,26418.0,86185972.1651,1107.937,48207485.7901,0.11868520082949319,-0.0005592115309297546,-8.476279283442523e-05
2024-01-30 12:15:00+00:00,27525.0,22774755.6023539,302.40699,13189812.6605403,0.15828357421996286,55127.0,187871917.72489,2622.615,114363508.25649,0.21746251000597194,-0.0004913631116340657,6.784841929352581e-05
2024-01-30 12:30:00+00:00,39013.0,47493617.372214,639.51929,27965107.9606658,0.17763647024396612,126733.0,487416149.46892,5426.891,237212123.46499,-0.02665464111744298,-0.0005533936278867062,-6.203051625064404e-05
2024-01-30 12:45:00+00:00,36408.0,45784791.1488177,550.98894,23927383.1317345,0.04521097645554617,114371.0,437408867.52632,4785.769,207667925.62191,-0.050463120254807814,-0.00034837940484151194,0.00020501422304342043
2024-01-30 13:00:00+00:00,25741.0,33113576.0844981,393.47792,17048645.4776388,0.029707297945389177,84123.0,291795453.59841,3608.584,156311238.80201,0.07137542325890256,-0.0002611269058174833,8.725249902497012e-05
2024-01-30 13:15:00+00:00,17776.0,21030277.2173181,221.51181,9609059.8966809,-0.08616897462787676,54034.0,191140315.0124,2115.199,91706678.8305,-0.04042557610569342,-0.00036235038846187627,-0.00010122348264296477
2024-01-30 13:30:00+00:00,22670.0,33105152.7097683,329.90535,14254336.1025282,-0.13884486638708726,76445.0,301343033.63082,2941.726,127063459.7529,-0.15668560031444156,-0.00033425824111262686,2.8092147347891228e-05
2024-01-30 13:45:00+00:00,14151.0,15910049.3436406,220.5147,9529676.4486795,0.19794429832973504,38770.0,143525428.83692,1711.951,73953150.1743,0.030523312469302954,-0.0003791542038252706,-4.489596271284313e-05
2024-01-30 14:00:00+00:00,10974.0,15443768.6530856,188.46388,8153794.2361705,0.055933227093686755,27701.0,87909896.1419,1084.652,46905266.396,0.0671214153247941,-0.0003652982425783685,1.3855961245923254e-05
2024-01-30 14:15:00+00:00,14803.0,18121620.2209289,177.45668,7662094.4766907,-0.15436982087930018,45194.0,143643525.52322,1434.139,61899369.3036,-0.13815302042842226,-0.0004877932501919583,-0.00012249500761285503
2024-01-30 14:30:00+00:00,18260.0,19646705.1328341,271.71227,11771882.7803845,0.19835694594011222,54047.0,201338004.23251,2766.303,119830412.60531,0.19034072143604774,-0.0003911004757462234,9.66927744467938e-05
2024-01-30 14:45:00+00:00,19924.0,26963375.768177,329.84686,14316028.6573491,0.06188696700546781,54571.0,181273300.38614,1993.374,86513048.95104,-0.04549595812782237,-0.0005100704463949767,-0.00011896997064830828
2024-01-30 15:00:00+00:00,15834.0,12750120.4849121,157.40602,6833880.0955344,0.07197106154742561,29631.0,96259571.5064,1099.889,47733579.8728,-0.008232030834952497,-0.00043690833868147605,7.316210771257659e-05
2024-01-30 15:15:00+00:00,16955.0,24838921.7948296,320.86252,13934663.6032122,0.12200229287833264,39328.0,132208037.1269,1394.082,60513303.2768,-0.08457451465350396,-0.00044428842645878933,-7.380087778230404e-06
2024-01-30 15:30:00+00:00,20156.0,31466136.7237355,436.99151,19021558.2887727,0.2090177104216533,57488.0,213165556.8123,2720.012,118388365.27007,0.11076448785124571,-0.0004714535648680831,-2.7165138408946632e-05
2024-01-30 15:45:00+00:00,17657.0,23782137.7722472,301.04502,13097578.4627681,0.10146350914276914,44160.0,159005782.0935,1589.068,69106815.8852,-0.13076348576351526,-0.0005859462682595352,-0.00011449270339269901
2024-01-30 16:00:00+00:00,26702.0,34203133.4267802,367.65574,15974921.7630114,-0.06587963367687044,66859.0,227615836.64181,2074.553,90036325.6102,-0.2088746816691266,-0.0004611961202914937,0.0001247501479699764
2024-01-30 16:15:00+00:00,19849.0,24522493.8490442,267.45927,11592770.2617108,-0.054519468282982486,46286.0,143539024.7542,1518.836,65796035.1487,-0.08323140328742162,-0.0004155882596104029,4.5607860680974e-05
2024-01-30 16:30:00+00:00,17530.0,22869640.5134212,246.06579,10650775.4375299,-0.06856643144176922,49983.0,169682863.6693,1822.947,78864259.5367,-0.07045110117423625,-0.0004118894498914637,3.6988097189549762e-06
2024-01-30 16:45:00+00:00,12287.0,16533208.2442292,246.73292,10696068.9510198,0.2938890979919988,29565.0,90634897.8956,1216.445,52711360.4338,0.16315815778855614,-0.00043559928276456697,-2.3709832873919368e-05
2024-01-30 17:00:00+00:00,20579.0,16033422.0162799,221.53082,9625120.4150568,0.2006320803236783,35903.0,116738977.45381,1500.986,65206979.42871,0.11714152121146304,-0.00023520531658636937,0.0002003939661801013
2024-01-30 17:15:00+00:00,17445.0,19907623.6331899,251.55155,10946231.1747764,0.09970244329181432,42550.0,133715453.50483,1462.343,63631837.46503,-0.04825005940347016,-0.0004076678419420087,-0.00017246252535585427
2024-01-30 17:30:00+00:00,12452.0,18651103.5587611,202.3729,8789415.6446136,-0.057491089798287986,28666.0,97404467.57811,1134.769,49269894.3453,0.011655739625901385,-0.0003331403484734008,7.452749346725795e-05
2024-01-30 17:45:00+00:00,12810.0,12386141.0441043,114.30262,4955317.6117277,-0.1998609423091643,27704.0,82036221.9905,753.977,32671220.1969,-0.2034928131945567,-0.00036757609839324846,-3.4435749919126124e-05
2024-01-30 18:00:00+00:00,15187.0,14245276.5814277,222.29238,9642075.6238658,0.3537224874154665,23788.0,69238580.781,985.147,42716398.6114,0.23389006907899978,-0.0004588788938729897,-9.130279548053011e-05
2024-01-30 18:15:00+00:00,8991.0,11749163.0815765,128.08278,5560129.1220521,-0.05352762857283577,16513.0,44618216.4262,489.88,21257411.3339,-0.047142040334110735,-0.00039022915566883987,6.864973820519538e-05
2024-01-30 18:30:00+00:00,11427.0,14345359.0936601,165.81105,7183687.7756792,0.0015347442719666482,28352.0,115127985.7966,1102.243,47732730.8975,-0.1707883957627675,-0.0004322955769482586,-4.206642128146143e-05
2024-01-30 18:45:00+00:00,16010.0,16356196.4740589,220.52038,9579557.7252823,0.17136740689995733,28713.0,101918197.08451,1335.499,57995454.47091,0.13807850079648665,-0.000382773009808645,4.952256714041425e-05
2024-01-30 19:00:00+00:00,11958.0,16688605.3162433,172.36417,7482253.5386885,-0.10330990554304775,22279.0,83385890.4108,781.826,33914027.0751,-0.18657636422606305,-0.00038119735864972483,1.575651159768654e-06
2024-01-30 19:15:00+00:00,10626.0,10988044.7984112,120.32644,5219335.575145,-0.049997397917474484,15854.0,39146803.0764,404.603,17543402.3243,-0.10371213250482791,-0.0004313439820680637,-5.014662341906728e-05
2024-01-30 19:30:00+00:00,10025.0,12859463.9895207,175.03145,7601124.0185691,0.1821836469643412,17566.0,56701787.2517,694.705,30157023.9882,0.06370629392447769,-0.00037997727502244583,5.136670704608548e-05
2024-01-30 19:45:00+00:00,8179.0,7180348.6320729,88.40022,3837414.5070648,0.06886579014394556,12839.0,35320858.1868,361.042,15667040.1661,-0.11287318766478704,-0.000447067452409714,-6.709017738693035e-05
2024-01-30 20:00:00+00:00,15509.0,17880860.4786159,264.79337,11512306.4582076,0.2876680595965069,29970.0,101914924.47823,1448.909,63008608.35053,0.23649423620952081,-0.0005255355737181503,-7.84681213090721e-05
2024-01-30 20:15:00+00:00,13915.0,21423890.0814772,202.37387,8809158.518934,-0.17763221474420487,32326.0,87017076.4515,752.488,32743194.3273,-0.24743060414010098,-0.0005245775988600378,9.579748585508696e-07
2024-01-30 20:30:00+00:00,21692.0,30944457.783771,435.59832,18989772.7287248,0.22734564369611254,50227.0,190721679.81599,2497.3,108896663.85559,0.1419432123359492,-0.0005336495216944342,-9.071922834280599e-06
2024-01-30 20:45:00+00:00,24009.0,33265790.4925764,363.49286,15878799.9495749,-0.04533758468066973,58541.0,226369617.50867,2631.188,114907853.2849,0.015223284374715096,-0.0005252520655160043,8.39745617930987e-06
2024-01-30 21:00:00+00:00,17900.0,25882873.4778079,294.88799,12861585.278845,-0.006170216002285622,31934.0,101872566.1436,949.32,41382856.7272,-0.1875564090755002,-0.00045693398099119775,6.831808452290034e-05
2024-01-30 21:15:00+00:00,14200.0,25248655.1793589,291.25105,12683829.6490051,0.004713285432666803,32629.0,98474455.95083,1123.403,48900705.6713,-0.0068347126341683495,-0.0003970591951676415,5.987478582447636e-05
2024-01-30 21:30:00+00:00,11453.0,17678570.2382755,270.71185,11804990.3081761,0.3355141449863819,20912.0,57086704.65297,771.966,33648988.82067,0.1788730502214888,-0.00044157106981094764,-4.4511874644825866e-05
2024-01-30 21:45:00+00:00,10359.0,10395450.6955492,132.57345,5783985.2585402,0.11279162932620257,21392.0,56376987.2605,551.696,24064628.6767,-0.14629603864764684,-0.00047555349432030396,-3.398242450813882e-05
2024-01-30 22:00:00+00:00,7834.0,9065218.0394418,114.70889,4996688.1728109,0.10238676026783722,13939.0,31541415.8723,371.18,16159928.5934,0.024679973709855973,-0.00040356214767312785,7.199134664759299e-05
2024-01-30 22:15:00+00:00,11435.0,11003239.208165,130.79611,5693030.3992965,0.034791717528409816,19666.0,53968595.16453,572.837,24920158.9865,-0.07649406435250794,-0.0006342815595355511,-0.00023071941186358913
2024-01-30 22:30:00+00:00,9399.0,12085793.582427,149.61621,6513539.3603593,0.07788360208801248,13158.0,32003315.2553,318.057,13838457.4813,-0.13518600364327926,-0.0005564169286477751,7.786463088876872e-05
2024-01-30 22:45:00+00:00,8392.0,8172523.1903095,76.07335,3307655.1402835,-0.19054248895726023,14073.0,37180228.9248,352.993,15339677.2009,-0.17484761958159378,-0.000542530566313499,1.388636233379259e-05
2024-01-30 23:00:00+00:00,12295.0,12235507.7650497,66.67454,2894126.2825065,-0.5269299259041018,24066.0,66572387.66267,504.221,21869455.2106,-0.3429872060045356,-0.0005025753919798801,3.995517433530438e-05
2024-01-30 23:15:00+00:00,17344.0,18769461.7582348,135.28806,5856921.5351832,-0.3759094841796867,42982.0,159591633.1887,1390.759,60166002.7789,-0.246000538038731,-0.0004399777766418885,6.259761533655706e-05
2024-01-30 23:30:00+00:00,26723.0,30234361.9295234,242.12453,10429227.3194905,-0.31010766201706963,71582.0,329158392.68368,2724.336,117273566.286,-0.2874338379778184,-0.0006451683076594258,-0.0002051905310160862
2024-01-30 23:45:00+00:00,30609.0,43407322.2539474,445.397,19098931.7797464,-0.12001336235341864,101286.0,376440559.53928,4028.798,172667732.42859,-0.08262949858583002,-0.0004303533089373831,0.00021481499872066934
2024-01-31 00:00:00+00:00,21297.0,25257388.6972425,323.55564,13867249.6355052,0.09807469028016902,71997.0,232155028.75707,2920.618,125090822.83799,0.07764904777390491,-0.0005311008587510829,-0.00010074754981381773
2024-01-31 00:15:00+00:00,21950.0,25357188.0873037,309.81169,13330624.7608948,0.05142768314830781,59240.0,201206722.90962,2703.387,116265926.57122,0.15568630003924344,-0.00041384666409486227,0.00011725419465591358
2024-01-31 00:30:00+00:00,21384.0,24257725.8448465,249.9972,10741722.4148609,-0.1143669045016471,57575.0,194031988.34408,2079.273,89302514.39826,-0.07950730020971153,-0.000434826519555278,-2.0979855460012686e-05
2024-01-31 00:45:00+00:00,13374.0,12790275.7088959,125.83358,5405901.045005,-0.1546857678376573,33735.0,90155497.93952,794.568,34118004.3357,-0.2431298120368044,-0.0002935163335866376,0.00014131018596863498
2024-01-31 01:00:00+00:00,13446.0,14191448.5906357,169.05474,7253600.817084,0.022249528757807946,31649.0,97482096.5589,1094.989,46965110.6969,-0.036436179467620566,-0.00047084199461722083,-0.00017732566102957037
2024-01-31 01:15:00+00:00,12110.0,11930943.8204701,135.94879,5837280.1051221,-0.021488962992686322,24639.0,61645831.4271,677.148,29066973.4071,-0.05696872816214704,-0.00033359811534826013,0.00013724387926750126
2024-01-31 01:30:00+00:00,11751.0,12292489.0716458,137.36251,5884540.2715679,-0.04257953986856167,32943.0,93357146.81969,889.368,38079384.0834,-0.18422133964855358,-0.00045836815431421225,-0.00012477003896549377
2024-01-31 01:45:00+00:00,12110.0,13657642.2794849,194.26491,8316601.5399768,0.21786782371202396,29218.0,84311321.7302,1072.25,45885249.6152,0.08847183684380733,-0.00044064360846380956,1.7724545850583695e-05
2024-01-31 02:00:00+00:00,9760.0,10889688.4276027,133.91779,5731067.2726562,0.052567722347196755,29020.0,86626588.7684,991.966,42433503.8817,-0.02031225089220945,-0.0002786553308758502,0.00016198827758806544
2024-01-31 02:15:00+00:00,9190.0,10526808.2622357,115.36505,4937797.9486746,-0.061862280442846695,22269.0,49116559.4011,604.8,25875797.2624,0.05364860967116081,-0.0004207118515838964,-0.00014205652070842234
2024-01-31 02:30:00+00:00,16506.0,24417015.2529494,310.84661,13287871.8902099,0.08841082765878361,49403.0,156259455.72583,2019.717,86348024.77199,0.10518783482126914,-0.00037692517780963937,4.3786673773027474e-05
2024-01-31 02:45:00+00:00,9124.0,10305084.1677449,131.36985,5625433.6684087,0.09177830609407533,24584.0,64017837.3335,857.702,36720583.9118,0.14719851345507484,-0.0003556771167458213,2.12480610652932e-05
2024-01-31 03:00:00+00:00,6736.0,8249667.4077062,112.98731,4836751.7910418,0.17259316091305243,22926.0,59564601.5038,819.053,35067094.3576,0.17744745947348806,-0.00040583753527927494,-5.0160418533451434e-05
2024-01-31 03:15:00+00:00,8951.0,9129290.3557776,103.06049,4421334.869782,-0.03139571697730148,18434.0,49752474.61532,685.103,29378738.49962,0.18099607011602092,-0.00027423441995555594,0.00013160311532445235
2024-01-31 03:30:00+00:00,10267.0,7836019.8015387,80.02155,3435887.8016399,-0.12305280265748675,19804.0,60464865.87738,810.833,34811347.03498,0.151457016561513,-0.0003300200545666082,-5.578563461128283e-05
2024-01-31 03:45:00+00:00,7726.0,10612049.2844211,154.21625,6624205.8915039,0.24843104549627215,18064.0,49660038.5513,715.336,30719418.869,0.23718868390591807,-0.0004300710986834927,-0.00010005104411803245
2024-01-31 04:00:00+00:00,5895.0,4285011.5617928,34.65283,1487815.3190724,-0.30557231987961553,13029.0,31634927.2568,256.285,11000555.8929,-0.30453098225250985,-0.00028119444221704073,0.000148876656467678
2024-01-31 04:15:00+00:00,6525.0,8197548.9023916,79.8587,3429329.2506906,-0.1633281383194658,16184.0,50744083.3801,642.317,27578926.5134,0.08698097103535285,-0.00038510874562272535,-0.00010391430340739305
2024-01-31 04:30:00+00:00,4507.0,3868053.6392002,34.76303,1493545.4875366,-0.2277534766320244,11487.0,26667921.093,254.901,10946774.2843,-0.17903054789123451,-0.0004024722283278817,-1.736348270497956e-05
2024-01-31 04:45:00+00:00,6038.0,5615331.6341234,49.09851,2106933.540006,-0.24957823427470283,13365.0,36975261.9976,287.046,12312920.9636,-0.3339914148871096,-0.00031680437827714643,8.566785005115207e-05
2024-01-31 05:00:00+00:00,5834.0,8079721.5272717,89.02277,3823179.4435971,-0.05363583863809651,11987.0,31645372.0892,442.097,18982653.9228,0.19971121649591472,-0.00025932867540621183,5.7475702870846135e-05
2024-01-31 05:15:00+00:00,7205.0,9245611.2824944,121.10479,5207591.4607609,0.1265001959623655,15451.0,48791127.5923,661.93,28452350.5259,0.16629198503664933,-0.0002839276050233107,-2.4598929616814758e-05
2024-01-31 05:30:00+00:00,5435.0,6149595.220196,55.86451,2399217.2396951,-0.21971539466019285,11865.0,30197329.1114,270.091,11594675.7108,-0.23207276590413328,-0.0004146835301932699,-0.00013075592516997858
2024-01-31 05:45:00+00:00,5470.0,4979502.8349144,79.31096,3407893.9887495,0.3687687713940555,13734.0,39592816.578,465.499,19996337.7769,0.010099280888800966,-0.00032792261320245536,8.676091699122424e-05
2024-01-31 06:00:00+00:00,8880.0,9514566.3493917,123.60735,5317681.0842699,0.11779788778494948,21486.0,66612407.73776,701.422,30168842.49196,-0.09419750714525066,-0.0003513879277390836,-2.346531453589762e-05
2024-01-31 06:15:00+00:00,5769.0,5056313.1215697,49.18382,2114592.4567471,-0.16358326476005947,10989.0,33436713.0214,428.826,18432640.3758,0.10253901835403689,-0.0002882508486309303,6.313707910798882e-05
2024-01-31 06:30:00+00:00,6934.0,8874446.2439876,97.10595,4177116.9937001,-0.05861912307371753,16760.0,59308765.2879,665.977,28645186.3157,-0.03403194530694087,-0.00035814633972501835,-6.98954910944849e-05
2024-01-31 06:45:00+00:00,7302.0,9497979.4300728,91.16847,3917891.272175,-0.17500531538949216,16380.0,45128423.46482,372.695,16006675.5491,-0.29061667480681863,-0.00046678141101972215,-0.00010863507129421635
2024-01-31 07:00:00+00:00,7689.0,6613193.0983888,69.41926,2981879.2648047,-0.09820287403034167,16708.0,47772459.1908,465.692,19996426.9059,-0.16284707780959695,-0.00041264164195484073,5.4139769062544474e-05
2024-01-31 07:15:00+00:00,6570.0,5169261.6979577,61.4079,2638423.6926142,0.020812582832323123,11797.0,32721003.5464,324.683,13946228.2971,-0.14756720237363385,-0.0004243688333937681,-1.1727191438382079e-05
2024-01-31 07:30:00+00:00,7765.0,13333615.8195455,99.12046,4261995.4668417,-0.36071422418004284,16033.0,46121202.5165,479.863,20627633.9161,-0.10550320500770127,-0.000321274828717363,0.00010309400467889418
2024-01-31 07:45:00+00:00,7731.0,9889541.5886415,93.32615,4014636.348622,-0.18810466336822806,13801.0,38708183.88736,513.273,22077147.91796,0.140696653824113,-0.00019495399182408013,0.0001263208368929014
2024-01-31 08:00:00+00:00,7761.0,7965291.7604037,90.13758,3879722.1826391,-0.02584304521634584,16487.0,54878933.4401,634.418,27303976.4006,-0.0049377898204922,-0.00042773364207961817,-0.00023277965025592096
2024-01-31 08:15:00+00:00,9202.0,12684463.6405542,143.40199,6170372.5737266,-0.027097597725936118,24861.0,85454727.9728,771.725,33174512.8423,-0.2235768896752125,-0.0003681701253022412,5.956351677660621e-05
2024-01-31 08:30:00+00:00,7161.0,6258371.9234659,80.67171,3466565.3667054,0.10781698789982053,14560.0,40213546.9997,493.269,21191729.8456,0.05395974375292467,-0.0002935613549189955,7.460877038312219e-05
2024-01-31 08:45:00+00:00,7221.0,5974300.9848526,68.54851,2947703.4716555,-0.013205568608215423,11784.0,26721413.5106,246.022,10574643.797,-0.20852661534501604,-0.00030713635873176587,-1.3575003812604791e-05
2024-01-31 09:00:00+00:00,6482.0,5249122.6044614,68.70248,2953205.9485936,0.12521888747028864,9288.0,19984726.8718,216.123,9286615.5917,-0.07062872049513624,-0.00031439621931650315,-7.259860584696298e-06
2024-01-31 09:15:00+00:00,13933.0,16792243.1592443,140.07124,6007282.723938,-0.28451694428556074,36939.0,146982048.33882,1321.38,56644969.3924,-0.2292260172912658,-0.00031099217493629105,3.404044379706761e-06
2024-01-31 09:30:00+00:00,13294.0,16662801.7995173,171.24944,7335869.4800934,-0.11949147948145067,33147.0,112001402.28479,1090.624,46709397.6603,-0.16591405629850353,-0.0003532482215641705,-4.2256046627997534e-05
2024-01-31 09:45:00+00:00,10555.0,14608701.9778022,171.11162,7325716.2526079,0.002925005074271958,28884.0,99718801.7579,1198.42,51286680.7184,0.028626092858901275,-0.00024998450856447777,0.00010326371300095616
2024-01-31 10:00:00+00:00,17140.0,24639739.9398788,253.5812,10839185.0801255,-0.12018673033293248,47991.0,186531927.308,1640.423,70096848.5266,-0.24841983312747684,-0.00018291782116155962,6.706668740186217e-05
2024-01-31 10:15:00+00:00,15997.0,25756989.3571318,310.88815,13265892.7977332,0.030081009375424905,53805.0,192295809.7845,2422.023,103315061.6788,0.07454303652879402,-0.00032869756055849874,-0.0001457797393964455
2024-01-31 10:30:00+00:00,11447.0,16429350.0547111,180.61854,7713630.8402193,-0.06099379287284412,30354.0,109697457.4964,1476.037,63023662.1277,0.14904508392581994,-0.0003839404384988231,-5.5242877939676305e-05
2024-01-31 10:45:00+00:00,13242.0,13271830.4133722,145.56968,6219976.9153464,-0.06267986832029082,24730.0,80655638.547,909.932,38861780.8573,-0.03635302980945865,-0.0004310588518355886,-4.711841333815414e-05
2024-01-31 11:00:00+00:00,31406.0,45509242.9879456,463.33785,19697514.8085216,-0.1343510234288433,104957.0,424768248.6254,4322.432,183688534.057,-0.1351117478698669,-0.00020835144882580225,0.0002227074030098919
2024-01-31 11:15:00+00:00,19965.0,23622776.1619077,308.626,13098552.877314,0.10897659001110416,62376.0,202073157.8235,2595.086,110092668.7559,0.0896317941649627,-0.00039294441753938983,-0.00018459296871320419
2024-01-31 11:30:00+00:00,15474.0,13203702.7994591,180.68241,7680629.4384256,0.163405380305931,31190.0,87611060.8644,1079.128,45861731.4554,0.04693930202220664,-0.0003038107802301732,8.913363731011259e-05
2024-01-31 11:45:00+00:00,10494.0,9894947.5996795,143.85199,6122841.6738662,0.2375692972976473,26074.0,78880655.86449,1092.444,46492503.78629,0.17880621748784664,-0.00035843363477726034,-5.462285454882476e-05
2024-01-31 12:00:00+00:00,11529.0,10528933.9914489,148.66726,6336613.1389848,0.20365711175150247,26948.0,89276653.5802,1217.241,51874460.2129,0.16210583915535204,-0.0004169882672833219,-5.8554632504481674e-05
2024-01-31 12:15:00+00:00,11590.0,15173684.1134651,175.86013,7490166.1130167,-0.012742580245236557,26156.0,88542171.5915,924.1,39345169.1014,-0.11126713081030604,-0.00022657408922870302,0.000190414178053544
2024-01-31 12:30:00+00:00,18504.0,17734403.3649334,270.31236,11535110.5921176,0.30087382752624325,30009.0,115496848.74536,1566.994,66852176.74446,0.15764503483296521,-0.00038924088092430817,-0.00016266679169518738
2024-01-31 12:45:00+00:00,15773.0,12067699.424474,168.60409,7194571.2222242,0.19236831630612028,19056.0,65507619.1207,746.836,31858240.1947,-0.027342448944752018,-0.0003773757429688765,1.1865137954814031e-05
2024-01-31 13:00:00+00:00,8932.0,8757195.6624998,73.54712,3136453.1584077,-0.2836854903588215,15406.0,49208745.3044,441.029,18802118.2973,-0.23582208077071987,-0.00016917256005110422,0.00020820318291825402
2024-01-31 13:15:00+00:00,9731.0,9437503.1178936,67.52912,2875126.2900859,-0.3907019146548134,22360.0,78942826.63489,852.806,36292597.106,-0.08053464379093,-0.00020496061161298242,-3.578805156223552e-05
2024-01-31 13:30:00+00:00,11635.0,12642203.9833646,149.3665,6357593.847897,0.005773021264760203,25387.0,68081027.5519,746.158,31752776.6759,-0.06720630349787227,-0.00018988558510567348,1.5075026507105349e-05
2024-01-31 13:45:00+00:00,40786.0,29131594.5899777,406.65017,17384100.1744176,0.19348771799799414,87864.0,380431443.506,5159.069,220635113.54983,0.1599204919366779,-0.0003347698324700889,-0.00014488424736391892
2024-01-31 14:00:00+00:00,20904.0,17109013.9058905,229.7806,9828480.4912406,0.14892425072572202,42275.0,142119627.24809,2045.969,87483496.64139,0.23112476911686697,-0.00037199773491667916,-3.7227902446090866e-05
2024-01-31 14:15:00+00:00,19854.0,19645343.7513724,226.58783,9669023.5784485,-0.015642210101512344,48312.0,166840238.27027,1793.584,76497260.2908,-0.08298788009545299,-0.00030160585409653973,7.039188082025305e-05
2024-01-31 14:30:00+00:00,12351.0,11532030.2368216,151.38614,6460078.070392,0.12037133752304374,24478.0,72309374.55348,1010.16,43096743.63578,0.192009857695717,-0.00034301964153040233,-4.141378743405255e-05
2024-01-31 14:45:00+00:00,33098.0,37812986.0068285,529.18163,22693066.4326157,0.20027899560842122,84054.0,341738841.01569,4286.913,183776643.68439,0.07553852022312202,-0.00038488429847278853,-4.186465694289154e-05
2024-01-31 15:00:00+00:00,20799.0,16697808.4755905,221.20094,9489534.2528877,0.1366203255666596,46372.0,137250075.28501,1682.055,72151042.12262,0.051380729267987535,-0.000421710246531363,-3.682594805809458e-05
2024-01-31 15:15:00+00:00,17005.0,19794219.6054554,208.18628,8927037.9372373,-0.09801567172903769,45834.0,165821097.18771,1778.813,76238628.78712,-0.08047130214296383,-0.0003715871546335482,5.0123091897447125e-05
2024-01-31 15:30:00+00:00,27651.0,27619549.2097626,310.97124,13330454.6386476,-0.034708746518156586,69831.0,270952480.04894,3401.117,145805435.96379,0.07624359767775002,-0.00029760244253659006,7.398471209718593e-05
2024-01-31 15:45:00+00:00,63846.0,62298864.850058,833.71887,36066257.8961101,0.1578463903929872,187134.0,798558609.52811,10324.176,446558261.31561,0.11841073651311174,-0.00028127514658428995,1.6327295952578424e-05
2024-01-31 16:00:00+00:00,24449.0,31708222.1762168,347.45627,15068376.965007,-0.04956027611606373,86822.0,291245435.0917,3191.082,138346203.5834,-0.049968261031517636,-0.00044519849552364187,-0.00016392334893922111
2024-01-31 16:15:00+00:00,41534.0,41497243.2114392,530.74396,23064692.9363245,0.1116253105684113,111045.0,399448759.565,5051.692,219535054.6159,0.09919006810772846,-0.00028021188247251617,0.00016498661305064388
2024-01-31 16:30:00+00:00,19731.0,19701890.4120684,214.40115,9317603.369903,-0.05414118391446354,51077.0,141902420.47431,1527.801,66369900.4305,-0.06456986133628928,-0.00013760415540247666,0.0001426077270689774
2024-01-31 16:45:00+00:00,17357.0,20667314.6425847,198.03931,8588274.8263755,-0.1689026876593358,44412.0,128537315.6649,1194.822,51802289.4257,-0.19397275168325645,-0.00034401324432614737,-0.0002064090889231096
2024-01-31 17:00:00+00:00,15449.0,17953232.7270188,250.32295,10878786.4294279,0.21190279152966363,37782.0,107092212.97823,1314.643,57120225.36933,0.06674843633946659,-0.00034761799778151425,-3.6047534539562776e-06
2024-01-31 17:15:00+00:00,19707.0,26569645.4077535,261.30247,11367358.588116,-0.1443349420990918,42291.0,137926661.6406,1324.565,57605720.0797,-0.16469057694146028,-0.00046049973544925023,-0.00011288173766921261
2024-01-31 17:30:00+00:00,16859.0,19393157.3419115,247.25271,10765035.9522696,0.11018910046222907,41165.0,146934784.4563,2024.08,88105951.8436,0.19925247339650443,-0.00027327204401876977,0.00018722769143053597
2024-01-31 17:45:00+00:00,15779.0,17342708.1275269,209.58825,9132577.30711,0.05318929892090862,45984.0,157450379.2683,1957.401,85289419.26107,0.08338156640111194,-0.00016898958504144165,0.00010428245897919908
2024-01-31 18:00:00+00:00,20475.0,20037843.9366414,262.14367,11438499.6273489,0.14168966117480797,50833.0,210858537.38537,3148.02,137383765.10927,0.30308942490845636,-0.00022969561771286247,-6.070603267183117e-05
2024-01-31 18:15:00+00:00,18836.0,21247556.6335846,240.8157,10505618.6193187,-0.011122191554659322,56958.0,174419648.1951,1706.008,74380181.4922,-0.14711235503696451,-0.00028019879381154005,-5.0503176099780944e-05
2024-01-31 18:30:00+00:00,12176.0,14047820.5748398,179.83908,7846982.8857683,0.11718153630500594,28142.0,89155590.67017,1238.046,54007584.58707,0.21153556790107286,-0.0002040752996836133,7.612349412688957e-05
2024-01-31 18:45:00+00:00,14245.0,14696998.1295961,129.99558,5662537.9853039,-0.2294293112957595,33341.0,96041033.82213,928.455,40427438.8592,-0.15812153929803663,-0.00015216358488153388,5.191171480234402e-05
2024-01-31 19:00:00+00:00,12172.0,15373357.8415445,205.89173,8959606.6064599,0.16560177663304354,31228.0,76855052.9248,906.366,39424030.9106,0.025932047673561387,-0.0003075389119571053,-0.00015537532707554647
2024-01-31 19:15:00+00:00,22586.0,22069016.0451156,233.1701,10135878.1551751,-0.0814381452753159,72561.0,214556518.09271,2078.076,90297182.81363,-0.15829000567009077,-0.0003273262088431035,-1.9787296885453998e-05
2024-01-31 19:30:00+00:00,31345.0,31127255.2980842,313.87191,13567545.239026,-0.12825303040059255,103392.0,416596586.81234,4342.373,187653557.2278,-0.09911140336668012,-0.00029193156960674946,3.5394639235519776e-05
2024-01-31 19:45:00+00:00,36882.0,35035885.8528807,446.82647,19319328.8556543,0.10283090524830185,110693.0,416583969.23775,5327.181,230228675.22079,0.10531701756096834,-0.00032250260454281556,-3.0571034933757346e-05
2024-01-31 20:00:00+00:00,21581.0,22173085.4653464,250.01773,10840924.9640893,-0.022154586376151197,58126.0,188324258.55646,1940.094,84097335.11426,-0.10688792024053073,-0.0004209989924968621,-9.849638795600413e-05
2024-01-31 20:15:00+00:00,52448.0,76053710.2741514,847.92553,36380309.9384481,-0.04329953641163031,159397.0,753953482.01478,7763.423,333093028.14582,-0.11640960326703476,-0.00047834108868892363,-5.7342096191348446e-05
2024-01-31 20:30:00+00:00,26232.0,34291697.348152,422.27588,18150760.62587,0.05860963612220593,72325.0,241997502.38064,2940.206,126346306.23884,0.0441951259489346,-0.00035171679652181104,0.00012662429216803162
2024-01-31 20:45:00+00:00,22862.0,23279286.514483,270.44441,11582582.9727319,-0.0049022365418374125,56533.0,178420517.67331,1914.25,81980297.8386,-0.08104405359133804,-0.0002112008248191033,0.000140515971702726
2024-01-31 21:00:00+00:00,28580.0,34803999.7442133,392.82403,16771730.711924,-0.03621820278213517,91825.0,323158968.72577,3247.175,138537323.6331,-0.14260573253245146,-0.00016879188541347266,4.2408939403770773e-05
2024-01-31 21:15:00+00:00,21454.0,27656323.4695612,373.50847,15904908.554773,0.15018242191722164,67678.0,189130702.90372,2280.866,97091517.29719,0.02671344003428122,-0.00021458134299913404,-4.578945758382247e-05
2024-01-31 21:30:00+00:00,33238.0,54880690.4572895,585.42713,24861237.1731652,-0.09398963584420372,98374.0,427417774.01811,4288.603,182126307.41668,-0.14778318316278916,-0.000373338173648252,-0.0001587568306486986
2024-01-31 21:45:00+00:00,18549.0,25295307.8892053,347.42563,14723609.355434,0.16413758788184252,56745.0,178439111.4,2432.819,103034418.9211,0.15484120171537685,-0.00039672704250466503,-2.3388868857665557e-05
2024-01-31 22:00:00+00:00,13883.0,20291907.4348182,311.72396,13224781.576641,0.30345376541084,34878.0,92416046.67231,1171.802,49694510.12901,0.07545197870706222,-0.00033710013228837785,5.962691021643707e-05
2024-01-31 22:15:00+00:00,13113.0,16088318.0609501,203.74878,8651858.9257039,0.07554548498191016,32391.0,89697519.3095,1270.461,53941095.3984,0.20273327096766258,-0.0003848759551412967,-4.777582285342419e-05
2024-01-31 22:30:00+00:00,14766.0,23175514.147375,305.56263,13012181.9945393,0.12292498986592193,39352.0,144632762.95619,1954.635,83217004.64379,0.15073518534658525,-0.0005049882374594838,-0.00012011228231756377
2024-01-31 22:45:00+00:00,8185.0,12003544.9581758,195.3164,8327341.9750967,0.3874804491692794,21103.0,56306276.0512,695.03,29614545.0248,0.05190920450399239,-0.0005519149853135213,-4.6926747852893413e-05
2024-01-31 23:00:00+00:00,7743.0,8261517.6049615,111.25289,4745436.078331,0.1488049303389738,17265.0,53153875.0147,628.983,26818271.6897,0.009080586590658024,-0.0004987638287881376,5.3151156524933185e-05
2024-01-31 23:15:00+00:00,11356.0,29824597.2181365,319.77722,13632498.4690764,-0.08582178868210133,29661.0,138138806.5666,1444.142,61540265.1096,-0.10900829912802268,-0.00038257178178958,0.00011619204699897523
2024-01-31 23:30:00+00:00,7533.0,9581903.0788976,126.49664,5390685.7885238,0.1251806126897288,17699.0,51403437.3286,660.168,28122198.6865,0.09417580410924353,-0.00039338969767701345,-1.081791588930514e-05
2024-01-31 23:45:00+00:00,7621.0,7715783.0868161,102.51531,4370194.2967081,0.13279345661632647,16478.0,51583798.5601,617.511,26321570.3127,0.020536333012889152,-0.0003987187078295302,-5.329010152266278e-06
2024-02-01 00:00:00+00:00,6137.0,6499700.1723201,67.36985,2871292.7560227,-0.11648455162577809,13387.0,36314420.8204,320.844,13667755.5529,-0.24725465839058636,-0.00045806638065234046,-5.934767282234077e-05
